territory,tier,state,county,major_city,zipcode,population,median_household_income,income_factor,target_clinics,npi_providers,npi_locations,our_accts,open_clinics,annual_potential,current_owner
DC / NoVA,1,VA,Prince William County,Woodbridge,22193,73047,90378,1.25683360635896,9,,,0,9,31500,Jim & Anne Weeks
DC / NoVA,1,VA,Loudoun County,Ashburn,20147,54086,122115,1.4609351167206652,8,10,5,0,8,28000,Jim & Anne Weeks
DC / NoVA,1,VA,Fairfax County,Herndon,20171,45887,141433,1.5,7,1,1,0,7,24500,Jim & Anne Weeks
DC / NoVA,1,VA,Fairfax County,Annandale,22003,55990,93823,1.2805633829257836,7,7,6,0,7,24500,Jim & Anne Weeks
DC / NoVA,1,VA,Fairfax County,Fairfax,22030,55066,102140,1.3361165647338704,7,15,9,0,7,24500,Jim & Anne Weeks
DC / NoVA,1,VA,Prince William County,Woodbridge,22191,57598,79198,1.1765314171506183,7,10,7,0,7,24500,Jim & Anne Weeks
DC / NoVA,1,VA,Prince William County,Woodbridge,22192,53394,98169,1.3098863154809097,7,3,1,0,7,24500,Jim & Anne Weeks
DC / NoVA,1,DC,District of Columbia,Washington,20002,52370,65000,1.0658672048782838,6,2,1,0,6,21000,Jim & Anne Weeks
DC / NoVA,1,DC,District of Columbia,Washington,20009,47992,88684,1.2449991592509584,6,1,1,0,6,21000,Jim & Anne Weeks
DC / NoVA,1,DC,District of Columbia,Washington,20011,58536,54488,0.9758809833638585,6,,,0,6,21000,Jim & Anne Weeks
DC / NoVA,1,VA,Fairfax County,Centreville,20120,40695,111272,1.3945669499038285,6,,,0,6,21000,Jim & Anne Weeks
DC / NoVA,1,VA,Fairfax County,Herndon,20170,41236,104371,1.3506298501215823,6,2,2,0,6,21000,Jim & Anne Weeks
DC / NoVA,1,VA,Loudoun County,Leesburg,20176,46506,113668,1.409501462434446,7,25,15,1,6,21000,Jim & Anne Weeks
DC / NoVA,1,VA,Fairfax County,Burke,22015,43102,120575,1.451693916291244,6,4,2,0,6,21000,Jim & Anne Weeks
DC / NoVA,1,DC,District of Columbia,Washington,20001,38551,78848,1.173928813827944,5,1,1,0,5,17500,Jim & Anne Weeks
DC / NoVA,1,VA,Manassas city,Manassas,20110,43876,75584,1.1493739697720031,5,2,2,0,5,17500,Jim & Anne Weeks
DC / NoVA,1,VA,Loudoun County,Sterling,20165,32383,129827,1.5,5,3,2,0,5,17500,Jim & Anne Weeks
DC / NoVA,1,VA,Fairfax County,Fairfax,22033,37691,103052,1.3420683481937543,5,11,8,0,5,17500,Jim & Anne Weeks
DC / NoVA,1,VA,Fairfax County,Springfield,22153,31285,135641,1.5,5,,,0,5,17500,Jim & Anne Weeks
DC / NoVA,1,VA,Arlington County,Arlington,22201,33476,113683,1.409594460571448,5,,,0,5,17500,Jim & Anne Weeks
DC / NoVA,1,VA,Arlington County,Arlington,22204,47233,76052,1.152926817824178,5,2,1,0,5,17500,Jim & Anne Weeks
DC / NoVA,1,VA,Arlington County,Arlington,22207,30920,169636,1.5,5,,,0,5,17500,Jim & Anne Weeks
DC / NoVA,1,VA,Alexandria city,Alexandria,22304,44300,76061,1.1529950345337605,5,16,6,0,5,17500,Jim & Anne Weeks
DC / NoVA,1,DC,District of Columbia,Washington,20008,27525,100953,1.3283301681533684,4,,,0,4,14000,Jim & Anne Weeks
DC / NoVA,1,DC,District of Columbia,Washington,20016,32519,118141,1.4369668284486474,5,27,15,1,4,14000,Jim & Anne Weeks
DC / NoVA,1,DC,District of Columbia,Washington,20019,54358,34832,0.780253323738165,4,1,1,0,4,14000,Jim & Anne Weeks
DC / NoVA,1,DC,District of Columbia,Washington,20020,49864,34685,0.7786051481010972,4,,,0,4,14000,Jim & Anne Weeks
DC / NoVA,1,VA,Prince William County,Manassas,20109,37265,65017,1.0660065784004795,4,,,0,4,14000,Jim & Anne Weeks
DC / NoVA,1,VA,Prince William County,Manassas,20111,30590,85829,1.2247951213274029,4,,,0,4,14000,Jim & Anne Weeks
DC / NoVA,1,VA,Prince William County,Manassas,20112,25833,139902,1.5,4,,,0,4,14000,Jim & Anne Weeks
DC / NoVA,1,VA,Fairfax County,Centreville,20121,27988,92115,1.268853844037355,4,3,2,0,4,14000,Jim & Anne Weeks
DC / NoVA,1,VA,Prince William County,Bristow,20136,28498,128444,1.4983157075483173,4,,,0,4,14000,Jim & Anne Weeks
DC / NoVA,1,VA,Loudoun County,Ashburn,20148,28310,161433,1.5,4,,,0,4,14000,Jim & Anne Weeks
DC / NoVA,1,VA,Loudoun County,Chantilly,20152,24946,144250,1.5,4,3,3,0,4,14000,Jim & Anne Weeks
DC / NoVA,1,VA,Prince William County,Gainesville,20155,29411,127974,1.4955718901236743,4,8,3,0,4,14000,Jim & Anne Weeks
DC / NoVA,1,VA,Loudoun County,Leesburg,20175,27169,112815,1.4042028345536324,4,1,1,0,4,14000,Jim & Anne Weeks
DC / NoVA,1,VA,Fairfax County,Reston,20191,29128,108013,1.3739927330379127,4,1,1,0,4,14000,Jim & Anne Weeks
DC / NoVA,1,VA,Fairfax County,Fairfax,22031,29795,106728,1.3657952786348186,4,39,20,0,4,14000,Jim & Anne Weeks
DC / NoVA,1,VA,Fairfax County,Fairfax,22032,29377,128483,1.4985431602810362,4,,,0,4,14000,Jim & Anne Weeks
DC / NoVA,1,VA,Fairfax County,Falls Church,22042,33537,94135,1.2826908152796663,4,6,3,0,4,14000,Jim & Anne Weeks
DC / NoVA,1,VA,Fairfax County,Lorton,22079,32059,99025,1.315584799872024,4,2,1,0,4,14000,Jim & Anne Weeks
DC / NoVA,1,VA,Fairfax County,Springfield,22152,28550,113351,1.4075346647487574,4,3,2,0,4,14000,Jim & Anne Weeks
DC / NoVA,1,VA,Fairfax County,Vienna,22180,23491,127205,1.491071648928174,4,10,6,0,4,14000,Jim & Anne Weeks
DC / NoVA,1,VA,Fairfax County,Vienna,22182,24863,160631,1.5,4,29,17,0,4,14000,Jim & Anne Weeks
DC / NoVA,1,VA,Fairfax County,Alexandria,22309,33220,81458,1.1932001325506123,4,,,0,4,14000,Jim & Anne Weeks
DC / NoVA,1,VA,Fairfax County,Alexandria,22312,30614,76845,1.158922058043203,4,1,1,0,4,14000,Jim & Anne Weeks
DC / NoVA,1,VA,Alexandria city,Alexandria,22314,29653,117037,1.4302370100207027,4,4,3,0,4,14000,Jim & Anne Weeks
DC / NoVA,1,VA,Fairfax County,Alexandria,22315,26202,128008,1.4957705479264538,4,2,2,0,4,14000,Jim & Anne Weeks
DC / NoVA,1,DC,District of Columbia,Washington,20007,26866,107511,1.370796138036636,4,14,5,1,3,10500,Jim & Anne Weeks
DC / NoVA,1,DC,District of Columbia,Washington,20010,30138,65287,1.068217719958226,3,28,8,0,3,10500,Jim & Anne Weeks
DC / NoVA,1,DC,District of Columbia,Washington,20032,35653,31184,0.7382650896089837,3,2,2,0,3,10500,Jim & Anne Weeks
DC / NoVA,1,VA,Loudoun County,Sterling,20164,37747,87288,1.2351613482805097,5,1,1,2,3,10500,Jim & Anne Weeks
DC / NoVA,1,VA,Fairfax County,Fairfax Station,22039,18364,196637,1.5,3,,,0,3,10500,Jim & Anne Weeks
DC / NoVA,1,VA,Fairfax County,Falls Church,22041,27989,73839,1.1360287560522488,3,,,0,3,10500,Jim & Anne Weeks
DC / NoVA,1,VA,Fairfax County,Falls Church,22043,24302,103972,1.3480457159338166,3,4,1,0,3,10500,Jim & Anne Weeks
DC / NoVA,1,VA,Fairfax County,Great Falls,22066,18099,214219,1.5,3,,,0,3,10500,Jim & Anne Weeks
DC / NoVA,1,VA,Fairfax County,Mc Lean,22101,29887,180540,1.5,4,26,15,1,3,10500,Jim & Anne Weeks
DC / NoVA,1,VA,Fairfax County,Oakton,22124,17558,156912,1.5,3,,,0,3,10500,Jim & Anne Weeks
DC / NoVA,1,VA,Fairfax County,Springfield,22150,27105,86486,1.229473938123089,3,1,1,0,3,10500,Jim & Anne Weeks
DC / NoVA,1,VA,Arlington County,Arlington,22202,22543,110092,1.3871527980530203,3,1,1,0,3,10500,Jim & Anne Weeks
DC / NoVA,1,VA,Arlington County,Arlington,22203,21850,95410,1.2913482235465124,3,7,4,0,3,10500,Jim & Anne Weeks
DC / NoVA,1,VA,Arlington County,Arlington,22205,17087,140819,1.5,3,9,7,0,3,10500,Jim & Anne Weeks
DC / NoVA,1,VA,Arlington County,Arlington,22206,19051,98985,1.3153190654250628,3,1,1,0,3,10500,Jim & Anne Weeks
DC / NoVA,1,VA,Fairfax County,Alexandria,22306,32326,61975,1.0407698177533482,3,5,3,0,3,10500,Jim & Anne Weeks
DC / NoVA,1,VA,Fairfax County,Alexandria,22310,29609,108482,1.376972488234357,4,3,2,1,3,10500,Jim & Anne Weeks
DC / NoVA,1,DC,District of Columbia,Washington,20003,26454,107966,1.373693765853657,4,3,2,2,2,7000,Jim & Anne Weeks
DC / NoVA,1,DC,District of Columbia,Washington,20012,13414,78356,1.1702605103123664,2,,,0,2,7000,Jim & Anne Weeks
DC / NoVA,1,DC,District of Columbia,Washington,20015,15332,159016,1.5,2,2,2,0,2,7000,Jim & Anne Weeks
DC / NoVA,1,DC,District of Columbia,Washington,20017,17735,56980,0.9979473837897226,2,2,2,0,2,7000,Jim & Anne Weeks
DC / NoVA,1,DC,District of Columbia,Washington,20018,16894,52317,0.9562420503635473,2,1,1,0,2,7000,Jim & Anne Weeks
DC / NoVA,1,VA,Fairfax County,Clifton,20124,14857,167400,1.5,2,,,0,2,7000,Jim & Anne Weeks
DC / NoVA,1,VA,Loudoun County,Purcellville,20132,15900,129180,1.5,2,,,0,2,7000,Jim & Anne Weeks
DC / NoVA,1,VA,Fairfax County,Chantilly,20151,21374,122054,1.4605701813153498,3,1,1,1,2,7000,Jim & Anne Weeks
DC / NoVA,1,VA,Prince William County,Haymarket,20169,19801,139508,1.5,3,,,1,2,7000,Jim & Anne Weeks
DC / NoVA,1,VA,Fauquier County,Warrenton,20187,15252,116206,1.425150395494308,2,,,0,2,7000,Jim & Anne Weeks
DC / NoVA,1,VA,Fairfax County,Reston,20190,17529,94806,1.2872542466519903,2,21,13,0,2,7000,Jim & Anne Weeks
DC / NoVA,1,VA,Fairfax County,Reston,20194,13165,131926,1.5,2,,,0,2,7000,Jim & Anne Weeks
DC / NoVA,1,VA,Prince William County,Dumfries,22025,17379,115000,1.417735916170732,2,1,1,0,2,7000,Jim & Anne Weeks
DC / NoVA,1,VA,Prince William County,Dumfries,22026,14258,77264,1.1620772940311894,2,,,0,2,7000,Jim & Anne Weeks
DC / NoVA,1,VA,Fairfax County,Falls Church,22044,14092,72977,1.1293782626471578,2,2,2,0,2,7000,Jim & Anne Weeks
DC / NoVA,1,VA,Falls Church city,Falls Church,22046,16235,126711,1.4881735477454494,2,5,3,0,2,7000,Jim & Anne Weeks
DC / NoVA,1,VA,Fairfax County,Springfield,22151,17456,99527,1.318915214878936,2,5,5,0,2,7000,Jim & Anne Weeks
DC / NoVA,1,VA,Fairfax County,Vienna,22181,14879,150929,1.5,2,,,0,2,7000,Jim & Anne Weeks
DC / NoVA,1,VA,Alexandria city,Alexandria,22301,11162,119443,1.4448633430603905,2,,,0,2,7000,Jim & Anne Weeks
DC / NoVA,1,VA,Fairfax County,Alexandria,22303,12601,83281,1.206477944932585,2,,,0,2,7000,Jim & Anne Weeks
DC / NoVA,1,VA,Alexandria city,Alexandria,22305,15440,78220,1.1692444774007453,2,,,0,2,7000,Jim & Anne Weeks
DC / NoVA,1,VA,Fairfax County,Alexandria,22308,12737,163632,1.5,2,,,0,2,7000,Jim & Anne Weeks
DC / NoVA,1,VA,Alexandria city,Alexandria,22311,17560,66319,1.0766273446513335,2,6,4,0,2,7000,Jim & Anne Weeks
DC / NoVA,1,DC,District of Columbia,Washington,20005,12775,81864,1.1961699889325388,2,5,3,1,1,3500,Jim & Anne Weeks
DC / NoVA,1,DC,District of Columbia,Washington,20024,11510,72870,1.1285500030431272,1,,,0,1,3500,Jim & Anne Weeks
DC / NoVA,1,VA,Loudoun County,Aldie,20105,11315,127464,1.492588850215133,2,4,2,1,1,3500,Jim & Anne Weeks
DC / NoVA,1,VA,Culpeper County,Amissville,20106,5142,80031,1.1827025774415991,1,,,0,1,3500,Jim & Anne Weeks
DC / NoVA,1,VA,Fauquier County,Marshall,20115,5838,70845,1.1127587649941215,1,,,0,1,3500,Jim & Anne Weeks
DC / NoVA,1,VA,Fauquier County,Catlett,20119,3946,111339,1.3949867407081993,1,,,0,1,3500,Jim & Anne Weeks
DC / NoVA,1,VA,Loudoun County,Round Hill,20141,6131,124180,1.473235750770621,1,,,0,1,3500,Jim & Anne Weeks
DC / NoVA,1,VA,Loudoun County,Hamilton,20158,4288,120991,1.454196029820943,1,,,0,1,3500,Jim & Anne Weeks
DC / NoVA,1,VA,Loudoun County,Sterling,20166,9521,106797,1.3662367028512892,1,7,5,0,1,3500,Jim & Anne Weeks
DC / NoVA,1,VA,Loudoun County,Lovettsville,20180,6549,123594,1.4697555726100069,1,,,0,1,3500,Jim & Anne Weeks
DC / NoVA,1,VA,Prince William County,Nokesville,20181,7877,108438,1.3766932117913195,1,,,0,1,3500,Jim & Anne Weeks
DC / NoVA,1,VA,Fauquier County,Warrenton,20186,14557,78161,1.1688034237207106,2,7,4,1,1,3500,Jim & Anne Weeks
DC / NoVA,1,VA,Fairfax County,Fort Belvoir,22060,8878,78506,1.1713801128093546,1,5,2,0,1,3500,Jim & Anne Weeks
DC / NoVA,1,VA,Fairfax County,Mc Lean,22102,21985,112427,1.4017860461807388,3,16,10,2,1,3500,Jim & Anne Weeks
DC / NoVA,1,VA,Prince William County,Quantico,22134,6862,58461,1.0108333022078764,1,,,0,1,3500,Jim & Anne Weeks
DC / NoVA,1,VA,Prince William County,Triangle,22172,8699,62042,1.0413322440671637,1,,,0,1,3500,Jim & Anne Weeks
DC / NoVA,1,VA,Arlington County,Arlington,22209,12314,93906,1.2811296793812115,2,5,4,1,1,3500,Jim & Anne Weeks
DC / NoVA,1,VA,Alexandria city,Alexandria,22302,16485,94446,1.284807923181793,2,1,1,1,1,3500,Jim & Anne Weeks
DC / NoVA,1,VA,Fairfax County,Alexandria,22307,9581,103143,1.3426607737181129,1,1,1,0,1,3500,Jim & Anne Weeks
DC / NoVA,1,DC,District of Columbia,Washington,20004,1622,126765,1.4884906189214657,0,,,0,0,0,Jim & Anne Weeks
DC / NoVA,1,DC,District of Columbia,Washington,20006,3227,30208,0.7266201008878325,0,10,6,0,0,0,Jim & Anne Weeks
DC / NoVA,1,DC,District of Columbia,Washington,20036,5435,78935,1.1745762852258375,1,13,8,4,0,0,Jim & Anne Weeks
DC / NoVA,1,DC,District of Columbia,Washington,20037,14642,76948,1.159698484612271,2,44,24,2,0,0,Jim & Anne Weeks
DC / NoVA,1,VA,Loudoun County,Middleburg,20117,2693,103214,1.3431228143573857,0,1,1,0,0,0,Jim & Anne Weeks
DC / NoVA,1,VA,Loudoun County,Paeonian Springs,20129,618,180481,1.5,0,,,0,0,0,Jim & Anne Weeks
DC / NoVA,1,VA,Clarke County,Paris,20130,281,51458,0.9483592244395301,0,,,0,0,0,Jim & Anne Weeks
DC / NoVA,1,VA,Clarke County,Bluemont,20135,2834,90083,1.2547807341997381,0,,,0,0,0,Jim & Anne Weeks
DC / NoVA,1,VA,Fauquier County,Broad Run,20137,1510,108333,1.3760265276186399,0,,,0,0,0,Jim & Anne Weeks
DC / NoVA,1,VA,Prince William County,Catharpin,20143,1216,139938,1.5,0,,,0,0,0,Jim & Anne Weeks
DC / NoVA,1,VA,Fauquier County,Delaplane,20144,1012,115667,1.4218414059742626,0,,,0,0,0,Jim & Anne Weeks
DC / NoVA,1,VA,Fauquier County,Upperville,20184,839,174526,1.5,0,,,0,0,0,Jim & Anne Weeks
DC / NoVA,1,VA,Loudoun County,Waterford,20197,1840,136677,1.5,0,,,0,0,0,Jim & Anne Weeks
DC / NoVA,1,VA,Fauquier County,The Plains,20198,2492,61837,1.039610428666785,0,,,0,0,0,Jim & Anne Weeks
DC / NoVA,1,VA,Fairfax County,Dunn Loring,22027,2362,187768,1.5,0,,,0,0,0,Jim & Anne Weeks
DC / NoVA,1,VA,Arlington County,Arlington,22213,2936,141458,1.5,0,,,0,0,0,Jim & Anne Weeks
Dallas (DFW),1,TX,Dallas County,Grand Prairie,75052,88996,66744,1.0800715754996457,10,3,2,0,10,35000,Jamie Bergeron
Dallas (DFW),1,TX,Collin County,Mckinney,75070,74734,98524,1.3122525920393786,10,10,8,2,8,28000,Jamie Bergeron
Dallas (DFW),1,TX,Collin County,Allen,75002,63140,91632,1.2655228887660508,8,,,1,7,24500,Jamie Bergeron
Dallas (DFW),1,TX,Tarrant County,Mansfield,76063,61361,92052,1.2684198676775447,8,6,4,1,7,24500,Jamie Bergeron
Dallas (DFW),1,TX,Denton County,Carrollton,75007,51624,78934,1.17456884505351,6,,,0,6,21000,Jamie Bergeron
Dallas (DFW),1,TX,Collin County,Plano,75025,50926,104168,1.3493157336173816,7,2,2,1,6,21000,Jamie Bergeron
Dallas (DFW),1,TX,Dallas County,Garland,75040,59406,54664,0.9774557941611896,6,1,1,0,6,21000,Jamie Bergeron
Dallas (DFW),1,TX,Dallas County,Garland,75043,58094,55149,0.98178240011016,6,5,3,0,6,21000,Jamie Bergeron
Dallas (DFW),1,TX,Collin County,Wylie,75098,48197,81413,1.1928705060953555,6,,,0,6,21000,Jamie Bergeron
Dallas (DFW),1,TX,Dallas County,Dallas,75211,73146,36704,0.8009457838576736,6,,,0,6,21000,Jamie Bergeron
Dallas (DFW),1,TX,Dallas County,Dallas,75217,80324,34480,0.7763008292590658,6,,,0,6,21000,Jamie Bergeron
Dallas (DFW),1,TX,Johnson County,Burleson,76028,59744,69676,1.1035398655889161,7,6,4,1,6,21000,Jamie Bergeron
Dallas (DFW),1,TX,Tarrant County,Fort Worth,76137,54911,66306,1.0765218180191678,6,2,2,0,6,21000,Jamie Bergeron
Dallas (DFW),1,TX,Tarrant County,Fort Worth,76179,48058,75472,1.1485220857237473,6,,,0,6,21000,Jamie Bergeron
Dallas (DFW),1,TX,Tarrant County,Keller,76244,60388,93705,1.279757855388492,8,8,3,2,6,21000,Jamie Bergeron
Dallas (DFW),1,TX,Dallas County,Carrollton,75006,46364,56985,0.9979911678144795,5,1,1,0,5,17500,Jamie Bergeron
Dallas (DFW),1,TX,Collin County,Plano,75023,45452,74777,1.143221649726888,5,1,1,0,5,17500,Jamie Bergeron
Dallas (DFW),1,TX,Denton County,Flower Mound,75028,42226,111391,1.395312461447411,6,12,6,1,5,17500,Jamie Bergeron
Dallas (DFW),1,TX,Denton County,The Colony,75056,47852,79251,1.1769250239100963,6,3,2,1,5,17500,Jamie Bergeron
Dallas (DFW),1,TX,Denton County,Lewisville,75067,60982,56555,0.9942186941822437,6,,,1,5,17500,Jamie Bergeron
Dallas (DFW),1,TX,Denton County,Lewisville,75077,35330,99629,1.3195908853078153,5,,,0,5,17500,Jamie Bergeron
Dallas (DFW),1,TX,Dallas County,Desoto,75115,48877,61729,1.0387021779975605,5,1,1,0,5,17500,Jamie Bergeron
Dallas (DFW),1,TX,Dallas County,Mesquite,75149,56065,47739,0.9134464246711305,5,,,0,5,17500,Jamie Bergeron
Dallas (DFW),1,TX,Dallas County,Mesquite,75150,58730,45999,0.8966451768428773,5,7,4,0,5,17500,Jamie Bergeron
Dallas (DFW),1,TX,Dallas County,Dallas,75228,66551,36274,0.7962402837743896,5,,,0,5,17500,Jamie Bergeron
Dallas (DFW),1,TX,Tarrant County,Arlington,76017,44724,68538,1.094490849755764,5,3,3,0,5,17500,Jamie Bergeron
Dallas (DFW),1,TX,Tarrant County,Fort Worth,76133,48394,51123,0.9452671969562144,5,1,1,0,5,17500,Jamie Bergeron
Dallas (DFW),1,TX,Dallas County,Garland,75044,40811,64302,1.060128871086111,4,,,0,4,14000,Jamie Bergeron
Dallas (DFW),1,TX,Dallas County,Grand Prairie,75050,41041,44548,0.8823898970713605,4,,,0,4,14000,Jamie Bergeron
Dallas (DFW),1,TX,Dallas County,Irving,75060,45980,45775,0.8944593289619945,4,,,0,4,14000,Jamie Bergeron
Dallas (DFW),1,TX,Dallas County,Irving,75061,53442,40084,0.8370125085074926,4,6,4,0,4,14000,Jamie Bergeron
Dallas (DFW),1,TX,Denton County,Little Elm,75068,34934,85446,1.2220593267713873,4,1,1,0,4,14000,Jamie Bergeron
Dallas (DFW),1,TX,Collin County,Plano,75074,44622,54518,0.9761495966443621,4,,,0,4,14000,Jamie Bergeron
Dallas (DFW),1,TX,Dallas County,Richardson,75081,34156,63470,1.053248066796395,4,3,2,0,4,14000,Jamie Bergeron
Dallas (DFW),1,TX,Dallas County,Rowlett,75089,30251,86134,1.2269693935986166,4,,,0,4,14000,Jamie Bergeron
Dallas (DFW),1,TX,Dallas County,Cedar Hill,75104,45373,67691,1.0877069074113008,5,5,4,1,4,14000,Jamie Bergeron
Dallas (DFW),1,TX,Kaufman County,Forney,75126,33396,85677,1.2237101071943177,4,1,1,0,4,14000,Jamie Bergeron
Dallas (DFW),1,TX,Dallas County,Dallas,75214,32950,69168,1.0995096126417534,4,3,2,0,4,14000,Jamie Bergeron
Dallas (DFW),1,TX,Dallas County,Dallas,75227,55029,37720,0.8119555665085082,4,,,0,4,14000,Jamie Bergeron
Dallas (DFW),1,TX,Dallas County,Dallas,75229,31571,70625,1.1110296572374452,4,,,0,4,14000,Jamie Bergeron
Dallas (DFW),1,TX,Dallas County,Dallas,75243,55406,35944,0.7926101404789045,4,6,6,0,4,14000,Jamie Bergeron
Dallas (DFW),1,TX,Denton County,Dallas,75287,49004,46828,0.9046888261285143,4,3,2,0,4,14000,Jamie Bergeron
Dallas (DFW),1,TX,Tarrant County,Arlington,76002,30269,79376,1.177852820805594,4,,,0,4,14000,Jamie Bergeron
Dallas (DFW),1,TX,Tarrant County,Arlington,76010,55706,31108,0.7373649104388013,4,1,1,0,4,14000,Jamie Bergeron
Dallas (DFW),1,TX,Tarrant County,Arlington,76016,30852,81635,1.194495780742427,4,1,1,0,4,14000,Jamie Bergeron
Dallas (DFW),1,TX,Tarrant County,Fort Worth,76108,38227,58528,1.0114123757598072,4,,,0,4,14000,Jamie Bergeron
Dallas (DFW),1,TX,Tarrant County,Fort Worth,76116,46746,41573,0.8524170034639523,4,,,0,4,14000,Jamie Bergeron
Dallas (DFW),1,TX,Tarrant County,Fort Worth,76123,29722,81008,1.189899758909426,4,,,0,4,14000,Jamie Bergeron
Dallas (DFW),1,TX,Tarrant County,Keller,76248,34647,111606,1.396658385095498,5,,,1,4,14000,Jamie Bergeron
Dallas (DFW),1,TX,Dallas County,Coppell,75019,38666,110445,1.3893749079665485,5,5,4,2,3,10500,Jamie Bergeron
Dallas (DFW),1,TX,Collin County,Frisco,75035,47553,102913,1.3411629293360745,6,9,7,3,3,10500,Jamie Bergeron
Dallas (DFW),1,TX,Dallas County,Garland,75041,30700,40136,0.8375552505457496,3,,,0,3,10500,Jamie Bergeron
Dallas (DFW),1,TX,Dallas County,Garland,75042,37881,39811,0.8341573192297591,3,5,2,0,3,10500,Jamie Bergeron
Dallas (DFW),1,TX,Dallas County,Sachse,75048,20328,87171,1.2343332714745008,3,,,0,3,10500,Jamie Bergeron
Dallas (DFW),1,TX,Dallas County,Grand Prairie,75051,39285,40107,0.8372526108789423,3,,,0,3,10500,Jamie Bergeron
Dallas (DFW),1,TX,Dallas County,Irving,75062,44537,45872,0.8954065342024808,4,,,1,3,10500,Jamie Bergeron
Dallas (DFW),1,TX,Collin County,Mckinney,75069,34108,45907,0.8957480633823297,3,3,1,0,3,10500,Jamie Bergeron
Dallas (DFW),1,TX,Dallas County,Richardson,75080,44009,60440,1.0278000851812958,5,9,7,2,3,10500,Jamie Bergeron
Dallas (DFW),1,TX,Collin County,Richardson,75082,21182,111726,1.3974090346095953,3,7,4,0,3,10500,Jamie Bergeron
Dallas (DFW),1,TX,Dallas County,Rowlett,75088,24712,81425,1.1929584153889379,3,2,1,0,3,10500,Jamie Bergeron
Dallas (DFW),1,TX,Collin County,Plano,75094,20579,116344,1.4259963604200339,3,1,1,0,3,10500,Jamie Bergeron
Dallas (DFW),1,TX,Dallas County,Mesquite,75181,25908,73879,1.1363364186548244,3,,,0,3,10500,Jamie Bergeron
Dallas (DFW),1,TX,Rockwall County,Royse City,75189,22406,73146,1.1306852124600566,3,,,0,3,10500,Jamie Bergeron
Dallas (DFW),1,TX,Dallas County,Dallas,75206,36248,52192,0.9550990018367559,3,1,1,0,3,10500,Jamie Bergeron
Dallas (DFW),1,TX,Dallas County,Dallas,75216,49416,23294,0.638070192619854,3,,,0,3,10500,Jamie Bergeron
Dallas (DFW),1,TX,Dallas County,Dallas,75220,41891,35827,0.7913190908684092,3,,,0,3,10500,Jamie Bergeron
Dallas (DFW),1,TX,Dallas County,Dallas,75234,28794,53305,0.9652290748520237,3,5,4,0,3,10500,Jamie Bergeron
Dallas (DFW),1,TX,Dallas County,Dallas,75238,30483,52779,0.9604549523453276,3,,,0,3,10500,Jamie Bergeron
Dallas (DFW),1,TX,Dallas County,Dallas,75248,33395,72111,1.1226572377728827,4,2,1,1,3,10500,Jamie Bergeron
Dallas (DFW),1,TX,Tarrant County,Arlington,76012,25689,56627,0.9948513612957567,3,17,10,0,3,10500,Jamie Bergeron
Dallas (DFW),1,TX,Tarrant County,Arlington,76013,30680,50220,0.9368817424710054,3,3,2,0,3,10500,Jamie Bergeron
Dallas (DFW),1,TX,Tarrant County,Arlington,76014,34072,42558,0.8624561564026907,3,7,4,0,3,10500,Jamie Bergeron
Dallas (DFW),1,TX,Tarrant County,Arlington,76018,26938,64403,1.0609611236110559,3,,,0,3,10500,Jamie Bergeron
Dallas (DFW),1,TX,Tarrant County,Azle,76020,27270,57457,1.002115765808924,3,,,0,3,10500,Jamie Bergeron
Dallas (DFW),1,TX,Tarrant County,Bedford,76021,33673,65134,1.066965302345995,4,1,1,1,3,10500,Jamie Bergeron
Dallas (DFW),1,TX,Tarrant County,Colleyville,76034,22748,152986,1.5,3,7,6,0,3,10500,Jamie Bergeron
Dallas (DFW),1,TX,Tarrant County,Euless,76039,32925,58320,1.0096135699192565,3,,,0,3,10500,Jamie Bergeron
Dallas (DFW),1,TX,Hood County,Granbury,76049,25130,64254,1.0597331160107857,3,,,0,3,10500,Jamie Bergeron
Dallas (DFW),1,TX,Tarrant County,Grapevine,76051,46320,76216,1.1541692452024357,5,12,8,2,3,10500,Jamie Bergeron
Dallas (DFW),1,TX,Tarrant County,Hurst,76053,28421,44977,0.8866284518236923,3,1,1,0,3,10500,Jamie Bergeron
Dallas (DFW),1,TX,Ellis County,Midlothian,76065,28986,81793,1.1956511620271555,3,1,1,0,3,10500,Jamie Bergeron
Dallas (DFW),1,TX,Parker County,Weatherford,76087,24746,74898,1.1441462248330918,3,,,0,3,10500,Jamie Bergeron
Dallas (DFW),1,TX,Tarrant County,Fort Worth,76106,35389,31391,0.7407113457790164,3,,,0,3,10500,Jamie Bergeron
Dallas (DFW),1,TX,Tarrant County,Fort Worth,76110,30434,39600,0.831943847754049,3,1,1,0,3,10500,Jamie Bergeron
Dallas (DFW),1,TX,Tarrant County,Fort Worth,76112,38993,36820,0.8022104473590299,3,1,1,0,3,10500,Jamie Bergeron
Dallas (DFW),1,TX,Tarrant County,Haltom City,76117,30645,39054,0.8261885701635904,3,,,0,3,10500,Jamie Bergeron
Dallas (DFW),1,TX,Tarrant County,Fort Worth,76119,42761,28660,0.7077575559376943,3,,,0,3,10500,Jamie Bergeron
Dallas (DFW),1,TX,Tarrant County,Fort Worth,76131,28374,77413,1.1631972601184015,3,2,1,0,3,10500,Jamie Bergeron
Dallas (DFW),1,TX,Tarrant County,North Richland Hills,76180,33444,52086,0.9541286237100786,3,2,2,0,3,10500,Jamie Bergeron
Dallas (DFW),1,TX,Tarrant County,North Richland Hills,76182,28209,82038,1.1974405297056543,3,6,4,0,3,10500,Jamie Bergeron
Dallas (DFW),1,TX,Denton County,Denton,76210,39556,80407,1.1854775963523452,5,12,6,2,3,10500,Jamie Bergeron
Dallas (DFW),1,TX,Denton County,Aubrey,76227,22141,77386,1.162994393255183,3,,,0,3,10500,Jamie Bergeron
Dallas (DFW),1,TX,Denton County,Roanoke,76262,27648,88114,1.2409917087227245,3,,,0,3,10500,Jamie Bergeron
Dallas (DFW),1,TX,Denton County,Flower Mound,75022,22545,145938,1.5,3,1,1,1,2,7000,Jamie Bergeron
Dallas (DFW),1,TX,Dallas County,Irving,75038,27802,48130,0.9171795277805064,3,2,1,1,2,7000,Jamie Bergeron
Dallas (DFW),1,TX,Dallas County,Irving,75063,35090,69114,1.0990803309511494,4,3,3,2,2,7000,Jamie Bergeron
Dallas (DFW),1,TX,Grayson County,Sherman,75090,23724,38216,0.8172765456694824,2,6,3,0,2,7000,Jamie Bergeron
Dallas (DFW),1,TX,Grayson County,Sherman,75092,22839,50771,0.9420073258448249,2,4,2,0,2,7000,Jamie Bergeron
Dallas (DFW),1,TX,Collin County,Plano,75093,47187,99225,1.3169126677849883,6,62,29,4,2,7000,Jamie Bergeron
Dallas (DFW),1,TX,Dallas County,Duncanville,75116,19669,53706,0.9688528592210524,2,2,1,0,2,7000,Jamie Bergeron
Dallas (DFW),1,TX,Ellis County,Ennis,75119,26601,44808,0.8849611415465349,2,,,0,2,7000,Jamie Bergeron
Dallas (DFW),1,TX,Dallas County,Lancaster,75134,20276,46971,0.9060691102219225,2,,,0,2,7000,Jamie Bergeron
Dallas (DFW),1,TX,Dallas County,Duncanville,75137,18861,58895,1.014578452464425,2,,,0,2,7000,Jamie Bergeron
Dallas (DFW),1,TX,Kaufman County,Kaufman,75142,18982,53809,0.9697814709581294,2,,,0,2,7000,Jamie Bergeron
Dallas (DFW),1,TX,Dallas County,Lancaster,75146,17993,59244,1.0175801068060806,2,2,1,0,2,7000,Jamie Bergeron
Dallas (DFW),1,TX,Ellis County,Red Oak,75154,36041,66162,1.0753522149743058,4,,,2,2,7000,Jamie Bergeron
Dallas (DFW),1,TX,Dallas County,Seagoville,75159,18339,45479,0.8915626674374125,2,,,0,2,7000,Jamie Bergeron
Dallas (DFW),1,TX,Kaufman County,Terrell,75160,23627,44594,0.8828453548072881,2,,,0,2,7000,Jamie Bergeron
Dallas (DFW),1,TX,Ellis County,Waxahachie,75165,37966,59385,1.0187903013156578,4,3,2,2,2,7000,Jamie Bergeron
Dallas (DFW),1,TX,Dallas County,Balch Springs,75180,23031,37787,0.8126763629956085,2,,,0,2,7000,Jamie Bergeron
Dallas (DFW),1,TX,Dallas County,Dallas,75208,30171,45170,0.8885287132048125,3,5,4,1,2,7000,Jamie Bergeron
Dallas (DFW),1,TX,Dallas County,Dallas,75212,24884,28802,0.7095087316720381,2,,,0,2,7000,Jamie Bergeron
Dallas (DFW),1,TX,Dallas County,Dallas,75224,34034,33830,0.7689487944746144,3,,,1,2,7000,Jamie Bergeron
Dallas (DFW),1,TX,Dallas County,Dallas,75232,28682,36265,0.7961414994231859,2,,,0,2,7000,Jamie Bergeron
Dallas (DFW),1,TX,Dallas County,Dallas,75241,27066,30870,0.734538791714699,2,,,0,2,7000,Jamie Bergeron
Dallas (DFW),1,TX,Collin County,Dallas,75252,24112,54650,0.9773306180177737,2,1,1,0,2,7000,Jamie Bergeron
Dallas (DFW),1,TX,Dallas County,Dallas,75254,23253,44283,0.8797614725804429,2,,,0,2,7000,Jamie Bergeron
Dallas (DFW),1,TX,Hunt County,Greenville,75402,15920,57594,1.0033097727979208,2,2,1,0,2,7000,Jamie Bergeron
Dallas (DFW),1,TX,Titus County,Mount Pleasant,75455,28293,43701,0.8739611127989436,2,3,2,0,2,7000,Jamie Bergeron
Dallas (DFW),1,TX,Hopkins County,Sulphur Springs,75482,24385,42494,0.8618074186632758,2,1,1,0,2,7000,Jamie Bergeron
Dallas (DFW),1,TX,Tarrant County,Arlington,76001,30460,74587,1.1417683267335448,3,2,1,1,2,7000,Jamie Bergeron
Dallas (DFW),1,TX,Tarrant County,Arlington,76006,22639,44363,0.880555785969415,2,1,1,0,2,7000,Jamie Bergeron
Dallas (DFW),1,TX,Parker County,Aledo,76008,13602,102951,1.3414105146150412,2,,,0,2,7000,Jamie Bergeron
Dallas (DFW),1,TX,Johnson County,Alvarado,76009,19759,51696,0.9505498373006428,2,,,0,2,7000,Jamie Bergeron
Dallas (DFW),1,TX,Tarrant County,Arlington,76015,16658,47902,0.915004531143346,2,6,5,0,2,7000,Jamie Bergeron
Dallas (DFW),1,TX,Johnson County,Cleburne,76031,17759,46714,0.9035869493515165,2,,,0,2,7000,Jamie Bergeron
Dallas (DFW),1,TX,Johnson County,Cleburne,76033,24819,53523,0.9672007964536624,2,1,1,0,2,7000,Jamie Bergeron
Dallas (DFW),1,TX,Tarrant County,Crowley,76036,22352,64852,1.0646530645405252,2,1,1,0,2,7000,Jamie Bergeron
Dallas (DFW),1,TX,Tarrant County,Euless,76040,27524,45748,0.8941954953829594,2,5,4,0,2,7000,Jamie Bergeron
Dallas (DFW),1,TX,Tarrant County,Haslet,76052,15995,93031,1.2751470371584646,2,,,0,2,7000,Jamie Bergeron
Dallas (DFW),1,TX,Johnson County,Joshua,76058,17123,56151,0.9906612346541865,2,,,0,2,7000,Jamie Bergeron
Dallas (DFW),1,TX,Palo Pinto County,Mineral Wells,76067,22117,40367,0.8399620384382533,2,,,0,2,7000,Jamie Bergeron
Dallas (DFW),1,TX,Parker County,Springtown,76082,17748,58255,1.0090507854744826,2,,,0,2,7000,Jamie Bergeron
Dallas (DFW),1,TX,Tarrant County,Fort Worth,76114,24741,37752,0.8122999073070699,2,,,0,2,7000,Jamie Bergeron
Dallas (DFW),1,TX,Tarrant County,Fort Worth,76126,19395,76330,1.1550320963741958,2,2,1,0,2,7000,Jamie Bergeron
Dallas (DFW),1,TX,Tarrant County,Fort Worth,76132,24709,49437,0.9295494018396833,2,19,10,0,2,7000,Jamie Bergeron
Dallas (DFW),1,TX,Tarrant County,Fort Worth,76134,23704,48534,0.9210208554612438,2,,,0,2,7000,Jamie Bergeron
Dallas (DFW),1,TX,Tarrant County,Fort Worth,76135,20684,52945,0.9619641733904765,2,1,1,0,2,7000,Jamie Bergeron
Dallas (DFW),1,TX,Tarrant County,Fort Worth,76140,26340,50739,0.9417104143622902,2,1,1,0,2,7000,Jamie Bergeron
Dallas (DFW),1,TX,Tarrant County,Fort Worth,76148,23331,59394,1.0188674989694049,2,,,0,2,7000,Jamie Bergeron
Dallas (DFW),1,TX,Denton County,Denton,76201,27107,22342,0.6248955690825564,2,12,7,0,2,7000,Jamie Bergeron
Dallas (DFW),1,TX,Denton County,Denton,76205,18510,41371,0.8503435674990547,2,1,1,0,2,7000,Jamie Bergeron
Dallas (DFW),1,TX,Denton County,Denton,76208,19782,70890,1.1131121152327164,2,,,0,2,7000,Jamie Bergeron
Dallas (DFW),1,TX,Denton County,Denton,76209,24018,48237,0.9181984736161037,2,,,0,2,7000,Jamie Bergeron
Dallas (DFW),1,TX,Wise County,Decatur,76234,15587,58848,1.0141735394444662,2,,,0,2,7000,Jamie Bergeron
Dallas (DFW),1,TX,Denton County,Justin,76247,13098,77968,1.1673594907718583,2,,,0,2,7000,Jamie Bergeron
Dallas (DFW),1,TX,Denton County,Carrollton,75010,21607,75696,1.150225222894925,2,5,3,1,1,3500,Jamie Bergeron
Dallas (DFW),1,TX,Collin County,Allen,75013,30347,131878,1.5,5,11,8,4,1,3500,Jamie Bergeron
Dallas (DFW),1,TX,Grayson County,Denison,75020,21872,40999,0.8465118724501463,2,6,4,1,1,3500,Jamie Bergeron
Dallas (DFW),1,TX,Grayson County,Denison,75021,8036,40000,0.8361350271650719,1,,,0,1,3500,Jamie Bergeron
Dallas (DFW),1,TX,Rockwall County,Rockwall,75032,27986,93308,1.2770440026584062,4,7,3,3,1,3500,Jamie Bergeron
Dallas (DFW),1,TX,Denton County,Frisco,75034,72723,111318,1.3948551780795264,10,19,17,9,1,3500,Jamie Bergeron
Dallas (DFW),1,TX,Denton County,Lewisville,75057,12900,50338,0.9379817741498401,1,13,7,0,1,3500,Jamie Bergeron
Dallas (DFW),1,TX,Denton County,Lake Dallas,75065,10748,72342,1.124453957182966,1,,,0,1,3500,Jamie Bergeron
Dallas (DFW),1,TX,Collin County,Plano,75075,33262,72852,1.1284106099137843,4,4,3,3,1,3500,Jamie Bergeron
Dallas (DFW),1,TX,Grayson County,Pottsboro,75076,7378,52543,0.9583052211905749,1,,,0,1,3500,Jamie Bergeron
Dallas (DFW),1,TX,Rockwall County,Rockwall,75087,28145,86094,1.226684462705917,3,2,2,2,1,3500,Jamie Bergeron
Dallas (DFW),1,TX,Van Zandt County,Canton,75103,12851,50286,0.9374971734989571,1,,,0,1,3500,Jamie Bergeron
Dallas (DFW),1,TX,Navarro County,Corsicana,75110,28132,40235,0.8385875769001667,2,7,6,1,1,3500,Jamie Bergeron
Dallas (DFW),1,TX,Kaufman County,Crandall,75114,4660,68287,1.0924848882280596,1,,,0,1,3500,Jamie Bergeron
Dallas (DFW),1,TX,Ellis County,Ferris,75125,6691,45375,0.8905426847325277,1,,,0,1,3500,Jamie Bergeron
Dallas (DFW),1,TX,Hunt County,Caddo Mills,75135,5910,62800,1.047674186154344,1,,,0,1,3500,Jamie Bergeron
Dallas (DFW),1,TX,Van Zandt County,Grand Saline,75140,6958,41111,0.847667323419559,1,,,0,1,3500,Jamie Bergeron
Dallas (DFW),1,TX,Henderson County,Kemp,75143,14619,40135,0.8375448165156072,1,,,0,1,3500,Jamie Bergeron
Dallas (DFW),1,TX,Kaufman County,Mabank,75147,6602,45227,0.8890891534211316,1,,,0,1,3500,Jamie Bergeron
Dallas (DFW),1,TX,Henderson County,Mabank,75156,14580,37212,0.8064694633597529,1,,,0,1,3500,Jamie Bergeron
Dallas (DFW),1,TX,Kaufman County,Terrell,75161,6165,56148,0.9906347700907653,1,,,0,1,3500,Jamie Bergeron
Dallas (DFW),1,TX,Ellis County,Waxahachie,75167,8436,76207,1.1541010978982034,1,,,0,1,3500,Jamie Bergeron
Dallas (DFW),1,TX,Van Zandt County,Wills Point,75169,14644,43316,0.870102855711389,1,,,0,1,3500,Jamie Bergeron
Dallas (DFW),1,TX,Dallas County,Sunnyvale,75182,5118,90366,1.2567501651235913,1,1,1,0,1,3500,Jamie Bergeron
Dallas (DFW),1,TX,Dallas County,Dallas,75201,9409,67979,1.0900183453834862,1,,,0,1,3500,Jamie Bergeron
Dallas (DFW),1,TX,Dallas County,Dallas,75203,15721,28602,0.7070410394033734,1,3,2,0,1,3500,Jamie Bergeron
Dallas (DFW),1,TX,Dallas County,Dallas,75204,26279,63551,1.0539199266653227,3,7,4,2,1,3500,Jamie Bergeron
Dallas (DFW),1,TX,Dallas County,Dallas,75205,23061,108913,1.3797051389964345,3,6,5,2,1,3500,Jamie Bergeron
Dallas (DFW),1,TX,Dallas County,Dallas,75215,14648,23433,0.6399711078698237,1,,,0,1,3500,Jamie Bergeron
Dallas (DFW),1,TX,Dallas County,Dallas,75218,21665,65567,1.0705059316595669,2,5,4,1,1,3500,Jamie Bergeron
Dallas (DFW),1,TX,Dallas County,Dallas,75219,22124,59650,1.0210608991982533,2,8,7,1,1,3500,Jamie Bergeron
Dallas (DFW),1,TX,Dallas County,Dallas,75223,13947,35949,0.7926652666876134,1,,,0,1,3500,Jamie Bergeron
Dallas (DFW),1,TX,Dallas County,Dallas,75233,14043,40151,0.837711745402691,1,2,2,0,1,3500,Jamie Bergeron
Dallas (DFW),1,TX,Dallas County,Dallas,75235,17177,37530,0.8099080278104446,1,20,14,0,1,3500,Jamie Bergeron
Dallas (DFW),1,TX,Dallas County,Dallas,75236,15949,37645,0.8111479449766266,1,,,0,1,3500,Jamie Bergeron
Dallas (DFW),1,TX,Dallas County,Dallas,75237,17101,29787,0.7215389901046949,1,,,0,1,3500,Jamie Bergeron
Dallas (DFW),1,TX,Dallas County,Dallas,75249,13373,57247,1.0002827693800544,1,,,0,1,3500,Jamie Bergeron
Dallas (DFW),1,TX,Dallas County,Dallas,75253,18450,33283,0.7627068625183053,1,,,0,1,3500,Jamie Bergeron
Dallas (DFW),1,TX,Collin County,Princeton,75407,14120,52330,0.9563608489807433,1,,,0,1,3500,Jamie Bergeron
Dallas (DFW),1,TX,Collin County,Anna,75409,11831,61997,1.040954528558931,1,,,0,1,3500,Jamie Bergeron
Dallas (DFW),1,TX,Fannin County,Bonham,75418,14411,41466,0.851319327293345,1,1,1,0,1,3500,Jamie Bergeron
Dallas (DFW),1,TX,Hunt County,Commerce,75428,10089,27662,0.6953255852367096,1,,,0,1,3500,Jamie Bergeron
Dallas (DFW),1,TX,Rains County,Emory,75440,6350,44340,0.8803274942762006,1,,,0,1,3500,Jamie Bergeron
Dallas (DFW),1,TX,Collin County,Farmersville,75442,8858,52080,0.9540736671323347,1,,,0,1,3500,Jamie Bergeron
Dallas (DFW),1,TX,Collin County,Melissa,75454,5699,87125,1.234007550632387,1,,,0,1,3500,Jamie Bergeron
Dallas (DFW),1,TX,Franklin County,Mount Vernon,75457,6522,39909,0.8351833820153072,1,,,0,1,3500,Jamie Bergeron
Dallas (DFW),1,TX,Lamar County,Paris,75460,23592,29717,0.7206906764485796,2,2,2,1,1,3500,Jamie Bergeron
Dallas (DFW),1,TX,Lamar County,Paris,75462,11350,60019,1.024214215057445,1,1,1,0,1,3500,Jamie Bergeron
Dallas (DFW),1,TX,Hunt County,Quinlan,75474,14882,44976,0.8866185953039143,1,2,1,0,1,3500,Jamie Bergeron
Dallas (DFW),1,TX,Wood County,Winnsboro,75494,10862,40427,0.8405860507365228,1,2,1,0,1,3500,Jamie Bergeron
Dallas (DFW),1,TX,Grayson County,Van Alstyne,75495,7095,65158,1.0671618572083956,1,1,1,0,1,3500,Jamie Bergeron
Dallas (DFW),1,TX,Tarrant County,Arlington,76011,21594,34412,0.7755349576106187,2,3,2,1,1,3500,Jamie Bergeron
Dallas (DFW),1,TX,Wise County,Boyd,76023,5832,49441,0.9295870064920647,1,,,0,1,3500,Jamie Bergeron
Dallas (DFW),1,TX,Somervell County,Glen Rose,76043,7071,54925,0.9797865069379212,1,,,0,1,3500,Jamie Bergeron
Dallas (DFW),1,TX,Hood County,Granbury,76048,21989,48668,0.9222914258355634,2,3,2,1,1,3500,Jamie Bergeron
Dallas (DFW),1,TX,Johnson County,Grandview,76050,5875,62723,1.0470317048211273,1,,,0,1,3500,Jamie Bergeron
Dallas (DFW),1,TX,Tarrant County,Hurst,76054,11764,93763,1.2801538559934305,2,3,1,1,1,3500,Jamie Bergeron
Dallas (DFW),1,TX,Tarrant County,Kennedale,76060,6764,74375,1.1401445375383603,1,,,0,1,3500,Jamie Bergeron
Dallas (DFW),1,TX,Wise County,Paradise,76073,5327,54109,0.9724811128197327,1,1,1,0,1,3500,Jamie Bergeron
Dallas (DFW),1,TX,Wise County,Rhome,76078,8572,64280,1.059947501685486,1,1,1,0,1,3500,Jamie Bergeron
Dallas (DFW),1,TX,Johnson County,Venus,76084,8327,54599,0.9768744835652361,1,,,0,1,3500,Jamie Bergeron
Dallas (DFW),1,TX,Parker County,Weatherford,76086,20196,48176,0.9176177179146406,2,3,3,1,1,3500,Jamie Bergeron
Dallas (DFW),1,TX,Parker County,Weatherford,76088,11499,64093,1.0584046069394863,1,,,0,1,3500,Jamie Bergeron
Dallas (DFW),1,TX,Tarrant County,Fort Worth,76102,8111,50177,0.9364805622425278,1,,,0,1,3500,Jamie Bergeron
Dallas (DFW),1,TX,Tarrant County,Fort Worth,76103,14572,39513,0.831029467549959,1,,,0,1,3500,Jamie Bergeron
Dallas (DFW),1,TX,Tarrant County,Fort Worth,76105,22194,24526,0.6547262952153591,1,,,0,1,3500,Jamie Bergeron
Dallas (DFW),1,TX,Tarrant County,Fort Worth,76111,21685,40511,0.8414588905219875,2,,,1,1,3500,Jamie Bergeron
Dallas (DFW),1,TX,Tarrant County,Fort Worth,76115,20696,27806,0.6971330632712245,1,,,0,1,3500,Jamie Bergeron
Dallas (DFW),1,TX,Tarrant County,Fort Worth,76120,15283,39714,0.8331404820912385,1,,,0,1,3500,Jamie Bergeron
Dallas (DFW),1,TX,Tarrant County,Fort Worth,76164,16748,34574,0.7773582917161791,1,,,0,1,3500,Jamie Bergeron
Dallas (DFW),1,TX,Tarrant County,Fort Worth,76177,4891,81755,1.1953733875080277,1,,,0,1,3500,Jamie Bergeron
Dallas (DFW),1,TX,Denton County,Denton,76207,10579,61377,1.0357364253905212,1,,,0,1,3500,Jamie Bergeron
Dallas (DFW),1,TX,Denton County,Argyle,76226,18419,116101,1.4245063899805768,3,,,2,1,3500,Jamie Bergeron
Dallas (DFW),1,TX,Montague County,Bowie,76230,9711,43390,0.8708457698219996,1,,,0,1,3500,Jamie Bergeron
Dallas (DFW),1,TX,Cooke County,Gainesville,76240,26120,47663,0.9127190363718354,2,2,2,1,1,3500,Jamie Bergeron
Dallas (DFW),1,TX,Denton County,Krum,76249,7194,75250,1.146831659615288,1,,,0,1,3500,Jamie Bergeron
Dallas (DFW),1,TX,Denton County,Pilot Point,76258,6659,53438,0.9664324843828138,1,,,0,1,3500,Jamie Bergeron
Dallas (DFW),1,TX,Denton County,Ponder,76259,4618,76021,1.1526918182566643,1,,,0,1,3500,Jamie Bergeron
Dallas (DFW),1,TX,Denton County,Sanger,76266,13495,63416,1.0527999220186202,1,,,0,1,3500,Jamie Bergeron
Dallas (DFW),1,TX,Grayson County,Whitesboro,76273,9135,44190,0.8788371808759105,1,,,0,1,3500,Jamie Bergeron
Dallas (DFW),1,TX,Dallas County,Addison,75001,12414,57633,1.0036494128583329,1,7,2,1,0,0,Jamie Bergeron
Dallas (DFW),1,TX,Collin County,Celina,75009,8785,87581,1.2372326472217665,1,3,3,1,0,0,Jamie Bergeron
Dallas (DFW),1,TX,Collin County,Plano,75024,36039,88707,1.2451605926791907,4,23,14,7,0,0,Jamie Bergeron
Dallas (DFW),1,TX,Dallas County,Irving,75039,11032,73503,1.1334410931296521,1,2,1,1,0,0,Jamie Bergeron
Dallas (DFW),1,TX,Tarrant County,Grand Prairie,75054,5053,105000,1.354693574978261,1,1,1,1,0,0,Jamie Bergeron
Dallas (DFW),1,TX,Grayson County,Gunter,75058,2982,79250,1.176917598585895,0,,,0,0,0,Jamie Bergeron
Dallas (DFW),1,TX,Collin County,Mckinney,75071,36090,80291,1.1846221668872914,4,14,7,4,0,0,Jamie Bergeron
Dallas (DFW),1,TX,Collin County,Prosper,75078,10592,119529,1.445383406558447,2,9,6,2,0,0,Jamie Bergeron
Dallas (DFW),1,TX,Navarro County,Barry,75102,1322,40455,0.840877098000285,0,,,0,0,0,Jamie Bergeron
Dallas (DFW),1,TX,Navarro County,Chatfield,75105,301,29500,0.718054535145902,0,,,0,0,0,Jamie Bergeron
Dallas (DFW),1,TX,Navarro County,Corsicana,75109,3658,58317,1.0095876021580947,0,,,0,0,0,Jamie Bergeron
Dallas (DFW),1,TX,Van Zandt County,Edgewood,75117,3722,41348,0.8501071625162437,0,,,0,0,0,Jamie Bergeron
Dallas (DFW),1,TX,Henderson County,Eustace,75124,4446,47500,0.9111570216417961,0,,,0,0,0,Jamie Bergeron
Dallas (DFW),1,TX,Van Zandt County,Fruitvale,75127,1593,45848,0.8951722674559948,0,,,0,0,0,Jamie Bergeron
Dallas (DFW),1,TX,Dallas County,Hutchins,75141,5374,34786,0.7797379426148593,0,,,0,0,0,Jamie Bergeron
Dallas (DFW),1,TX,Navarro County,Kerens,75144,3291,32289,0.7512313770129391,0,,,0,0,0,Jamie Bergeron
Dallas (DFW),1,TX,Henderson County,Malakoff,75148,5842,34252,0.7737299162766649,0,,,0,0,0,Jamie Bergeron
Dallas (DFW),1,TX,Ellis County,Palmer,75152,4606,54659,0.9774110902359996,0,,,0,0,0,Jamie Bergeron
Dallas (DFW),1,TX,Navarro County,Powell,75153,605,38692,0.8223505951398735,0,,,0,0,0,Jamie Bergeron
Dallas (DFW),1,TX,Navarro County,Rice,75155,2579,37375,0.8082338254491401,0,,,0,0,0,Jamie Bergeron
Dallas (DFW),1,TX,Kaufman County,Scurry,75158,4139,58466,1.010876528105899,0,,,0,0,0,Jamie Bergeron
Dallas (DFW),1,TX,Henderson County,Trinidad,75163,2285,51800,0.9515054964790138,0,,,0,0,0,Jamie Bergeron
Dallas (DFW),1,TX,Collin County,Lavon,75166,3070,75804,1.1510454779023898,0,,,0,0,0,Jamie Bergeron
Dallas (DFW),1,TX,Dallas County,Wilmer,75172,3956,39246,0.8282169631385782,0,,,0,0,0,Jamie Bergeron
Dallas (DFW),1,TX,Collin County,Nevada,75173,4353,67327,1.084778460423611,0,,,0,0,0,Jamie Bergeron
Dallas (DFW),1,TX,Dallas County,Dallas,75202,1666,79681,1.1801135839740358,0,,,0,0,0,Jamie Bergeron
Dallas (DFW),1,TX,Dallas County,Dallas,75209,13653,79408,1.1780902193408689,2,3,2,4,0,0,Jamie Bergeron
Dallas (DFW),1,TX,Dallas County,Dallas,75210,7482,15258,0.5164106935126183,0,,,0,0,0,Jamie Bergeron
Dallas (DFW),1,TX,Dallas County,Dallas,75225,20892,147153,1.5,3,16,11,7,0,0,Jamie Bergeron
Dallas (DFW),1,TX,Dallas County,Dallas,75226,3506,42768,0.8645814080126157,0,,,0,0,0,Jamie Bergeron
Dallas (DFW),1,TX,Dallas County,Dallas,75230,26934,68863,1.0970827610947451,3,47,21,8,0,0,Jamie Bergeron
Dallas (DFW),1,TX,Dallas County,Dallas,75231,37052,33546,0.7657143617955924,3,72,35,7,0,0,Jamie Bergeron
Dallas (DFW),1,TX,Dallas County,Dallas,75240,24296,37095,0.8052006359377671,2,4,3,2,0,0,Jamie Bergeron
Dallas (DFW),1,TX,Dallas County,Dallas,75244,13266,72735,1.1275041345151757,1,,,1,0,0,Jamie Bergeron
Dallas (DFW),1,TX,Dallas County,Dallas,75246,2770,32254,0.7508241140560555,0,31,12,0,0,0,Jamie Bergeron
Dallas (DFW),1,TX,Hunt County,Greenville,75401,18552,31274,0.7393296737914545,1,2,2,1,0,0,Jamie Bergeron
Dallas (DFW),1,TX,Wood County,Alba,75410,4334,40492,0.8412615417284088,0,,,0,0,0,Jamie Bergeron
Dallas (DFW),1,TX,Lamar County,Arthur City,75411,1118,61641,1.037961534283829,0,,,0,0,0,Jamie Bergeron
Dallas (DFW),1,TX,Red River County,Bagwell,75412,778,45508,0.8918468776988918,0,,,0,0,0,Jamie Bergeron
Dallas (DFW),1,TX,Grayson County,Bells,75414,3136,51815,0.9516432527468706,0,,,0,0,0,Jamie Bergeron
Dallas (DFW),1,TX,Delta County,Ben Franklin,75415,144,18529,0.5690788066975901,0,,,0,0,0,Jamie Bergeron
Dallas (DFW),1,TX,Lamar County,Blossom,75416,2893,40685,0.8432640418026739,0,,,0,0,0,Jamie Bergeron
Dallas (DFW),1,TX,Red River County,Bogata,75417,2456,33056,0.7601014682332157,0,,,0,0,0,Jamie Bergeron
Dallas (DFW),1,TX,Hopkins County,Brashear,75420,1076,50500,0.9394898891744784,0,,,0,0,0,Jamie Bergeron
Dallas (DFW),1,TX,Lamar County,Brookston,75421,1003,54808,0.9787423910102342,0,,,0,0,0,Jamie Bergeron
Dallas (DFW),1,TX,Hunt County,Campbell,75422,2883,52056,0.9538538091579597,0,,,0,0,0,Jamie Bergeron
Dallas (DFW),1,TX,Hunt County,Celeste,75423,2982,47162,0.9079094332670447,0,,,0,0,0,Jamie Bergeron
Dallas (DFW),1,TX,Collin County,Blue Ridge,75424,3297,48948,0.9249407152111767,0,,,1,0,0,Jamie Bergeron
Dallas (DFW),1,TX,Red River County,Clarksville,75426,5301,24102,0.6490422411058581,0,,,0,0,0,Jamie Bergeron
Dallas (DFW),1,TX,Hopkins County,Como,75431,2052,42639,0.8632765161457818,0,,,0,0,0,Jamie Bergeron
Dallas (DFW),1,TX,Delta County,Cooper,75432,3323,39500,0.8308927496113331,0,,,0,0,0,Jamie Bergeron
Dallas (DFW),1,TX,Hopkins County,Cumby,75433,2773,47662,0.9127094616091916,0,,,0,0,0,Jamie Bergeron
Dallas (DFW),1,TX,Lamar County,Deport,75435,1185,44043,0.8773742177286699,0,,,0,0,0,Jamie Bergeron
Dallas (DFW),1,TX,Red River County,Detroit,75436,1876,42798,0.8648845890746444,0,,,0,0,0,Jamie Bergeron
Dallas (DFW),1,TX,Hopkins County,Dike,75437,1078,53977,0.9712941948272176,0,,,0,0,0,Jamie Bergeron
Dallas (DFW),1,TX,Fannin County,Dodd City,75438,972,51438,0.948174908805185,0,,,0,0,0,Jamie Bergeron
Dallas (DFW),1,TX,Fannin County,Ector,75439,868,46125,0.8978723777765409,0,,,0,0,0,Jamie Bergeron
Dallas (DFW),1,TX,Fannin County,Honey Grove,75446,3180,43542,0.8723697711376466,0,,,0,0,0,Jamie Bergeron
Dallas (DFW),1,TX,Fannin County,Ivanhoe,75447,1080,49527,0.9303951388919283,0,,,0,0,0,Jamie Bergeron
Dallas (DFW),1,TX,Delta County,Klondike,75448,655,56705,0.9955362969526236,0,,,0,0,0,Jamie Bergeron
Dallas (DFW),1,TX,Fannin County,Ladonia,75449,1186,35368,0.7862337318542083,0,,,0,0,0,Jamie Bergeron
Dallas (DFW),1,TX,Delta County,Lake Creek,75450,331,47604,0.9121539534117278,0,,,0,0,0,Jamie Bergeron
Dallas (DFW),1,TX,Camp County,Leesburg,75451,1211,43472,0.8716682594160226,0,,,0,0,0,Jamie Bergeron
Dallas (DFW),1,TX,Fannin County,Leonard,75452,4090,56000,0.9893283060305461,0,,,0,0,0,Jamie Bergeron
Dallas (DFW),1,TX,Hunt County,Lone Oak,75453,3255,41525,0.8519247629069605,0,,,0,0,0,Jamie Bergeron
Dallas (DFW),1,TX,Grayson County,Howe,75459,4326,64792,1.0641604508531846,0,,,0,0,0,Jamie Bergeron
Dallas (DFW),1,TX,Lamar County,Pattonville,75468,888,34405,0.7754560749416856,0,,,0,0,0,Jamie Bergeron
Dallas (DFW),1,TX,Delta County,Pecan Gap,75469,371,28750,0.708867958085366,0,,,0,0,0,Jamie Bergeron
Dallas (DFW),1,TX,Lamar County,Petty,75470,288,28611,0.7071522705909415,0,,,0,0,0,Jamie Bergeron
Dallas (DFW),1,TX,Hopkins County,Pickton,75471,1424,42321,0.8600513502976217,0,,,0,0,0,Jamie Bergeron
Dallas (DFW),1,TX,Rains County,Point,75472,3548,45179,0.8886172272642039,0,,,0,0,0,Jamie Bergeron
Dallas (DFW),1,TX,Lamar County,Powderly,75473,3855,49651,0.9315591188985554,0,,,0,0,0,Jamie Bergeron
Dallas (DFW),1,TX,Fannin County,Ravenna,75476,1304,57857,1.0055979444685283,0,,,0,0,0,Jamie Bergeron
Dallas (DFW),1,TX,Lamar County,Roxton,75477,977,30563,0.7308771968286863,0,,,0,0,0,Jamie Bergeron
Dallas (DFW),1,TX,Hopkins County,Saltillo,75478,932,47083,0.9071487052807676,0,,,0,0,0,Jamie Bergeron
Dallas (DFW),1,TX,Fannin County,Savoy,75479,1849,42695,0.8638432229437885,0,,,0,0,0,Jamie Bergeron
Dallas (DFW),1,TX,Franklin County,Scroggins,75480,1646,60658,1.029651994034676,0,,,0,0,0,Jamie Bergeron
Dallas (DFW),1,TX,Hopkins County,Sulphur Bluff,75481,395,34409,0.7755011517350122,0,,,0,0,0,Jamie Bergeron
Dallas (DFW),1,TX,Lamar County,Sumner,75486,2346,55089,0.9812481839425681,0,,,0,0,0,Jamie Bergeron
Dallas (DFW),1,TX,Titus County,Talco,75487,1541,43750,0.8744509425174988,0,,,0,0,0,Jamie Bergeron
Dallas (DFW),1,TX,Fannin County,Telephone,75488,1161,32042,0.7483525270851321,0,,,0,0,0,Jamie Bergeron
Dallas (DFW),1,TX,Fannin County,Trenton,75490,2211,57375,1.0014004236200016,0,,,0,0,0,Jamie Bergeron
Dallas (DFW),1,TX,Grayson County,Whitewright,75491,4801,50158,0.9363032418030208,0,,,0,0,0,Jamie Bergeron
Dallas (DFW),1,TX,Fannin County,Windom,75492,516,50962,0.9437775736169292,0,,,0,0,0,Jamie Bergeron
Dallas (DFW),1,TX,Hunt County,Wolfe City,75496,3351,39175,0.8274674597012901,0,,,0,0,0,Jamie Bergeron
Dallas (DFW),1,TX,Wood County,Yantis,75497,3350,48722,0.9228029521938729,0,,,0,0,0,Jamie Bergeron
Dallas (DFW),1,TX,Tarrant County,Bedford,76022,13212,53793,0.9696372789348872,1,8,4,1,0,0,Jamie Bergeron
Dallas (DFW),1,TX,Parker County,Cresson,76035,1622,84732,1.2169427572037816,0,,,0,0,0,Jamie Bergeron
Dallas (DFW),1,TX,Ellis County,Forreston,76041,434,57750,1.0046676441231992,0,,,0,0,0,Jamie Bergeron
Dallas (DFW),1,TX,Johnson County,Godley,76044,3866,59833,1.0226259541160467,0,,,0,0,0,Jamie Bergeron
Dallas (DFW),1,TX,Hill County,Itasca,76055,3084,48142,0.9172938584307476,0,,,0,0,0,Jamie Bergeron
Dallas (DFW),1,TX,Johnson County,Keene,76059,4881,36579,0.7995807608399976,0,,,0,0,0,Jamie Bergeron
Dallas (DFW),1,TX,Ellis County,Maypearl,76064,1883,77500,1.1638507016908999,0,,,0,0,0,Jamie Bergeron
Dallas (DFW),1,TX,Parker County,Millsap,76066,3142,80088,1.18312367706369,0,,,0,0,0,Jamie Bergeron
Dallas (DFW),1,TX,Somervell County,Nemo,76070,752,56382,0.9926968873463589,0,,,0,0,0,Jamie Bergeron
Dallas (DFW),1,TX,Wise County,Newark,76071,3320,63750,1.0555687294988942,0,,,0,0,0,Jamie Bergeron
Dallas (DFW),1,TX,Somervell County,Rainbow,76077,590,91875,1.267199805408152,0,,,0,0,0,Jamie Bergeron
Dallas (DFW),1,TX,Parker County,Weatherford,76085,8787,60291,1.0265324088671406,1,,,1,0,0,Jamie Bergeron
Dallas (DFW),1,TX,Tarrant County,Southlake,76092,26669,173507,1.5,4,28,21,8,0,0,Jamie Bergeron
Dallas (DFW),1,TX,Johnson County,Rio Vista,76093,2095,59195,1.0171592056224532,0,,,0,0,0,Jamie Bergeron
Dallas (DFW),1,TX,Tarrant County,Fort Worth,76104,17446,22221,0.6232011142989586,1,56,29,2,0,0,Jamie Bergeron
Dallas (DFW),1,TX,Tarrant County,Fort Worth,76107,25917,51370,0.9475479674694637,2,12,9,2,0,0,Jamie Bergeron
Dallas (DFW),1,TX,Tarrant County,Fort Worth,76109,21710,58704,1.0129319472147018,2,12,9,2,0,0,Jamie Bergeron
Dallas (DFW),1,TX,Tarrant County,Fort Worth,76118,13866,62282,1.043344417359804,1,,,1,0,0,Jamie Bergeron
Dallas (DFW),1,TX,Wise County,Alvord,76225,3156,62554,1.0456201993863283,0,,,0,0,0,Jamie Bergeron
Dallas (DFW),1,TX,Clay County,Bellevue,76228,1119,46620,0.9026773725129024,0,,,0,0,0,Jamie Bergeron
Dallas (DFW),1,TX,Grayson County,Collinsville,76233,3235,63697,1.0551298528297692,0,,,0,0,0,Jamie Bergeron
Dallas (DFW),1,TX,Cooke County,Era,76238,431,57583,1.0032139560937692,0,,,0,0,0,Jamie Bergeron
Dallas (DFW),1,TX,Montague County,Forestburg,76239,1087,56875,0.9970274751132311,0,,,0,0,0,Jamie Bergeron
Dallas (DFW),1,TX,Grayson County,Gordonville,76245,1780,32157,0.7496942576295378,0,,,0,0,0,Jamie Bergeron
Dallas (DFW),1,TX,Cooke County,Lindsay,76250,937,84545,1.215599144443664,0,,,0,0,0,Jamie Bergeron
Dallas (DFW),1,TX,Montague County,Montague,76251,731,57321,1.0009290654279095,0,,,0,0,0,Jamie Bergeron
Dallas (DFW),1,TX,Cooke County,Muenster,76252,2863,62054,1.0414329450661002,0,,,0,0,0,Jamie Bergeron
Dallas (DFW),1,TX,Montague County,Nocona,76255,5411,36082,0.7941302191351172,0,,,0,0,0,Jamie Bergeron
Dallas (DFW),1,TX,Montague County,Ringgold,76261,233,58500,1.011170415207813,0,,,0,0,0,Jamie Bergeron
Dallas (DFW),1,TX,Grayson County,Sadler,76264,1412,49650,0.9315497377802548,0,,,0,0,0,Jamie Bergeron
Dallas (DFW),1,TX,Montague County,Saint Jo,76265,1893,47500,0.9111570216417961,0,,,0,0,0,Jamie Bergeron
Dallas (DFW),1,TX,Montague County,Sunset,76270,1853,55028,0.980704765854902,0,,,0,0,0,Jamie Bergeron
Dallas (DFW),1,TX,Grayson County,Tioga,76271,1352,47981,0.91575873325651,0,,,0,0,0,Jamie Bergeron
Dallas (DFW),1,TX,Cooke County,Valley View,76272,4745,52763,0.9603093599310613,0,,,0,0,0,Jamie Bergeron
Long Island / Queens,1,NY,Queens County,Corona,11368,109931,45964,0.8963039895007155,10,2,2,0,10,35000,Sonia Mace
Long Island / Queens,1,NY,Queens County,Elmhurst,11373,100820,47667,0.9127573344180243,9,11,6,0,9,31500,Sonia Mace
Long Island / Queens,1,NY,Queens County,Ridgewood,11385,98592,50799,0.9422670466454162,9,4,3,0,9,31500,Sonia Mace
Long Island / Queens,1,NY,Queens County,Forest Hills,11375,68733,72000,1.1217928554658405,8,22,16,0,8,28000,Sonia Mace
Long Island / Queens,1,NY,Queens County,Woodside,11377,89830,49886,0.933761068197861,8,1,1,0,8,28000,Sonia Mace
Long Island / Queens,1,NY,Suffolk County,Huntington Station,11746,67094,97796,1.3073954447111995,9,11,6,1,8,28000,Sonia Mace
Long Island / Queens,1,NY,Queens County,Flushing,11355,85871,41884,0.855599450480399,7,10,9,0,7,24500,Sonia Mace
Long Island / Queens,1,NY,Suffolk County,Bay Shore,11706,62543,75775,1.150825281659381,7,12,5,0,7,24500,Sonia Mace
Long Island / Queens,1,NY,Suffolk County,Brentwood,11717,60745,69405,1.1013917036457823,7,,,0,7,24500,Sonia Mace
Long Island / Queens,1,NY,Nassau County,Massapequa,11758,53804,104986,1.3546032590626313,7,8,6,0,7,24500,Sonia Mace
Long Island / Queens,1,NY,Queens County,Jackson Heights,11372,66636,48683,0.9224335449443859,6,4,4,0,6,21000,Sonia Mace
Long Island / Queens,1,NY,Queens County,Jamaica,11432,60809,50450,0.9390246799906317,6,6,6,0,6,21000,Sonia Mace
Long Island / Queens,1,NY,Queens County,Jamaica,11434,59129,59229,1.0174512779974305,6,,,0,6,21000,Sonia Mace
Long Island / Queens,1,NY,Nassau County,Westbury,11590,45768,87894,1.2394415078205423,6,2,1,0,6,21000,Sonia Mace
Long Island / Queens,1,NY,Suffolk County,Huntington,11743,42230,118222,1.437459351659608,6,28,20,0,6,21000,Sonia Mace
Long Island / Queens,1,NY,Nassau County,Levittown,11756,42791,99588,1.3193193338836584,6,1,1,0,6,21000,Sonia Mace
Long Island / Queens,1,NY,Nassau County,Elmont,11003,41356,85672,1.223674399595976,5,2,1,0,5,17500,Sonia Mace
Long Island / Queens,1,NY,Nassau County,New Hyde Park,11040,40782,101434,1.3314908843378446,5,7,5,0,5,17500,Sonia Mace
Long Island / Queens,1,NY,Queens County,Flushing,11354,54878,46566,0.9021544349161437,5,22,15,0,5,17500,Sonia Mace
Long Island / Queens,1,NY,Queens County,Springfield Gardens,11413,38912,78667,1.1725806300056543,5,,,0,5,17500,Sonia Mace
Long Island / Queens,1,NY,Queens County,South Richmond Hill,11419,47211,56735,0.9957996082987186,5,,,0,5,17500,Sonia Mace
Long Island / Queens,1,NY,Queens County,South Ozone Park,11420,44354,59832,1.0226174084119455,5,,,0,5,17500,Sonia Mace
Long Island / Queens,1,NY,Queens County,Jamaica,11435,53687,53041,0.9628358962811826,5,,,0,5,17500,Sonia Mace
Long Island / Queens,1,NY,Nassau County,Freeport,11520,43341,67723,1.087963976360053,5,1,1,0,5,17500,Sonia Mace
Long Island / Queens,1,NY,Nassau County,Hempstead,11550,56435,53669,0.9685190628846341,5,,,0,5,17500,Sonia Mace
Long Island / Queens,1,NY,Nassau County,East Meadow,11554,38132,92311,1.2702030445044086,5,4,2,0,5,17500,Sonia Mace
Long Island / Queens,1,NY,Nassau County,Long Beach,11561,37280,91984,1.2679512820636725,5,7,2,0,5,17500,Sonia Mace
Long Island / Queens,1,NY,Nassau County,Valley Stream,11580,40113,88771,1.2456096886324532,5,,,0,5,17500,Sonia Mace
Long Island / Queens,1,NY,Queens County,Far Rockaway,11691,60035,39409,0.8299350934253066,5,5,1,0,5,17500,Sonia Mace
Long Island / Queens,1,NY,Suffolk County,West Babylon,11704,40222,80377,1.1852564237816197,5,1,1,0,5,17500,Sonia Mace
Long Island / Queens,1,NY,Nassau County,Bellmore,11710,34496,103686,1.3461903771363104,5,3,2,0,5,17500,Sonia Mace
Long Island / Queens,1,NY,Suffolk County,Lindenhurst,11757,45700,82383,1.1999557273357042,5,2,2,0,5,17500,Sonia Mace
Long Island / Queens,1,NY,Suffolk County,Patchogue,11772,44837,68230,1.0920288377442107,5,3,2,0,5,17500,Sonia Mace
Long Island / Queens,1,NY,Suffolk County,Ronkonkoma,11779,38421,87081,1.2336959110962984,5,3,3,0,5,17500,Sonia Mace
Long Island / Queens,1,NY,Nassau County,Wantagh,11793,32298,113277,1.4070751426877104,5,1,1,0,5,17500,Sonia Mace
Long Island / Queens,1,NY,Nassau County,Hicksville,11801,39553,91718,1.2661166193623803,5,10,4,0,5,17500,Sonia Mace
Long Island / Queens,1,NY,Nassau County,Floral Park,11001,26883,101634,1.3328029051562864,4,,,0,4,14000,Sonia Mace
Long Island / Queens,1,NY,Nassau County,Port Washington,11050,30171,105828,1.3600244494158862,4,2,2,0,4,14000,Sonia Mace
Long Island / Queens,1,NY,Queens County,Astoria,11103,38780,55129,0.9816043603582046,4,6,5,0,4,14000,Sonia Mace
Long Island / Queens,1,NY,Queens County,Astoria,11105,36688,57525,1.0027085893294299,4,4,2,0,4,14000,Sonia Mace
Long Island / Queens,1,NY,Queens County,Astoria,11106,38875,48720,0.9227840118297156,4,,,0,4,14000,Sonia Mace
Long Island / Queens,1,NY,Queens County,Whitestone,11357,39150,71978,1.1216214573523435,4,1,1,0,4,14000,Sonia Mace
Long Island / Queens,1,NY,Queens County,Flushing,11358,37546,65722,1.0717705195749554,4,6,4,0,4,14000,Sonia Mace
Long Island / Queens,1,NY,Queens County,Oakland Gardens,11364,34555,72909,1.128851962441357,4,4,2,0,4,14000,Sonia Mace
Long Island / Queens,1,NY,Queens County,Fresh Meadows,11365,42252,55492,0.9848307724989533,4,12,3,0,4,14000,Sonia Mace
Long Island / Queens,1,NY,Queens County,Flushing,11367,41047,56608,0.9946844465581963,4,2,2,0,4,14000,Sonia Mace
Long Island / Queens,1,NY,Queens County,East Elmhurst,11369,38615,53617,0.9680497491617783,4,,,0,4,14000,Sonia Mace
Long Island / Queens,1,NY,Queens County,East Elmhurst,11370,39688,52500,0.9579130132969749,4,,,0,4,14000,Sonia Mace
Long Island / Queens,1,NY,Queens County,Rego Park,11374,43600,52532,0.9582049042196623,4,4,4,0,4,14000,Sonia Mace
Long Island / Queens,1,NY,Queens County,Maspeth,11378,34981,57474,1.0022640045621005,4,,,0,4,14000,Sonia Mace
Long Island / Queens,1,NY,Queens County,Middle Village,11379,34821,69843,1.1048615607354397,4,3,3,0,4,14000,Sonia Mace
Long Island / Queens,1,NY,Queens County,Saint Albans,11412,34882,70672,1.1113992834966857,4,,,0,4,14000,Sonia Mace
Long Island / Queens,1,NY,Queens County,Richmond Hill,11418,36256,60691,1.029932038675901,4,2,2,0,4,14000,Sonia Mace
Long Island / Queens,1,NY,Queens County,Woodhaven,11421,39127,60897,1.031678477761801,4,,,0,4,14000,Sonia Mace
Long Island / Queens,1,NY,Queens County,Rosedale,11422,30425,84824,1.2176032417882037,4,,,0,4,14000,Sonia Mace
Long Island / Queens,1,NY,Nassau County,Baldwin,11510,33048,98798,1.3140760440446688,4,1,1,0,4,14000,Sonia Mace
Long Island / Queens,1,NY,Nassau County,Merrick,11566,35321,126532,1.4871220320563585,5,4,3,1,4,14000,Sonia Mace
Long Island / Queens,1,NY,Nassau County,Rockville Centre,11570,26646,104503,1.35148366395066,4,17,13,0,4,14000,Sonia Mace
Long Island / Queens,1,NY,Nassau County,Oceanside,11572,30574,96563,1.2991275610464554,4,11,3,0,4,14000,Sonia Mace
Long Island / Queens,1,NY,Suffolk County,Centereach,11720,29189,94658,1.2862490990955326,4,,,0,4,14000,Sonia Mace
Long Island / Queens,1,NY,Suffolk County,Central Islip,11722,35177,67023,1.082326652468312,4,,,0,4,14000,Sonia Mace
Long Island / Queens,1,NY,Suffolk County,East Northport,11731,30184,106154,1.362117596078162,4,,,0,4,14000,Sonia Mace
Long Island / Queens,1,NY,Nassau County,Farmingdale,11735,32098,91196,1.2625085166243275,4,1,1,0,4,14000,Sonia Mace
Long Island / Queens,1,NY,Suffolk County,Holbrook,11741,27655,94527,1.2853587518987095,4,,,0,4,14000,Sonia Mace
Long Island / Queens,1,NY,Suffolk County,Medford,11763,28506,88772,1.245616704471977,4,1,1,0,4,14000,Sonia Mace
Long Island / Queens,1,NY,Nassau County,Syosset,11791,25076,139565,1.5,4,4,4,0,4,14000,Sonia Mace
Long Island / Queens,1,NY,Suffolk County,West Islip,11795,26030,104923,1.3541967629018503,4,5,5,0,4,14000,Sonia Mace
Long Island / Queens,1,NY,Nassau County,Plainview,11803,28127,120955,1.453979670952007,4,9,5,0,4,14000,Sonia Mace
Long Island / Queens,1,NY,Nassau County,Franklin Square,11010,23821,87644,1.2376775590438054,3,2,1,0,3,10500,Sonia Mace
Long Island / Queens,1,NY,Nassau County,Manhasset,11030,17962,172266,1.5,3,15,11,0,3,10500,Sonia Mace
Long Island / Queens,1,NY,Queens County,Astoria,11102,34133,49924,0.9341166405628796,3,5,5,0,3,10500,Sonia Mace
Long Island / Queens,1,NY,Queens County,Sunnyside,11104,27232,56059,0.9898493328502863,3,,,0,3,10500,Sonia Mace
Long Island / Queens,1,NY,Queens County,Bayside,11361,28606,75335,1.1474791890427545,3,3,2,0,3,10500,Sonia Mace
Long Island / Queens,1,NY,Queens County,Howard Beach,11414,26148,66790,1.0804437043425665,3,,,0,3,10500,Sonia Mace
Long Island / Queens,1,NY,Queens County,Ozone Park,11417,28967,62086,1.0417014334712094,3,1,1,0,3,10500,Sonia Mace
Long Island / Queens,1,NY,Queens County,Hollis,11423,29987,60892,1.0316361234727827,3,2,1,0,3,10500,Sonia Mace
Long Island / Queens,1,NY,Queens County,Queens Village,11427,23593,70108,1.1069556225104278,3,,,0,3,10500,Sonia Mace
Long Island / Queens,1,NY,Queens County,Queens Village,11429,25105,68890,1.097297813674681,3,,,0,3,10500,Sonia Mace
Long Island / Queens,1,NY,Queens County,Jamaica,11433,32687,42887,0.8657834015430435,3,1,1,0,3,10500,Sonia Mace
Long Island / Queens,1,NY,Nassau County,Glen Cove,11542,27633,67914,1.0894970951655254,3,4,4,0,3,10500,Sonia Mace
Long Island / Queens,1,NY,Nassau County,West Hempstead,11552,23616,98798,1.3140760440446688,3,,,0,3,10500,Sonia Mace
Long Island / Queens,1,NY,Nassau County,Uniondale,11553,26034,75008,1.144986099786744,3,,,0,3,10500,Sonia Mace
Long Island / Queens,1,NY,Nassau County,Lynbrook,11563,22666,90896,1.260430220667359,3,2,2,0,3,10500,Sonia Mace
Long Island / Queens,1,NY,Suffolk County,Amityville,11701,27109,69733,1.1039911609635775,3,3,2,0,3,10500,Sonia Mace
Long Island / Queens,1,NY,Nassau County,Bethpage,11714,22658,87327,1.2354372505413571,3,5,2,0,3,10500,Sonia Mace
Long Island / Queens,1,NY,Suffolk County,Commack,11725,29150,112024,1.3992714058740467,4,10,9,1,3,10500,Sonia Mace
Long Island / Queens,1,NY,Suffolk County,Coram,11727,29030,76333,1.1550547942796234,3,,,0,3,10500,Sonia Mace
Long Island / Queens,1,NY,Suffolk County,Deer Park,11729,28032,80279,1.184533638925314,3,3,3,0,3,10500,Sonia Mace
Long Island / Queens,1,NY,Suffolk County,East Setauket,11733,18949,141233,1.5,3,16,10,0,3,10500,Sonia Mace
Long Island / Queens,1,NY,Suffolk County,Melville,11747,19803,112699,1.4034807256944657,3,9,5,0,3,10500,Sonia Mace
Long Island / Queens,1,NY,Nassau County,Massapequa Park,11762,22360,112198,1.400357685398848,3,,,0,3,10500,Sonia Mace
Long Island / Queens,1,NY,Suffolk County,Northport,11768,21902,120309,1.4500917442478323,3,1,1,0,3,10500,Sonia Mace
Long Island / Queens,1,NY,Suffolk County,Port Jefferson Station,11776,24235,84733,1.216949938311077,3,10,7,0,3,10500,Sonia Mace
Long Island / Queens,1,NY,Nassau County,Seaford,11783,21288,104523,1.3516129826312437,3,,,0,3,10500,Sonia Mace
Long Island / Queens,1,NY,Suffolk County,Selden,11784,24655,88104,1.2409212870575774,3,2,2,0,3,10500,Sonia Mace
Long Island / Queens,1,NY,Suffolk County,Smithtown,11787,35772,107477,1.370579366012801,5,23,11,2,3,10500,Sonia Mace
Long Island / Queens,1,NY,Suffolk County,Stony Brook,11790,18511,138036,1.5,3,11,7,0,3,10500,Sonia Mace
Long Island / Queens,1,NY,Suffolk County,Riverhead,11901,27172,51350,0.9473634939998933,3,4,2,0,3,10500,Sonia Mace
Long Island / Queens,1,NY,Suffolk County,Shirley,11967,26583,82557,1.2012222639148205,3,,,0,3,10500,Sonia Mace
Long Island / Queens,1,NY,Queens County,Glen Oaks,11004,14016,81709,1.1950370477567702,2,,,0,2,7000,Sonia Mace
Long Island / Queens,1,NY,Queens County,Long Island City,11101,25484,47142,0.9077169041741263,2,4,2,0,2,7000,Sonia Mace
Long Island / Queens,1,NY,Queens County,College Point,11356,23438,58465,1.0108678830741655,2,1,1,0,2,7000,Sonia Mace
Long Island / Queens,1,NY,Queens County,Bayside,11360,18884,76183,1.1539193520777988,2,2,2,0,2,7000,Sonia Mace
Long Island / Queens,1,NY,Queens County,Little Neck,11362,17823,82332,1.199584247684006,2,,,0,2,7000,Sonia Mace
Long Island / Queens,1,NY,Queens County,Fresh Meadows,11366,13532,71350,1.116717726907679,2,1,1,0,2,7000,Sonia Mace
Long Island / Queens,1,NY,Queens County,Cambria Heights,11411,18556,83099,1.205158922090002,2,,,0,2,7000,Sonia Mace
Long Island / Queens,1,NY,Queens County,Kew Gardens,11415,19341,63549,1.0539033426899531,2,3,1,0,2,7000,Sonia Mace
Long Island / Queens,1,NY,Queens County,Ozone Park,11416,24861,56724,0.9957030688902074,2,,,0,2,7000,Sonia Mace
Long Island / Queens,1,NY,Queens County,Bellerose,11426,17590,82301,1.1993583901025047,2,,,0,2,7000,Sonia Mace
Long Island / Queens,1,NY,Queens County,Queens Village,11428,19168,69330,1.1007964532625505,2,,,0,2,7000,Sonia Mace
Long Island / Queens,1,NY,Queens County,Jamaica,11436,17949,62114,1.0419363040726286,2,,,0,2,7000,Sonia Mace
Long Island / Queens,1,NY,Nassau County,Mineola,11501,19148,79013,1.1751564735357798,2,10,8,0,2,7000,Sonia Mace
Long Island / Queens,1,NY,Nassau County,Glen Head,11545,12065,146083,1.5,2,,,0,2,7000,Sonia Mace
Long Island / Queens,1,NY,Nassau County,Roosevelt,11575,16272,66922,1.0815108414341208,2,,,0,2,7000,Sonia Mace
Long Island / Queens,1,NY,Nassau County,Roslyn Heights,11577,12337,112552,1.4025651053840396,2,9,6,0,2,7000,Sonia Mace
Long Island / Queens,1,NY,Nassau County,Valley Stream,11581,20844,98113,1.309512653236707,3,4,4,1,2,7000,Sonia Mace
Long Island / Queens,1,NY,Nassau County,Woodmere,11598,13328,140917,1.5,2,14,4,0,2,7000,Sonia Mace
Long Island / Queens,1,NY,Queens County,Arverne,11692,18540,43354,0.8704844313435961,2,,,0,2,7000,Sonia Mace
Long Island / Queens,1,NY,Queens County,Rockaway Park,11694,20408,76944,1.1596683418260725,2,,,0,2,7000,Sonia Mace
Long Island / Queens,1,NY,Suffolk County,Babylon,11702,14498,94558,1.2855695004413175,2,1,1,0,2,7000,Sonia Mace
Long Island / Queens,1,NY,Suffolk County,North Babylon,11703,16415,90872,1.2602638089310412,2,1,1,0,2,7000,Sonia Mace
Long Island / Queens,1,NY,Suffolk County,Copiague,11726,19857,73164,1.1308243252063899,2,,,0,2,7000,Sonia Mace
Long Island / Queens,1,NY,Suffolk County,East Islip,11730,14712,105000,1.354693574978261,2,,,0,2,7000,Sonia Mace
Long Island / Queens,1,NY,Suffolk County,Farmingville,11738,17638,91875,1.267199805408152,2,,,0,2,7000,Sonia Mace
Long Island / Queens,1,NY,Suffolk County,Holtsville,11742,13261,86346,1.2284784240193696,2,,,0,2,7000,Sonia Mace
Long Island / Queens,1,NY,Suffolk County,Islip,11751,14961,95515,1.2920586012789128,2,,,0,2,7000,Sonia Mace
Long Island / Queens,1,NY,Nassau County,Jericho,11753,12014,153438,1.5,2,6,3,0,2,7000,Sonia Mace
Long Island / Queens,1,NY,Suffolk County,Kings Park,11754,18958,98226,1.3102665408327643,2,,,0,2,7000,Sonia Mace
Long Island / Queens,1,NY,Suffolk County,Lake Grove,11755,12387,94167,1.282908813996434,2,,,0,2,7000,Sonia Mace
Long Island / Queens,1,NY,Suffolk County,Miller Place,11764,13200,113630,1.4092658396875914,2,1,1,0,2,7000,Sonia Mace
Long Island / Queens,1,NY,Suffolk County,Mount Sinai,11766,12635,104110,1.3489400366217605,2,,,0,2,7000,Sonia Mace
Long Island / Queens,1,NY,Suffolk County,Nesconset,11767,14530,109204,1.3815470971158534,2,1,1,0,2,7000,Sonia Mace
Long Island / Queens,1,NY,Suffolk County,Rocky Point,11778,12709,85893,1.2252516819336554,2,,,0,2,7000,Sonia Mace
Long Island / Queens,1,NY,Suffolk County,Saint James,11780,15524,109091,1.3808321268388941,2,1,1,0,2,7000,Sonia Mace
Long Island / Queens,1,NY,Suffolk County,Sayville,11782,15814,108594,1.3776831182636098,2,1,1,0,2,7000,Sonia Mace
Long Island / Queens,1,NY,Suffolk County,Hauppauge,11788,16821,104888,1.3539708789679172,2,7,4,0,2,7000,Sonia Mace
Long Island / Queens,1,NY,Suffolk County,Wyandanch,11798,15347,65000,1.0658672048782838,2,,,0,2,7000,Sonia Mace
Long Island / Queens,1,NY,Suffolk County,East Hampton,11937,15398,81057,1.1902595769149198,2,,,0,2,7000,Sonia Mace
Long Island / Queens,1,NY,Suffolk County,Hampton Bays,11946,14068,72023,1.121972016406739,2,1,1,0,2,7000,Sonia Mace
Long Island / Queens,1,NY,Suffolk County,Manorville,11949,14573,104785,1.3533059160811534,2,,,0,2,7000,Sonia Mace
Long Island / Queens,1,NY,Suffolk County,Mastic,11950,16268,68338,1.0928927720873776,2,,,0,2,7000,Sonia Mace
Long Island / Queens,1,NY,Nassau County,Great Neck,11020,5914,128309,1.4975281043994426,1,,,0,1,3500,Sonia Mace
Long Island / Queens,1,NY,Nassau County,Great Neck,11021,17729,93258,1.2767017985795421,2,42,21,1,1,3500,Sonia Mace
Long Island / Queens,1,NY,Nassau County,Great Neck,11023,9027,106729,1.3658016771060697,1,1,1,0,1,3500,Sonia Mace
Long Island / Queens,1,NY,Nassau County,Great Neck,11024,8002,97383,1.3046319084076492,1,1,1,0,1,3500,Sonia Mace
Long Island / Queens,1,NY,Nassau County,Inwood,11096,8344,48538,0.9210588083140655,1,3,1,0,1,3500,Sonia Mace
Long Island / Queens,1,NY,Queens County,Long Island City,11109,3523,125871,1.4832326017023014,1,,,0,1,3500,Sonia Mace
Long Island / Queens,1,NY,Queens County,Little Neck,11363,6988,90799,1.2597575047786818,1,,,0,1,3500,Sonia Mace
Long Island / Queens,1,NY,Nassau County,Carle Place,11514,4673,84651,1.2163609467172343,1,,,0,1,3500,Sonia Mace
Long Island / Queens,1,NY,Nassau County,Cedarhurst,11516,7556,85985,1.2259076899112966,1,1,1,0,1,3500,Sonia Mace
Long Island / Queens,1,NY,Nassau County,East Rockaway,11518,10549,92866,1.2740157334257867,1,,,0,1,3500,Sonia Mace
Long Island / Queens,1,NY,Nassau County,Hewlett,11557,7823,115516,1.4209130159899233,1,8,4,0,1,3500,Sonia Mace
Long Island / Queens,1,NY,Nassau County,Island Park,11558,8370,77056,1.160512043896081,1,,,0,1,3500,Sonia Mace
Long Island / Queens,1,NY,Nassau County,Lawrence,11559,8176,112862,1.4044953074554032,1,6,3,0,1,3500,Sonia Mace
Long Island / Queens,1,NY,Nassau County,Locust Valley,11560,6464,99278,1.3172643284230825,1,,,0,1,3500,Sonia Mace
Long Island / Queens,1,NY,Nassau County,Malverne,11565,8690,117500,1.4330632363851694,1,,,0,1,3500,Sonia Mace
Long Island / Queens,1,NY,Nassau County,Old Westbury,11568,4555,192500,1.5,1,,,0,1,3500,Sonia Mace
Long Island / Queens,1,NY,Nassau County,Roslyn,11576,12366,150161,1.5,2,7,3,1,1,3500,Sonia Mace
Long Island / Queens,1,NY,Nassau County,Sea Cliff,11579,5055,100250,1.323697084033453,1,,,0,1,3500,Sonia Mace
Long Island / Queens,1,NY,Nassau County,Williston Park,11596,10480,112596,1.4028392312745461,1,1,1,0,1,3500,Sonia Mace
Long Island / Queens,1,NY,Queens County,Far Rockaway,11693,11916,50570,0.9401407952974199,1,,,0,1,3500,Sonia Mace
Long Island / Queens,1,NY,Queens County,Breezy Point,11697,4079,87636,1.2376210711699691,1,1,1,0,1,3500,Sonia Mace
Long Island / Queens,1,NY,Suffolk County,Bayport,11705,8030,88958,1.2469209641166563,1,,,0,1,3500,Sonia Mace
Long Island / Queens,1,NY,Nassau County,Bayville,11709,6669,98362,1.3111732997930807,1,,,0,1,3500,Sonia Mace
Long Island / Queens,1,NY,Suffolk County,Bellport,11713,10401,75183,1.1463209962782408,1,,,0,1,3500,Sonia Mace
Long Island / Queens,1,NY,Suffolk County,Blue Point,11715,4752,102841,1.3406936950007433,1,,,0,1,3500,Sonia Mace
Long Island / Queens,1,NY,Suffolk County,Bohemia,11716,10700,90362,1.2567223501473221,1,,,0,1,3500,Sonia Mace
Long Island / Queens,1,NY,Suffolk County,Centerport,11721,6292,94929,1.2880890089618473,1,2,1,0,1,3500,Sonia Mace
Long Island / Queens,1,NY,Suffolk County,Greenlawn,11740,9454,94474,1.2849983598118984,1,1,1,0,1,3500,Sonia Mace
Long Island / Queens,1,NY,Suffolk County,Islip Terrace,11752,9531,94574,1.2856782603662549,1,,,0,1,3500,Sonia Mace
Long Island / Queens,1,NY,Suffolk County,Oakdale,11769,9506,92188,1.2693565199673171,1,,,0,1,3500,Sonia Mace
Long Island / Queens,1,NY,Nassau County,Oyster Bay,11771,10007,106120,1.361899442701129,1,,,0,1,3500,Sonia Mace
Long Island / Queens,1,NY,Suffolk County,Shoreham,11786,6344,130800,1.5,1,,,0,1,3500,Sonia Mace
Long Island / Queens,1,NY,Suffolk County,Sound Beach,11789,7895,79764,1.1807280587760767,1,,,0,1,3500,Sonia Mace
Long Island / Queens,1,NY,Suffolk County,Wading River,11792,8523,119137,1.4430113646380986,1,,,0,1,3500,Sonia Mace
Long Island / Queens,1,NY,Suffolk County,West Sayville,11796,4056,96071,1.2958137296431105,1,,,0,1,3500,Sonia Mace
Long Island / Queens,1,NY,Nassau County,Woodbury,11797,9041,150920,1.5,1,15,10,0,1,3500,Sonia Mace
Long Island / Queens,1,NY,Nassau County,Old Bethpage,11804,5010,115370,1.4200147902396119,1,,,0,1,3500,Sonia Mace
Long Island / Queens,1,NY,Suffolk County,Calverton,11933,6844,64593,1.0625249805469907,1,1,1,0,1,3500,Sonia Mace
Long Island / Queens,1,NY,Suffolk County,Center Moriches,11934,7263,93929,1.281286560616713,1,,,0,1,3500,Sonia Mace
Long Island / Queens,1,NY,Suffolk County,East Moriches,11940,5210,92200,1.2694391325773102,1,,,0,1,3500,Sonia Mace
Long Island / Queens,1,NY,Suffolk County,East Quogue,11942,4603,87044,1.2334337896319556,1,,,0,1,3500,Sonia Mace
Long Island / Queens,1,NY,Suffolk County,Mastic Beach,11951,13680,65534,1.070236503884447,1,,,0,1,3500,Sonia Mace
Long Island / Queens,1,NY,Suffolk County,Mattituck,11952,4637,86286,1.228051528074305,1,1,1,0,1,3500,Sonia Mace
Long Island / Queens,1,NY,Suffolk County,Middle Island,11953,13553,69690,1.1036507271633909,1,,,0,1,3500,Sonia Mace
Long Island / Queens,1,NY,Suffolk County,Ridge,11961,12834,54312,0.9743036271322925,1,,,0,1,3500,Sonia Mace
Long Island / Queens,1,NY,Suffolk County,Sag Harbor,11963,6622,85583,1.2230386299123777,1,3,2,0,1,3500,Sonia Mace
Long Island / Queens,1,NY,Suffolk County,Southampton,11968,11593,84715,1.2168206718956949,1,10,8,0,1,3500,Sonia Mace
Long Island / Queens,1,NY,Suffolk County,Southold,11971,5818,90294,1.256249401324275,1,,,0,1,3500,Sonia Mace
Long Island / Queens,1,NY,Suffolk County,Yaphank,11980,4990,84972,1.218665009349434,1,,,0,1,3500,Sonia Mace
Long Island / Queens,1,NY,Queens County,Floral Park,11005,1806,64300,1.060112384240996,0,,,0,0,0,Sonia Mace
Long Island / Queens,1,NY,Nassau County,Albertson,11507,7406,90833,1.259993342983333,1,2,2,1,0,0,Sonia Mace
Long Island / Queens,1,NY,Nassau County,Atlantic Beach,11509,2653,109375,1.3826283402181352,0,,,0,0,0,Sonia Mace
Long Island / Queens,1,NY,Nassau County,Garden City,11530,27273,135370,1.5,4,35,15,4,0,0,Sonia Mace
Long Island / Queens,1,NY,Nassau County,Greenvale,11548,2780,98375,1.3112599424484692,0,7,3,0,0,0,Sonia Mace
Long Island / Queens,1,NY,Suffolk County,Brightwaters,11718,3103,115909,1.4233280263291255,0,,,0,0,0,Sonia Mace
Long Island / Queens,1,NY,Suffolk County,Brookhaven,11719,3589,82875,1.2035335248777588,0,,,0,0,0,Sonia Mace
Long Island / Queens,1,NY,Suffolk County,Cold Spring Harbor,11724,3220,139971,1.5,0,,,0,0,0,Sonia Mace
Long Island / Queens,1,NY,Nassau County,East Norwich,11732,3430,96989,1.3019900410012395,0,,,0,0,0,Sonia Mace
Long Island / Queens,1,NY,Suffolk County,Islandia,11749,3345,90699,1.2590636069663357,0,3,2,0,0,0,Sonia Mace
Long Island / Queens,1,NY,Nassau County,Mill Neck,11765,737,165125,1.5,0,,,0,0,0,Sonia Mace
Long Island / Queens,1,NY,Suffolk County,Port Jefferson,11777,8968,109696,1.3846557620896844,1,3,2,1,0,0,Sonia Mace
Long Island / Queens,1,NY,Suffolk County,Cutchogue,11935,3304,91298,1.263214358332454,0,,,0,0,0,Sonia Mace
Long Island / Queens,1,NY,Suffolk County,East Marion,11939,926,66583,1.0787681136477323,0,,,0,0,0,Sonia Mace
Long Island / Queens,1,NY,Suffolk County,Eastport,11941,1986,58487,1.0110580566969702,0,,,0,0,0,Sonia Mace
Long Island / Queens,1,NY,Suffolk County,Greenport,11944,4299,54394,0.9750388492258287,0,,,0,0,0,Sonia Mace
Long Island / Queens,1,NY,Suffolk County,Laurel,11948,1123,113036,1.405577549772027,0,,,0,0,0,Sonia Mace
Long Island / Queens,1,NY,Suffolk County,Montauk,11954,3326,68528,1.0944110012939294,0,,,0,0,0,Sonia Mace
Long Island / Queens,1,NY,Suffolk County,Moriches,11955,3285,63766,1.0557011847153392,0,,,0,0,0,Sonia Mace
Long Island / Queens,1,NY,Suffolk County,Orient,11957,743,82895,1.2036787388653623,0,,,0,0,0,Sonia Mace
Long Island / Queens,1,NY,Suffolk County,Peconic,11958,635,83000,1.2044408250630647,0,,,0,0,0,Sonia Mace
Long Island / Queens,1,NY,Suffolk County,Water Mill,11976,1565,160536,1.5,0,,,0,0,0,Sonia Mace
Long Island / Queens,1,NY,Suffolk County,Westhampton,11977,2467,96648,1.299699216611587,0,,,0,0,0,Sonia Mace
Long Island / Queens,1,NY,Suffolk County,Westhampton Beach,11978,3255,80066,1.1829611651477394,0,,,0,0,0,Sonia Mace
Nevada + Utah,1,UT,Salt Lake County,Salt Lake City,84118,68295,61203,1.034267259039871,7,,,0,7,24500,James Tuckett
Nevada + Utah,1,UT,Davis County,Clearfield,84015,62494,58745,1.013285611028012,6,,,0,6,21000,James Tuckett
Nevada + Utah,1,UT,Utah County,Lehi,84043,49030,73409,1.1327161053871166,6,12,8,0,6,21000,James Tuckett
Nevada + Utah,1,UT,Salt Lake County,South Jordan,84095,50566,89591,1.2513494687655842,6,7,4,0,6,21000,James Tuckett
Nevada + Utah,1,NV,Clark County,North Las Vegas,89031,60589,62811,1.0477659370416044,6,,,0,6,21000,James Tuckett
Nevada + Utah,1,NV,Clark County,Las Vegas,89108,70123,41659,0.8532982243209675,6,,,0,6,21000,James Tuckett
Nevada + Utah,1,NV,Clark County,Las Vegas,89110,70994,44737,0.88425973609645,6,,,0,6,21000,James Tuckett
Nevada + Utah,1,NV,Clark County,Las Vegas,89123,56300,59629,1.020881149270143,6,,,0,6,21000,James Tuckett
Nevada + Utah,1,UT,Utah County,American Fork,84003,42384,76345,1.1551455814413345,5,14,11,0,5,17500,James Tuckett
Nevada + Utah,1,UT,Davis County,Bountiful,84010,44821,63159,1.0506644651564296,5,20,13,0,5,17500,James Tuckett
Nevada + Utah,1,UT,Salt Lake County,Draper,84020,39765,89922,1.2536589351732124,5,16,9,0,5,17500,James Tuckett
Nevada + Utah,1,UT,Utah County,Pleasant Grove,84062,43269,67132,1.0832063928465872,5,1,1,0,5,17500,James Tuckett
Nevada + Utah,1,UT,Salt Lake County,Riverton,84065,38168,85437,1.2219949655164766,5,3,2,0,5,17500,James Tuckett
Nevada + Utah,1,UT,Tooele County,Tooele,84074,44310,61447,1.0363268818293419,5,1,1,0,5,17500,James Tuckett
Nevada + Utah,1,UT,Salt Lake County,West Jordan,84081,40732,72987,1.1294556390517625,5,,,0,5,17500,James Tuckett
Nevada + Utah,1,UT,Salt Lake County,West Valley City,84119,53077,42514,0.8620102016536028,5,1,1,0,5,17500,James Tuckett
Nevada + Utah,1,UT,Salt Lake County,West Valley City,84120,48956,55087,0.9812303717279675,5,3,3,0,5,17500,James Tuckett
Nevada + Utah,1,UT,Salt Lake County,Salt Lake City,84121,41702,72453,1.125316295436117,5,10,9,0,5,17500,James Tuckett
Nevada + Utah,1,UT,Weber County,Ogden,84404,56363,50739,0.9417104143622902,5,1,1,0,5,17500,James Tuckett
Nevada + Utah,1,UT,Utah County,Provo,84604,49145,48508,0.9207741237867121,5,18,14,0,5,17500,James Tuckett
Nevada + Utah,1,NV,Clark County,Henderson,89052,47214,75555,1.1491534532412568,5,23,15,0,5,17500,James Tuckett
Nevada + Utah,1,NV,Clark County,Henderson,89074,47095,68383,1.0932525432339233,5,5,4,0,5,17500,James Tuckett
Nevada + Utah,1,NV,Clark County,Las Vegas,89117,55416,54556,0.9764897340594116,5,16,10,0,5,17500,James Tuckett
Nevada + Utah,1,NV,Clark County,Las Vegas,89121,64096,40836,0.8448274551236302,5,12,3,0,5,17500,James Tuckett
Nevada + Utah,1,NV,Clark County,Las Vegas,89129,51252,65246,1.0678822488479276,5,,,0,5,17500,James Tuckett
Nevada + Utah,1,NV,Clark County,Las Vegas,89131,43072,80013,1.1825695674607724,5,,,0,5,17500,James Tuckett
Nevada + Utah,1,NV,Clark County,Las Vegas,89147,49778,56009,0.9894078024326428,5,7,5,0,5,17500,James Tuckett
Nevada + Utah,1,UT,Davis County,Kaysville,84037,33369,90288,1.256207661997033,4,2,2,0,4,14000,James Tuckett
Nevada + Utah,1,UT,Davis County,Layton,84041,44625,56395,0.9928113238308861,4,12,4,0,4,14000,James Tuckett
Nevada + Utah,1,UT,Weber County,Roy,84067,37444,60170,1.0255018006122787,4,,,0,4,14000,James Tuckett
Nevada + Utah,1,UT,Salt Lake County,West Jordan,84084,37247,63403,1.0526920068200032,4,,,0,4,14000,James Tuckett
Nevada + Utah,1,UT,Salt Lake County,West Jordan,84088,35603,67292,1.0844964622525628,4,5,4,0,4,14000,James Tuckett
Nevada + Utah,1,UT,Salt Lake County,Sandy,84092,29525,99530,1.3189350924791272,4,,,0,4,14000,James Tuckett
Nevada + Utah,1,UT,Salt Lake County,Herriman,84096,33396,75661,1.149959273984511,4,2,1,0,4,14000,James Tuckett
Nevada + Utah,1,UT,Salt Lake County,Salt Lake City,84123,37900,49950,0.9343598489532039,4,7,4,0,4,14000,James Tuckett
Nevada + Utah,1,UT,Cache County,Logan,84321,44074,39593,0.8318703141137284,4,,,0,4,14000,James Tuckett
Nevada + Utah,1,UT,Utah County,Spanish Fork,84660,37995,63684,1.0550221759531329,4,8,4,0,4,14000,James Tuckett
Nevada + Utah,1,UT,Washington County,Saint George,84790,35770,55418,0.9841739049381102,4,20,13,0,4,14000,James Tuckett
Nevada + Utah,1,NV,Clark County,Henderson,89002,31880,76504,1.1563478384177734,4,,,0,4,14000,James Tuckett
Nevada + Utah,1,NV,Clark County,Henderson,89014,36922,52417,0.9571555063533886,4,3,2,0,4,14000,James Tuckett
Nevada + Utah,1,NV,Clark County,Henderson,89015,38993,50147,0.9362005672505982,4,1,1,0,4,14000,James Tuckett
Nevada + Utah,1,NV,Clark County,North Las Vegas,89030,53928,29964,0.7236795755954182,4,,,0,4,14000,James Tuckett
Nevada + Utah,1,NV,Clark County,North Las Vegas,89032,40297,51734,0.9508991318151196,4,,,0,4,14000,James Tuckett
Nevada + Utah,1,NV,Clark County,Las Vegas,89103,50519,37223,0.8065886521779687,4,1,1,0,4,14000,James Tuckett
Nevada + Utah,1,NV,Clark County,Las Vegas,89115,58794,33496,0.7651435039458061,4,,,0,4,14000,James Tuckett
Nevada + Utah,1,NV,Clark County,Las Vegas,89119,49445,34434,0.7757828223524371,4,7,7,0,4,14000,James Tuckett
Nevada + Utah,1,NV,Clark County,Las Vegas,89122,45720,45260,0.8894134573990983,4,,,0,4,14000,James Tuckett
Nevada + Utah,1,NV,Clark County,Las Vegas,89130,33015,64866,1.0647679749409305,4,1,1,0,4,14000,James Tuckett
Nevada + Utah,1,NV,Clark County,Las Vegas,89148,39712,64084,1.0583302932399727,4,18,15,0,4,14000,James Tuckett
Nevada + Utah,1,NV,Clark County,Las Vegas,89183,36005,62079,1.0416427075460344,4,,,0,4,14000,James Tuckett
Nevada + Utah,1,NV,Washoe County,Sparks,89436,36867,79313,1.1773853025541139,4,4,2,0,4,14000,James Tuckett
Nevada + Utah,1,NV,Washoe County,Reno,89506,38379,54753,0.9782511822164633,4,1,1,0,4,14000,James Tuckett
Nevada + Utah,1,UT,Davis County,Layton,84040,23026,87541,1.2369500804671656,3,,,0,3,10500,James Tuckett
Nevada + Utah,1,UT,Salt Lake County,Magna,84044,26524,55713,0.9867898957303749,3,,,0,3,10500,James Tuckett
Nevada + Utah,1,UT,Salt Lake County,Midvale,84047,28936,48593,0.9215805015436517,3,4,2,0,3,10500,James Tuckett
Nevada + Utah,1,UT,Utah County,Orem,84057,36666,49465,0.9298126024684057,3,3,2,0,3,10500,James Tuckett
Nevada + Utah,1,UT,Utah County,Orem,84058,30540,49899,0.9338827266106261,3,,,0,3,10500,James Tuckett
Nevada + Utah,1,UT,Salt Lake County,Sandy,84070,24861,58389,1.0102106441935295,3,3,2,0,3,10500,James Tuckett
Nevada + Utah,1,UT,Davis County,Syracuse,84075,24506,85590,1.223088646243634,3,,,0,3,10500,James Tuckett
Nevada + Utah,1,UT,Uintah County,Vernal,84078,25851,62500,1.04516878395634,3,,,0,3,10500,James Tuckett
Nevada + Utah,1,UT,Salt Lake County,Sandy,84093,23130,94938,1.2881500678917948,3,2,2,0,3,10500,James Tuckett
Nevada + Utah,1,UT,Salt Lake County,Sandy,84094,28069,68133,1.0912523136926742,3,9,4,0,3,10500,James Tuckett
Nevada + Utah,1,UT,Salt Lake County,Salt Lake City,84106,33384,54159,0.9729303248540827,3,1,1,0,3,10500,James Tuckett
Nevada + Utah,1,UT,Salt Lake County,Salt Lake City,84107,30863,45089,0.8877316895197016,3,35,16,0,3,10500,James Tuckett
Nevada + Utah,1,UT,Salt Lake County,Salt Lake City,84108,20738,85690,1.223802942074097,3,,,0,3,10500,James Tuckett
Nevada + Utah,1,UT,Salt Lake County,Salt Lake City,84109,23858,76636,1.1573449897500354,3,,,0,3,10500,James Tuckett
Nevada + Utah,1,UT,Salt Lake County,Salt Lake City,84116,33297,42235,0.8591770558586338,3,,,0,3,10500,James Tuckett
Nevada + Utah,1,UT,Salt Lake County,West Valley City,84128,27983,64356,1.060573919026035,3,1,1,0,3,10500,James Tuckett
Nevada + Utah,1,UT,Weber County,Ogden,84401,35622,42520,0.8620710272491662,3,,,0,3,10500,James Tuckett
Nevada + Utah,1,UT,Weber County,Ogden,84403,36582,51070,0.9447770833789945,3,12,5,0,3,10500,James Tuckett
Nevada + Utah,1,UT,Weber County,Ogden,84405,31348,55289,0.9830277755022233,3,10,7,0,3,10500,James Tuckett
Nevada + Utah,1,UT,Weber County,Ogden,84414,26507,75951,1.152160997757893,3,,,0,3,10500,James Tuckett
Nevada + Utah,1,UT,Utah County,Provo,84601,31486,40704,0.8434609220613701,3,,,0,3,10500,James Tuckett
Nevada + Utah,1,UT,Utah County,Springville,84663,29975,58745,1.013285611028012,3,3,3,0,3,10500,James Tuckett
Nevada + Utah,1,UT,Washington County,Saint George,84770,39131,42383,0.8606811046569011,3,11,5,0,3,10500,James Tuckett
Nevada + Utah,1,NV,Clark County,Henderson,89012,29085,69037,1.0984679168961455,3,2,2,0,3,10500,James Tuckett
Nevada + Utah,1,NV,Clark County,North Las Vegas,89081,29774,57416,1.0017581585665087,3,,,0,3,10500,James Tuckett
Nevada + Utah,1,NV,Clark County,Las Vegas,89101,46055,22401,0.6257201266460103,3,,,0,3,10500,James Tuckett
Nevada + Utah,1,NV,Clark County,Las Vegas,89102,35759,32562,0.7544004824906886,3,10,7,0,3,10500,James Tuckett
Nevada + Utah,1,NV,Clark County,Las Vegas,89104,39909,34184,0.772961497300665,3,,,0,3,10500,James Tuckett
Nevada + Utah,1,NV,Clark County,Las Vegas,89107,36282,44271,0.8796422637082724,3,1,1,0,3,10500,James Tuckett
Nevada + Utah,1,NV,Clark County,Las Vegas,89113,23800,65966,1.0737582081224102,3,8,8,0,3,10500,James Tuckett
Nevada + Utah,1,NV,Clark County,Las Vegas,89128,35669,52703,0.9597631916758039,3,14,9,0,3,10500,James Tuckett
Nevada + Utah,1,NV,Clark County,Las Vegas,89135,24144,91579,1.265156846255606,3,1,1,0,3,10500,James Tuckett
Nevada + Utah,1,NV,Clark County,Las Vegas,89139,30477,69983,1.1059683515514966,3,,,0,3,10500,James Tuckett
Nevada + Utah,1,NV,Clark County,Las Vegas,89141,25150,86895,1.2323776550886267,3,,,0,3,10500,James Tuckett
Nevada + Utah,1,NV,Clark County,Las Vegas,89142,33731,53284,0.9650389256414874,3,,,0,3,10500,James Tuckett
Nevada + Utah,1,NV,Clark County,Las Vegas,89149,31143,69273,1.1003438476102396,3,8,5,0,3,10500,James Tuckett
Nevada + Utah,1,NV,Clark County,Las Vegas,89178,27588,78849,1.173936258056661,3,,,0,3,10500,James Tuckett
Nevada + Utah,1,NV,Washoe County,Sparks,89431,36189,37110,0.8053634178328777,3,,,0,3,10500,James Tuckett
Nevada + Utah,1,NV,Washoe County,Reno,89502,43566,33258,0.7624203610986097,3,1,1,0,3,10500,James Tuckett
Nevada + Utah,1,NV,Washoe County,Reno,89509,33395,52516,0.9580589698745852,3,23,7,0,3,10500,James Tuckett
Nevada + Utah,1,NV,Washoe County,Reno,89511,25011,81080,1.1904284335747715,3,13,9,0,3,10500,James Tuckett
Nevada + Utah,1,NV,Washoe County,Reno,89521,25716,77282,1.1622126492623865,3,14,7,0,3,10500,James Tuckett
Nevada + Utah,1,NV,Washoe County,Reno,89523,31373,64756,1.0638647731524744,3,3,2,0,3,10500,James Tuckett
Nevada + Utah,1,NV,Carson City,Carson City,89701,27625,50752,0.9418310459408754,3,5,2,0,3,10500,James Tuckett
Nevada + Utah,1,NV,Elko County,Elko,89801,23298,71623,1.118852084845571,3,,,0,3,10500,James Tuckett
Nevada + Utah,1,UT,Utah County,Eagle Mountain,84005,21410,68408,1.0934523649442733,2,,,0,2,7000,James Tuckett
Nevada + Utah,1,UT,Davis County,Centerville,84014,15268,75806,1.1510606622974846,2,2,1,0,2,7000,James Tuckett
Nevada + Utah,1,UT,Davis County,Farmington,84025,18255,85691,1.2238100829270067,2,2,2,0,2,7000,James Tuckett
Nevada + Utah,1,UT,Wasatch County,Heber City,84032,17249,60121,1.0250841520938911,2,1,1,0,2,7000,James Tuckett
Nevada + Utah,1,UT,Utah County,Saratoga Springs,84045,16875,73424,1.1328318260325436,2,4,3,0,2,7000,James Tuckett
Nevada + Utah,1,UT,Davis County,North Salt Lake,84054,16196,71354,1.1167490289981088,2,,,0,2,7000,James Tuckett
Nevada + Utah,1,UT,Davis County,Woods Cross,84087,13983,78962,1.1747771520671029,2,,,0,2,7000,James Tuckett
Nevada + Utah,1,UT,Utah County,Orem,84097,21322,67782,1.0884377880651082,2,4,2,0,2,7000,James Tuckett
Nevada + Utah,1,UT,Summit County,Park City,84098,17282,109771,1.3851290311131714,2,6,3,0,2,7000,James Tuckett
Nevada + Utah,1,UT,Salt Lake County,Salt Lake City,84103,21084,53775,0.9694750372740953,2,5,4,0,2,7000,James Tuckett
Nevada + Utah,1,UT,Salt Lake County,Salt Lake City,84104,24869,38264,0.8177896418039446,2,,,0,2,7000,James Tuckett
Nevada + Utah,1,UT,Salt Lake County,Salt Lake City,84105,22140,62645,1.0463804773706904,2,4,1,0,2,7000,James Tuckett
Nevada + Utah,1,UT,Salt Lake County,Salt Lake City,84115,24668,31463,0.7415603259184892,2,,,0,2,7000,James Tuckett
Nevada + Utah,1,UT,Salt Lake County,Salt Lake City,84117,24305,54290,0.9741062780118669,2,11,7,0,2,7000,James Tuckett
Nevada + Utah,1,UT,Salt Lake County,Salt Lake City,84124,21295,74621,1.1420285309255733,2,11,9,0,2,7000,James Tuckett
Nevada + Utah,1,UT,Box Elder County,Brigham City,84302,23703,58026,1.0070655467521767,2,,,0,2,7000,James Tuckett
Nevada + Utah,1,UT,Cache County,Logan,84341,20109,47931,0.9152814623415042,2,15,9,0,2,7000,James Tuckett
Nevada + Utah,1,UT,Utah County,Provo,84606,32291,31675,0.7440544754449725,2,1,1,0,2,7000,James Tuckett
Nevada + Utah,1,UT,Utah County,Payson,84651,23457,63088,1.0500737484464906,2,,,0,2,7000,James Tuckett
Nevada + Utah,1,UT,Iron County,Cedar City,84720,19705,43427,0.8712169893125072,2,,,0,2,7000,James Tuckett
Nevada + Utah,1,UT,Iron County,Cedar City,84721,20961,42334,0.8601834337677339,2,3,2,0,2,7000,James Tuckett
Nevada + Utah,1,UT,Washington County,Washington,84780,18756,47686,0.9129392281971084,2,,,0,2,7000,James Tuckett
Nevada + Utah,1,NV,Clark County,Boulder City,89005,15065,58283,1.0092932541710693,2,,,0,2,7000,James Tuckett
Nevada + Utah,1,NV,Clark County,Henderson,89011,19550,55856,0.9880554937310563,2,,,0,2,7000,James Tuckett
Nevada + Utah,1,NV,Clark County,Henderson,89044,14260,72573,1.1262478102642526,2,1,1,0,2,7000,James Tuckett
Nevada + Utah,1,NV,Nye County,Pahrump,89048,21169,37996,0.8149207214762388,2,3,3,0,2,7000,James Tuckett
Nevada + Utah,1,NV,Clark County,North Las Vegas,89084,21837,73551,1.1338111208377362,2,1,1,0,2,7000,James Tuckett
Nevada + Utah,1,NV,Clark County,Las Vegas,89106,25759,28506,0.7058534827567524,2,6,4,0,2,7000,James Tuckett
Nevada + Utah,1,NV,Clark County,Las Vegas,89118,19318,51250,0.9464405873083397,2,8,5,0,2,7000,James Tuckett
Nevada + Utah,1,NV,Clark County,Las Vegas,89120,23311,49335,0.9285899686687334,2,1,1,0,2,7000,James Tuckett
Nevada + Utah,1,NV,Clark County,Las Vegas,89134,24040,61561,1.037287762911303,2,,,0,2,7000,James Tuckett
Nevada + Utah,1,NV,Clark County,Las Vegas,89138,12118,104361,1.3505651452608773,2,,,0,2,7000,James Tuckett
Nevada + Utah,1,NV,Clark County,Las Vegas,89143,12786,83590,1.2087140883548384,2,,,0,2,7000,James Tuckett
Nevada + Utah,1,NV,Clark County,Las Vegas,89144,18714,73492,1.1333562780981257,2,15,7,0,2,7000,James Tuckett
Nevada + Utah,1,NV,Clark County,Las Vegas,89145,23186,56524,0.9939461718217518,2,5,4,0,2,7000,James Tuckett
Nevada + Utah,1,NV,Clark County,Las Vegas,89146,19071,43003,0.8669534886947712,2,2,2,0,2,7000,James Tuckett
Nevada + Utah,1,NV,Clark County,Las Vegas,89156,27794,44420,0.8811212974079781,2,,,0,2,7000,James Tuckett
Nevada + Utah,1,NV,Clark County,Las Vegas,89169,23304,31331,0.7400031182976753,2,1,1,0,2,7000,James Tuckett
Nevada + Utah,1,NV,Churchill County,Fallon,89406,24772,49830,0.9332368198827654,2,1,1,0,2,7000,James Tuckett
Nevada + Utah,1,NV,Lyon County,Fernley,89408,19626,53111,0.9634710303319867,2,2,2,0,2,7000,James Tuckett
Nevada + Utah,1,NV,Washoe County,Sun Valley,89433,20188,41639,0.8530933704686082,2,,,0,2,7000,James Tuckett
Nevada + Utah,1,NV,Washoe County,Sparks,89434,25416,52454,0.9574932642021511,2,1,1,0,2,7000,James Tuckett
Nevada + Utah,1,NV,Humboldt County,Winnemucca,89445,16114,65098,1.0666704021416331,2,,,0,2,7000,James Tuckett
Nevada + Utah,1,NV,Washoe County,Reno,89503,27891,39912,0.8352147722162848,2,4,2,0,2,7000,James Tuckett
Nevada + Utah,1,NV,Washoe County,Reno,89512,25574,31081,0.7370448452722914,2,,,0,2,7000,James Tuckett
Nevada + Utah,1,NV,Carson City,Carson City,89706,19510,42955,0.8664695063414822,2,,,0,2,7000,James Tuckett
Nevada + Utah,1,NV,Elko County,Spring Creek,89815,13346,89296,1.2492875849160887,2,,,0,2,7000,James Tuckett
Nevada + Utah,1,UT,Utah County,Alpine,84004,9818,98966,1.3151928227539207,1,2,1,0,1,3500,James Tuckett
Nevada + Utah,1,UT,Tooele County,Grantsville,84029,9473,63419,1.0528248239551472,1,,,0,1,3500,James Tuckett
Nevada + Utah,1,UT,Summit County,Kamas,84036,6045,60335,1.026906919061602,1,,,0,1,3500,James Tuckett
Nevada + Utah,1,UT,Utah County,Lindon,84042,10094,89286,1.249217630911268,1,3,3,0,1,3500,James Tuckett
Nevada + Utah,1,UT,Wasatch County,Midway,84049,4372,80431,1.1856545047034253,1,,,0,1,3500,James Tuckett
Nevada + Utah,1,UT,Morgan County,Morgan,84050,9290,80529,1.1863766066867103,1,,,0,1,3500,James Tuckett
Nevada + Utah,1,UT,Summit County,Park City,84060,7596,83202,1.205905579258194,1,,,0,1,3500,James Tuckett
Nevada + Utah,1,UT,Duchesne County,Roosevelt,84066,11283,61384,1.035795486180971,1,3,2,0,1,3500,James Tuckett
Nevada + Utah,1,UT,Salt Lake County,Salt Lake City,84102,17421,35826,0.7913080471777185,1,10,7,0,1,3500,James Tuckett
Nevada + Utah,1,UT,Salt Lake County,Salt Lake City,84111,10744,26736,0.6835883265483848,1,6,5,0,1,3500,James Tuckett
Nevada + Utah,1,UT,Weber County,Hooper,84315,7581,80766,1.1881211005034855,1,,,0,1,3500,James Tuckett
Nevada + Utah,1,UT,Cache County,Hyrum,84319,7905,57328,1.0009901799371097,1,,,0,1,3500,James Tuckett
Nevada + Utah,1,UT,Cache County,Providence,84332,7218,63284,1.0517036530869142,1,5,3,0,1,3500,James Tuckett
Nevada + Utah,1,UT,Cache County,Smithfield,84335,11372,57019,0.9982888482557606,1,,,0,1,3500,James Tuckett
Nevada + Utah,1,UT,Box Elder County,Tremonton,84337,11393,57009,0.9982013044000193,1,,,0,1,3500,James Tuckett
Nevada + Utah,1,UT,Cache County,Wellsville,84339,5046,59222,1.0173911523040022,1,,,0,1,3500,James Tuckett
Nevada + Utah,1,UT,Carbon County,Price,84501,13612,47965,0.9156060336313359,1,1,1,0,1,3500,James Tuckett
Nevada + Utah,1,UT,Grand County,Moab,84532,9772,45975,0.8964112338014306,1,,,0,1,3500,James Tuckett
Nevada + Utah,1,UT,Millard County,Delta,84624,5668,47394,0.9101397944054912,1,,,0,1,3500,James Tuckett
Nevada + Utah,1,UT,Sanpete County,Ephraim,84627,6310,43506,0.8720090641670318,1,,,0,1,3500,James Tuckett
Nevada + Utah,1,UT,Juab County,Nephi,84648,5776,55157,0.9818536069714247,1,,,0,1,3500,James Tuckett
Nevada + Utah,1,UT,Utah County,Salem,84653,7947,75560,1.14919147635164,1,1,1,0,1,3500,James Tuckett
Nevada + Utah,1,UT,Utah County,Santaquin,84655,10547,59466,1.0194848697586172,1,,,0,1,3500,James Tuckett
Nevada + Utah,1,UT,Utah County,Mapleton,84664,8033,86196,1.2274109057656355,1,2,1,0,1,3500,James Tuckett
Nevada + Utah,1,UT,Sevier County,Richfield,84701,8692,44973,0.88658902508711,1,3,2,0,1,3500,James Tuckett
Nevada + Utah,1,UT,Washington County,Hurricane,84737,14838,46292,0.899496325851778,1,,,0,1,3500,James Tuckett
Nevada + Utah,1,UT,Washington County,Ivins,84738,6878,54259,0.9738281272790399,1,2,2,0,1,3500,James Tuckett
Nevada + Utah,1,UT,Kane County,Kanab,84741,5556,49858,0.9334989808422147,1,,,0,1,3500,James Tuckett
Nevada + Utah,1,UT,Washington County,Santa Clara,84765,6143,62143,1.042179507108865,1,,,0,1,3500,James Tuckett
Nevada + Utah,1,NV,Clark County,Mesquite,89027,15275,44579,0.8826968618024744,1,3,3,0,1,3500,James Tuckett
Nevada + Utah,1,NV,Clark County,Laughlin,89029,7546,36536,0.7991106539072316,1,1,1,0,1,3500,James Tuckett
Nevada + Utah,1,NV,Nye County,Pahrump,89060,10227,38217,0.8172872384578342,1,,,0,1,3500,James Tuckett
Nevada + Utah,1,NV,Clark County,Las Vegas,89109,7770,40074,0.836908094686682,1,2,2,0,1,3500,James Tuckett
Nevada + Utah,1,NV,Clark County,Las Vegas,89166,13209,65645,1.0711424915464978,1,1,1,0,1,3500,James Tuckett
Nevada + Utah,1,NV,White Pine County,Ely,89301,7606,49340,0.9286370228109344,1,,,0,1,3500,James Tuckett
Nevada + Utah,1,NV,Lyon County,Dayton,89403,14158,48916,0.9246383234694748,1,,,0,1,3500,James Tuckett
Nevada + Utah,1,NV,Douglas County,Gardnerville,89410,10557,53784,0.9695561614981003,1,,,0,1,3500,James Tuckett
Nevada + Utah,1,NV,Douglas County,Minden,89423,10465,72841,1.1283254167462038,1,7,2,0,1,3500,James Tuckett
Nevada + Utah,1,NV,Lyon County,Silver Springs,89429,7627,32459,0.7532063790152597,1,,,0,1,3500,James Tuckett
Nevada + Utah,1,NV,Washoe County,Sparks,89441,11542,77619,1.1647438959414065,1,,,0,1,3500,James Tuckett
Nevada + Utah,1,NV,Lyon County,Yerington,89447,7931,40565,0.8420195240292382,1,,,0,1,3500,James Tuckett
Nevada + Utah,1,NV,Washoe County,Incline Village,89451,8930,71366,1.1168429300055198,1,,,0,1,3500,James Tuckett
Nevada + Utah,1,NV,Douglas County,Gardnerville,89460,13236,55932,0.9887274599610657,1,,,0,1,3500,James Tuckett
Nevada + Utah,1,NV,Washoe County,Reno,89508,11662,65659,1.071256705846324,1,,,0,1,3500,James Tuckett
Nevada + Utah,1,NV,Washoe County,Reno,89519,8392,117975,1.4359569320350827,1,7,5,0,1,3500,James Tuckett
Nevada + Utah,1,NV,Carson City,Carson City,89703,9714,70399,1.1092505853879542,1,6,5,0,1,3500,James Tuckett
Nevada + Utah,1,NV,Washoe County,Washoe Valley,89704,4290,81909,1.1964987064052677,1,,,0,1,3500,James Tuckett
Nevada + Utah,1,NV,Lander County,Battle Mountain,89820,5358,74637,1.1421509594451533,1,,,0,1,3500,James Tuckett
Nevada + Utah,1,UT,Duchesne County,Altamont,84001,725,68571,1.0947543083590068,0,,,0,0,0,James Tuckett
Nevada + Utah,1,UT,Duchesne County,Altonah,84002,302,48438,0.9201095173476882,0,,,0,0,0,James Tuckett
Nevada + Utah,1,UT,Salt Lake County,Bingham Canyon,84006,826,44844,0.8853165714322947,0,,,0,0,0,James Tuckett
Nevada + Utah,1,UT,Duchesne County,Bluebell,84007,740,85455,1.2221236846368122,0,,,0,0,0,James Tuckett
Nevada + Utah,1,UT,Utah County,Cedar Valley,84013,1011,79833,1.1812386439064388,0,,,0,0,0,James Tuckett
Nevada + Utah,1,UT,Summit County,Coalville,84017,3556,59946,1.0235911591404903,0,,,0,0,0,James Tuckett
Nevada + Utah,1,UT,Morgan County,Croydon,84018,179,38333,0.8185266540062238,0,,,0,0,0,James Tuckett
Nevada + Utah,1,UT,Duchesne County,Duchesne,84021,3323,45625,0.8929926004611938,0,,,0,0,0,James Tuckett
Nevada + Utah,1,UT,Tooele County,Dugway,84022,896,64063,1.0581568743116445,0,,,0,0,0,James Tuckett
Nevada + Utah,1,UT,Daggett County,Dutch John,84023,266,57917,1.006119231798502,0,,,0,0,0,James Tuckett
Nevada + Utah,1,UT,Uintah County,Fort Duchesne,84026,1668,36429,0.7979396508613752,0,,,0,0,0,James Tuckett
Nevada + Utah,1,UT,Duchesne County,Fruitland,84027,452,36705,0.8009566946620613,0,,,0,0,0,James Tuckett
Nevada + Utah,1,UT,Rich County,Garden City,84028,824,36944,0.8035601280435068,0,,,0,0,0,James Tuckett
Nevada + Utah,1,UT,Duchesne County,Hanna,84031,259,49375,0.9289663350713263,0,,,0,0,0,James Tuckett
Nevada + Utah,1,UT,Tooele County,Ibapah,84034,209,42083,0.8576296115083895,0,,,0,0,0,James Tuckett
Nevada + Utah,1,UT,Uintah County,Jensen,84035,748,111250,1.394429080585692,0,,,0,0,0,James Tuckett
Nevada + Utah,1,UT,Uintah County,Lapoint,84039,1102,58750,1.0133287323170936,0,,,0,0,0,James Tuckett
Nevada + Utah,1,UT,Daggett County,Manila,84046,793,45667,0.8934035271652335,0,,,0,0,0,James Tuckett
Nevada + Utah,1,UT,Duchesne County,Mountain Home,84051,402,65000,1.0658672048782838,0,,,0,0,0,James Tuckett
Nevada + Utah,1,UT,Duchesne County,Myton,84052,1403,50192,0.9366205283501695,0,,,0,0,0,James Tuckett
Nevada + Utah,1,UT,Duchesne County,Neola,84053,1115,88000,1.2401886646938596,0,,,0,0,0,James Tuckett
Nevada + Utah,1,UT,Summit County,Oakley,84055,1406,73646,1.1345431115526186,0,,,0,0,0,James Tuckett
Nevada + Utah,1,UT,Summit County,Peoa,84061,391,37200,0.8063394191013311,0,,,0,0,0,James Tuckett
Nevada + Utah,1,UT,Uintah County,Randlett,84063,334,64000,1.0576364469153552,0,,,0,0,0,James Tuckett
Nevada + Utah,1,UT,Tooele County,Rush Valley,84069,505,65000,1.0658672048782838,0,,,0,0,0,James Tuckett
Nevada + Utah,1,UT,Tooele County,Stockton,84071,1175,67200,1.0837548599826086,0,,,0,0,0,James Tuckett
Nevada + Utah,1,UT,Duchesne County,Tabiona,84072,372,48654,0.9221587615728206,0,,,0,0,0,James Tuckett
Nevada + Utah,1,UT,Duchesne County,Talmage,84073,191,76563,1.1567936410805275,0,,,0,0,0,James Tuckett
Nevada + Utah,1,UT,Uintah County,Tridell,84076,390,77083,1.1607153446180611,0,,,0,0,0,James Tuckett
Nevada + Utah,1,UT,Tooele County,Vernon,84080,304,44792,0.8848031268784516,0,,,0,0,0,James Tuckett
Nevada + Utah,1,UT,Wasatch County,Wallsburg,84082,743,66532,1.0783548872003732,0,,,0,0,0,James Tuckett
Nevada + Utah,1,UT,Tooele County,Wendover,84083,1516,29674,0.7201690740392044,0,,,0,0,0,James Tuckett
Nevada + Utah,1,UT,Uintah County,Whiterocks,84085,531,35855,0.7916282516569013,0,,,0,0,0,James Tuckett
Nevada + Utah,1,UT,Rich County,Woodruff,84086,401,62500,1.04516878395634,0,,,0,0,0,James Tuckett
Nevada + Utah,1,UT,Salt Lake County,Salt Lake City,84101,5277,36111,0.7944492861326878,0,2,2,0,0,0,James Tuckett
Nevada + Utah,1,UT,Box Elder County,Collinston,84306,318,86389,1.2287842748825117,0,,,0,0,0,James Tuckett
Nevada + Utah,1,UT,Box Elder County,Corinne,84307,1375,63162,1.0506894177044996,0,,,0,0,0,James Tuckett
Nevada + Utah,1,UT,Cache County,Cornish,84308,325,43125,0.8681823961588798,0,,,0,0,0,James Tuckett
Nevada + Utah,1,UT,Box Elder County,Deweyville,84309,535,55188,0.9821294847957307,0,,,0,0,0,James Tuckett
Nevada + Utah,1,UT,Weber County,Eden,84310,4111,76429,1.1557808918947867,0,,,0,0,0,James Tuckett
Nevada + Utah,1,UT,Box Elder County,Fielding,84311,714,60341,1.0269579780517504,0,,,0,0,0,James Tuckett
Nevada + Utah,1,UT,Box Elder County,Garland,84312,4028,56429,0.9931105569084144,0,,,0,0,0,James Tuckett
Nevada + Utah,1,UT,Box Elder County,Honeyville,84314,1031,45208,0.8889023792767514,0,,,0,0,0,James Tuckett
Nevada + Utah,1,UT,Weber County,Huntsville,84317,2304,89958,1.253909859337951,0,,,0,0,0,James Tuckett
Nevada + Utah,1,UT,Cache County,Hyde Park,84318,3918,72760,1.1276978870529104,0,,,0,0,0,James Tuckett
Nevada + Utah,1,UT,Cache County,Lewiston,84320,2237,48665,0.9222629993857624,0,,,0,0,0,James Tuckett
Nevada + Utah,1,UT,Box Elder County,Mantua,84324,701,79338,1.1775708478835678,0,,,0,0,0,James Tuckett
Nevada + Utah,1,UT,Cache County,Mendon,84325,2078,76583,1.1569447216423827,0,,,0,0,0,James Tuckett
Nevada + Utah,1,UT,Cache County,Paradise,84328,1666,67622,1.0871523956435252,0,,,0,0,0,James Tuckett
Nevada + Utah,1,UT,Box Elder County,Park Valley,84329,202,26172,0.6763396950081543,0,,,0,0,0,James Tuckett
Nevada + Utah,1,UT,Box Elder County,Portage,84331,272,51319,0.9470774891112951,0,,,0,0,0,James Tuckett
Nevada + Utah,1,UT,Cache County,Richmond,84333,2722,54157,0.9729123603549749,0,,,0,0,0,James Tuckett
Nevada + Utah,1,UT,Box Elder County,Snowville,84336,281,44464,0.8815575844537532,0,,,0,0,0,James Tuckett
Nevada + Utah,1,UT,Cache County,Trenton,84338,481,49028,0.9256962624007227,0,,,0,0,0,James Tuckett
Nevada + Utah,1,UT,Box Elder County,Willard,84340,3369,56094,0.9901582869949899,0,,,0,0,0,James Tuckett
Nevada + Utah,1,UT,San Juan County,Blanding,84511,4672,48715,0.9227366592184295,0,,,0,0,0,James Tuckett
Nevada + Utah,1,UT,Carbon County,East Carbon,84520,1302,28688,0.7081032009781166,0,,,0,0,0,James Tuckett
Nevada + Utah,1,UT,Emery County,Elmo,84521,840,52222,0.9553734582074733,0,,,0,0,0,James Tuckett
Nevada + Utah,1,UT,Emery County,Green River,84525,1183,38594,0.821308500477717,0,,,0,0,0,James Tuckett
Nevada + Utah,1,UT,Carbon County,Helper,84526,4134,45765,0.8943616218964388,0,,,0,0,0,James Tuckett
Nevada + Utah,1,UT,Carbon County,Kenilworth,84529,180,14224,0.5,0,,,0,0,0,James Tuckett
Nevada + Utah,1,UT,Kane County,Lake Powell,84533,267,30000,0.724114174518944,0,,,0,0,0,James Tuckett
Nevada + Utah,1,UT,San Juan County,Monticello,84535,2601,47468,0.9108500538838578,0,,,0,0,0,James Tuckett
Nevada + Utah,1,UT,Carbon County,Wellington,84542,1806,48929,0.9247611820400595,0,,,0,0,0,James Tuckett
Nevada + Utah,1,UT,Sanpete County,Axtell,84621,240,86331,1.2283717139417711,0,,,0,0,0,James Tuckett
Nevada + Utah,1,UT,Sanpete County,Chester,84623,405,140433,1.5,0,,,0,0,0,James Tuckett
Nevada + Utah,1,UT,Sanpete County,Fairview,84629,2531,58110,1.007794210739936,0,,,0,0,0,James Tuckett
Nevada + Utah,1,UT,Sanpete County,Fayette,84630,294,50625,0.9406519055607059,0,,,0,0,0,James Tuckett
Nevada + Utah,1,UT,Millard County,Fillmore,84631,3067,50903,0.9432310977864178,0,,,0,0,0,James Tuckett
Nevada + Utah,1,UT,Millard County,Hinckley,84635,863,50329,0.9378979188781473,0,,,0,0,0,James Tuckett
Nevada + Utah,1,UT,Sanpete County,Manti,84642,3548,51596,0.9496300272912328,0,,,0,0,0,James Tuckett
Nevada + Utah,1,UT,Juab County,Mona,84645,2620,56776,0.9961593545794393,0,,,0,0,0,James Tuckett
Nevada + Utah,1,UT,Sanpete County,Mount Pleasant,84647,4019,43324,0.8701832013282287,0,,,0,0,0,James Tuckett
Nevada + Utah,1,UT,Sevier County,Salina,84654,2689,46645,0.9029193706868736,0,,,0,0,0,James Tuckett
Nevada + Utah,1,UT,Sanpete County,Wales,84667,405,54118,0.9725619862982654,0,,,0,0,0,James Tuckett
Nevada + Utah,1,UT,Garfield County,Antimony,84712,201,58000,1.0068399010249278,0,,,0,0,0,James Tuckett
Nevada + Utah,1,UT,Beaver County,Beaver,84713,3792,44969,0.8865495965971374,0,,,0,0,0,James Tuckett
Nevada + Utah,1,UT,Iron County,Beryl,84714,835,22500,0.6271012703738039,0,,,0,0,0,James Tuckett
Nevada + Utah,1,UT,Washington County,Central,84722,615,42353,0.8603764423644363,0,,,0,0,0,James Tuckett
Nevada + Utah,1,UT,Sevier County,Elsinore,84724,1214,40284,0.8390980564369501,0,,,0,0,0,James Tuckett
Nevada + Utah,1,UT,Washington County,Gunlock,84733,202,76250,1.1544266542692372,0,,,0,0,0,James Tuckett
Nevada + Utah,1,UT,Sevier County,Joseph,84739,507,40865,0.845127382247089,0,,,0,0,0,James Tuckett
Nevada + Utah,1,UT,Iron County,Kanarraville,84742,260,58375,1.0100895272289616,0,,,0,0,0,James Tuckett
Nevada + Utah,1,UT,Piute County,Kingston,84743,34,19167,0.5787932970254648,0,,,0,0,0,James Tuckett
Nevada + Utah,1,UT,Sevier County,Koosharem,84744,411,60804,1.030890403161226,0,,,0,0,0,James Tuckett
Nevada + Utah,1,UT,Washington County,La Verkin,84745,4066,42649,0.8633777410697542,0,,,0,0,0,James Tuckett
Nevada + Utah,1,UT,Wayne County,Loa,84747,1097,49076,0.9261492948564235,0,,,0,0,0,James Tuckett
Nevada + Utah,1,UT,Beaver County,Milford,84751,1680,45982,0.8964794734948159,0,,,0,0,0,James Tuckett
Nevada + Utah,1,UT,Iron County,Modena,84753,26,18333,0.5660609432671156,0,,,0,0,0,James Tuckett
Nevada + Utah,1,UT,Sevier County,Monroe,84754,3652,45850,0.8951917920264292,0,,,0,0,0,James Tuckett
Nevada + Utah,1,UT,Washington County,New Harmony,84757,1167,56534,0.9940340904239796,0,,,0,0,0,James Tuckett
Nevada + Utah,1,UT,Garfield County,Panguitch,84759,2112,47208,0.908352095316836,0,,,0,0,0,James Tuckett
Nevada + Utah,1,UT,Kane County,Duck Creek Village,84762,248,45114,0.8879777608095186,0,,,0,0,0,James Tuckett
Nevada + Utah,1,UT,Sevier County,Sevier,84766,147,85375,1.221551495837549,0,,,0,0,0,James Tuckett
Nevada + Utah,1,UT,Wayne County,Teasdale,84773,321,26875,0.6853630048313178,0,,,0,0,0,James Tuckett
Nevada + Utah,1,UT,Washington County,Toquerville,84774,1399,48854,0.9240521578697709,0,,,0,0,0,James Tuckett
Nevada + Utah,1,UT,Wayne County,Torrey,84775,431,38750,0.822966723454357,0,,,0,0,0,James Tuckett
Nevada + Utah,1,UT,Washington County,Virgin,84779,641,41750,0.8542296890691199,0,,,0,0,0,James Tuckett
Nevada + Utah,1,UT,Washington County,Pine Valley,84781,188,90433,1.2572159744951508,0,,,0,0,0,James Tuckett
Nevada + Utah,1,UT,Washington County,Veyo,84782,794,50362,0.9382053515662085,0,,,0,0,0,James Tuckett
Nevada + Utah,1,UT,Washington County,Dammeron Valley,84783,805,63750,1.0555687294988942,0,,,0,0,0,James Tuckett
Nevada + Utah,1,NV,Lincoln County,Alamo,89001,1224,50446,0.9389874532991072,0,,,0,0,0,James Tuckett
Nevada + Utah,1,NV,Lincoln County,Caliente,89008,1508,23321,0.638439878073028,0,,,0,0,0,James Tuckett
Nevada + Utah,1,NV,Esmeralda County,Dyer,89010,415,32679,0.7557546024996254,0,,,0,0,0,James Tuckett
Nevada + Utah,1,NV,Esmeralda County,Goldfield,89013,285,43409,0.8710364158082634,0,,,0,0,0,James Tuckett
Nevada + Utah,1,NV,Clark County,Jean,89019,2673,38269,0.8178430708056288,0,,,0,0,0,James Tuckett
Nevada + Utah,1,NV,Nye County,Amargosa Valley,89020,1456,28185,0.7018679981349961,0,,,0,0,0,James Tuckett
Nevada + Utah,1,NV,Clark County,Cal Nev Ari,89039,316,21000,0.6058373844667199,0,,,0,0,0,James Tuckett
Nevada + Utah,1,NV,Clark County,Overton,89040,3721,40147,0.8376700162995319,0,,,0,0,0,James Tuckett
Nevada + Utah,1,NV,Lincoln County,Pioche,89043,1429,43676,0.8737110938805717,0,,,0,0,0,James Tuckett
Nevada + Utah,1,NV,Nye County,Round Mountain,89045,1505,92813,1.273652131727147,0,,,0,0,0,James Tuckett
Nevada + Utah,1,NV,Clark County,Searchlight,89046,660,35515,0.7878659490422958,0,,,0,0,0,James Tuckett
Nevada + Utah,1,NV,Nye County,Tonopah,89049,2727,40896,0.8454478763390135,0,,,0,0,0,James Tuckett
Nevada + Utah,1,NV,Clark County,Sloan,89054,105,52536,0.9582413843332886,0,,,0,0,0,James Tuckett
Nevada + Utah,1,NV,Nye County,Pahrump,89061,5252,51513,0.9488659078247406,0,,,0,0,0,James Tuckett
Nevada + Utah,1,NV,Clark County,North Las Vegas,89085,3367,81319,1.1921816590270993,0,,,0,0,0,James Tuckett
Nevada + Utah,1,NV,Clark County,North Las Vegas,89086,4726,51736,0.9509175121828027,0,3,2,0,0,0,James Tuckett
Nevada + Utah,1,NV,Clark County,Las Vegas,89124,941,71705,1.1194923793486795,0,,,0,0,0,James Tuckett
Nevada + Utah,1,NV,Clark County,Las Vegas,89179,2340,78639,1.1723719327141453,0,,,0,0,0,James Tuckett
Nevada + Utah,1,NV,Lander County,Austin,89310,550,43691,0.8738611138154935,0,,,0,0,0,James Tuckett
Nevada + Utah,1,NV,White Pine County,Baker,89311,235,56719,0.9956591842465073,0,,,0,0,0,James Tuckett
Nevada + Utah,1,NV,Nye County,Duckwater,89314,158,27500,0.6932865397950408,0,,,0,0,0,James Tuckett
Nevada + Utah,1,NV,Eureka County,Eureka,89316,1408,63603,1.05435101846633,0,,,0,0,0,James Tuckett
Nevada + Utah,1,NV,Douglas County,Glenbrook,89413,655,114196,1.4127713120491416,0,,,0,0,0,James Tuckett
Nevada + Utah,1,NV,Humboldt County,Golconda,89414,349,58500,1.011170415207813,0,,,0,0,0,James Tuckett
Nevada + Utah,1,NV,Mineral County,Hawthorne,89415,3793,37003,0.8042015195286467,0,,,0,0,0,James Tuckett
Nevada + Utah,1,NV,Pershing County,Imlay,89418,388,71005,1.1140146122048185,0,,,0,0,0,James Tuckett
Nevada + Utah,1,NV,Pershing County,Lovelock,89419,5150,51389,0.9477231840061457,0,,,0,0,0,James Tuckett
Nevada + Utah,1,NV,Mineral County,Luning,89420,48,10469,0.5,0,,,0,0,0,James Tuckett
Nevada + Utah,1,NV,Humboldt County,Orovada,89425,432,35476,0.787433241564805,0,,,0,0,0,James Tuckett
Nevada + Utah,1,NV,Lyon County,Smith,89430,433,68993,1.0981178126631677,0,,,0,0,0,James Tuckett
Nevada + Utah,1,NV,Lyon County,Wellington,89444,2734,48920,0.9246761278452075,0,,,0,0,0,James Tuckett
Nevada + Utah,1,NV,Washoe County,Reno,89501,4252,22345,0.6249375219914275,0,,,0,0,0,James Tuckett
Nevada + Utah,1,NV,Washoe County,Reno,89510,1685,60066,1.0246151601560118,0,,,0,0,0,James Tuckett
Nevada + Utah,1,NV,Douglas County,Carson City,89705,4969,56146,0.9906171266557029,0,,,0,0,0,James Tuckett
Nevada + Utah,1,NV,Eureka County,Crescent Valley,89821,482,91250,1.2628822466710388,0,,,0,0,0,James Tuckett
Nevada + Utah,1,NV,Elko County,Carlin,89822,2513,69048,1.0985554255205614,0,,,0,0,0,James Tuckett
Nevada + Utah,1,NV,Elko County,Deeth,89823,273,103446,1.3446314739706517,0,,,0,0,0,James Tuckett
Nevada + Utah,1,NV,Elko County,Jackpot,89825,1228,41220,0.8487903145381265,0,,,0,0,0,James Tuckett
Nevada + Utah,1,NV,Elko County,Lamoille,89828,268,58686,1.0127766411630574,0,,,0,0,0,James Tuckett
Nevada + Utah,1,NV,Elko County,Ruby Valley,89833,201,26674,0.6827952558626634,0,,,0,0,0,James Tuckett
Nevada + Utah,1,NV,Elko County,Wells,89835,1822,49167,0.9270075611454631,0,,,0,0,0,James Tuckett
Ohio (Columbus/Cleveland),1,OH,Franklin County,Hilliard,43026,54017,76813,1.158680732208908,6,5,2,0,6,21000,Sherry Quinn
Ohio (Columbus/Cleveland),1,OH,Franklin County,Westerville,43081,55991,68306,1.0926368627562915,6,14,6,0,6,21000,Sherry Quinn
Ohio (Columbus/Cleveland),1,OH,Franklin County,Grove City,43123,58424,60863,1.031390434297702,6,5,5,0,6,21000,Sherry Quinn
Ohio (Columbus/Cleveland),1,OH,Lorain County,Elyria,44035,64263,43449,0.8714376394486057,6,5,4,0,6,21000,Sherry Quinn
Ohio (Columbus/Cleveland),1,OH,Delaware County,Delaware,43015,48107,63130,1.0504232266326268,5,2,2,0,5,17500,Sherry Quinn
Ohio (Columbus/Cleveland),1,OH,Licking County,Newark,43055,59605,41981,0.8565896275275094,5,8,7,0,5,17500,Sherry Quinn
Ohio (Columbus/Cleveland),1,OH,Franklin County,Reynoldsburg,43068,51836,54176,0.9730830097061213,5,,,0,5,17500,Sherry Quinn
Ohio (Columbus/Cleveland),1,OH,Fairfield County,Lancaster,43130,59570,43234,0.8692788849734169,5,5,3,0,5,17500,Sherry Quinn
Ohio (Columbus/Cleveland),1,OH,Fairfield County,Pickerington,43147,38440,86510,1.2296445167584364,5,2,2,0,5,17500,Sherry Quinn
Ohio (Columbus/Cleveland),1,OH,Marion County,Marion,43302,54790,39591,0.8318493033082918,5,4,2,0,5,17500,Sherry Quinn
Ohio (Columbus/Cleveland),1,OH,Lake County,Painesville,44077,56491,55681,0.9865064626694761,6,6,4,1,5,17500,Sherry Quinn
Ohio (Columbus/Cleveland),1,OH,Cuyahoga County,Lakewood,44107,52244,43190,0.8688364321888266,5,2,2,0,5,17500,Sherry Quinn
Ohio (Columbus/Cleveland),1,OH,Cuyahoga County,Cleveland,44130,50639,48212,0.9179605034183987,5,3,3,0,5,17500,Sherry Quinn
Ohio (Columbus/Cleveland),1,OH,Franklin County,Dublin,43016,31306,86446,1.229189587793618,4,14,12,0,4,14000,Sherry Quinn
Ohio (Columbus/Cleveland),1,OH,Franklin County,Dublin,43017,37626,94704,1.2865615939298318,5,18,13,1,4,14000,Sherry Quinn
Ohio (Columbus/Cleveland),1,OH,Delaware County,Powell,43065,38821,110031,1.386768446578683,5,5,5,1,4,14000,Sherry Quinn
Ohio (Columbus/Cleveland),1,OH,Franklin County,Columbus,43204,42104,40815,0.844610200029725,4,,,0,4,14000,Sherry Quinn
Ohio (Columbus/Cleveland),1,OH,Franklin County,Columbus,43207,45144,39348,0.8292925289539286,4,,,0,4,14000,Sherry Quinn
Ohio (Columbus/Cleveland),1,OH,Franklin County,Columbus,43228,50737,39894,0.835026413310176,4,2,1,0,4,14000,Sherry Quinn
Ohio (Columbus/Cleveland),1,OH,Franklin County,Columbus,43229,46347,37518,0.8097785357594434,4,,,0,4,14000,Sherry Quinn
Ohio (Columbus/Cleveland),1,OH,Franklin County,Columbus,43235,38493,64666,1.063125219125926,4,2,1,0,4,14000,Sherry Quinn
Ohio (Columbus/Cleveland),1,OH,Lake County,Mentor,44060,60211,64446,1.0613152508710408,6,9,7,2,4,14000,Sherry Quinn
Ohio (Columbus/Cleveland),1,OH,Cuyahoga County,Cleveland,44118,40438,54635,0.9771964829276321,4,3,2,0,4,14000,Sherry Quinn
Ohio (Columbus/Cleveland),1,OH,Cuyahoga County,Cleveland,44134,38800,49141,0.9267624233111125,4,3,2,0,4,14000,Sherry Quinn
Ohio (Columbus/Cleveland),1,OH,Franklin County,Blacklick,43004,22727,71060,1.1144459828355855,3,,,0,3,10500,Sherry Quinn
Ohio (Columbus/Cleveland),1,OH,Delaware County,Lewis Center,43035,24721,101295,1.3305782678507052,3,,,0,3,10500,Sherry Quinn
Ohio (Columbus/Cleveland),1,OH,Union County,Marysville,43040,31790,61164,1.0339376767401343,3,5,3,0,3,10500,Sherry Quinn
Ohio (Columbus/Cleveland),1,OH,Knox County,Mount Vernon,43050,29050,42576,0.8626385259884617,3,,,0,3,10500,Sherry Quinn
Ohio (Columbus/Cleveland),1,OH,Franklin County,New Albany,43054,20566,103491,1.344923905951224,3,7,5,0,3,10500,Sherry Quinn
Ohio (Columbus/Cleveland),1,OH,Licking County,Pataskala,43062,27644,69257,1.1002167669419718,3,2,2,0,3,10500,Sherry Quinn
Ohio (Columbus/Cleveland),1,OH,Delaware County,Westerville,43082,29946,110137,1.3874362677805896,4,27,8,1,3,10500,Sherry Quinn
Ohio (Columbus/Cleveland),1,OH,Franklin County,Columbus,43085,23258,77156,1.1612648313313332,3,1,1,0,3,10500,Sherry Quinn
Ohio (Columbus/Cleveland),1,OH,Franklin County,Canal Winchester,43110,33847,60809,1.0309327880870178,3,,,0,3,10500,Sherry Quinn
Ohio (Columbus/Cleveland),1,OH,Franklin County,Galloway,43119,27698,56506,0.9937878987371862,3,,,0,3,10500,Sherry Quinn
Ohio (Columbus/Cleveland),1,OH,Franklin County,Columbus,43209,27228,54653,0.977357442826716,3,4,1,0,3,10500,Sherry Quinn
Ohio (Columbus/Cleveland),1,OH,Franklin County,Columbus,43214,24650,60547,1.0287094662099445,3,13,10,0,3,10500,Sherry Quinn
Ohio (Columbus/Cleveland),1,OH,Franklin County,Columbus,43221,31265,81343,1.1923575727066098,4,11,9,1,3,10500,Sherry Quinn
Ohio (Columbus/Cleveland),1,OH,Franklin County,Columbus,43224,38699,33598,0.7663076028454756,3,,,0,3,10500,Sherry Quinn
Ohio (Columbus/Cleveland),1,OH,Franklin County,Columbus,43230,51161,65785,1.072284087095963,5,25,13,2,3,10500,Sherry Quinn
Ohio (Columbus/Cleveland),1,OH,Franklin County,Columbus,43232,42201,37971,0.814652583115386,3,,,0,3,10500,Sherry Quinn
Ohio (Columbus/Cleveland),1,OH,Ashtabula County,Ashtabula,44004,33421,34150,0.7725770012064697,3,3,3,0,3,10500,Sherry Quinn
Ohio (Columbus/Cleveland),1,OH,Lorain County,Avon Lake,44012,22581,80271,1.1844746166081042,3,1,1,0,3,10500,Sherry Quinn
Ohio (Columbus/Cleveland),1,OH,Geauga County,Chardon,44024,23557,64572,1.0623522463618011,3,1,1,0,3,10500,Sherry Quinn
Ohio (Columbus/Cleveland),1,OH,Lorain County,North Ridgeville,44039,29563,67127,1.0831660534196768,3,,,0,3,10500,Sherry Quinn
Ohio (Columbus/Cleveland),1,OH,Cuyahoga County,North Olmsted,44070,32902,59288,1.0179579105883954,3,,,0,3,10500,Sherry Quinn
Ohio (Columbus/Cleveland),1,OH,Lake County,Eastlake,44095,33579,50685,0.9412091638474764,3,,,0,3,10500,Sherry Quinn
Ohio (Columbus/Cleveland),1,OH,Cuyahoga County,Cleveland,44102,45014,24609,0.6558332100065596,3,,,0,3,10500,Sherry Quinn
Ohio (Columbus/Cleveland),1,OH,Cuyahoga County,Cleveland,44105,40089,25441,0.6668275132652197,3,,,0,3,10500,Sherry Quinn
Ohio (Columbus/Cleveland),1,OH,Cuyahoga County,Cleveland,44109,40646,30139,0.7257897670382544,3,25,1,0,3,10500,Sherry Quinn
Ohio (Columbus/Cleveland),1,OH,Cuyahoga County,Cleveland,44111,39778,39473,0.830608725064164,3,1,1,0,3,10500,Sherry Quinn
Ohio (Columbus/Cleveland),1,OH,Cuyahoga County,Cleveland,44120,38196,29643,0.7197928006170626,3,,,0,3,10500,Sherry Quinn
Ohio (Columbus/Cleveland),1,OH,Cuyahoga County,Cleveland,44121,33220,53095,0.9633258937532609,3,4,2,0,3,10500,Sherry Quinn
Ohio (Columbus/Cleveland),1,OH,Cuyahoga County,Cleveland,44125,28730,43693,0.8738811145276212,3,2,1,0,3,10500,Sherry Quinn
Ohio (Columbus/Cleveland),1,OH,Cuyahoga County,Cleveland,44129,29090,50296,0.9375903853839622,3,1,1,0,3,10500,Sherry Quinn
Ohio (Columbus/Cleveland),1,OH,Cuyahoga County,Solon,44139,24356,96750,1.3003848715703696,3,2,2,0,3,10500,Sherry Quinn
Ohio (Columbus/Cleveland),1,OH,Cuyahoga County,Cleveland,44143,24499,60265,1.0263110431517337,3,6,3,0,3,10500,Sherry Quinn
Ohio (Columbus/Cleveland),1,OH,Cuyahoga County,Westlake,44145,32729,76358,1.155243926148554,4,32,18,1,3,10500,Sherry Quinn
Ohio (Columbus/Cleveland),1,OH,Cuyahoga County,Bedford,44146,29761,41850,0.8552521067768591,3,2,2,0,3,10500,Sherry Quinn
Ohio (Columbus/Cleveland),1,OH,Licking County,Granville,43023,13231,93932,1.2813070219704485,2,4,3,0,2,7000,Sherry Quinn
Ohio (Columbus/Cleveland),1,OH,Licking County,Heath,43056,17439,48504,0.9207361591991606,2,1,1,0,2,7000,Sherry Quinn
Ohio (Columbus/Cleveland),1,OH,Champaign County,Urbana,43078,20885,44259,0.8795230386787591,2,1,1,0,2,7000,Sherry Quinn
Ohio (Columbus/Cleveland),1,OH,Pickaway County,Circleville,43113,23717,47336,0.9095827168400761,2,1,1,0,2,7000,Sherry Quinn
Ohio (Columbus/Cleveland),1,OH,Hocking County,Logan,43138,18437,39735,0.8333607273177918,2,,,0,2,7000,Sherry Quinn
Ohio (Columbus/Cleveland),1,OH,Madison County,London,43140,24066,54462,0.9756481253668443,2,,,0,2,7000,Sherry Quinn
Ohio (Columbus/Cleveland),1,OH,Fayette County,Washington Court House,43160,22305,35968,0.7928747113259321,2,2,2,0,2,7000,Sherry Quinn
Ohio (Columbus/Cleveland),1,OH,Franklin County,Columbus,43201,35495,21086,0.6070766411684184,2,2,2,0,2,7000,Sherry Quinn
Ohio (Columbus/Cleveland),1,OH,Franklin County,Columbus,43202,20251,40904,0.8455305647715394,2,,,0,2,7000,Sherry Quinn
Ohio (Columbus/Cleveland),1,OH,Franklin County,Columbus,43206,21864,40720,0.8436266803261249,2,,,0,2,7000,Sherry Quinn
Ohio (Columbus/Cleveland),1,OH,Franklin County,Columbus,43212,18551,51585,0.9495287937933442,2,35,7,0,2,7000,Sherry Quinn
Ohio (Columbus/Cleveland),1,OH,Franklin County,Columbus,43213,30444,34521,0.7767622399013464,2,12,6,0,2,7000,Sherry Quinn
Ohio (Columbus/Cleveland),1,OH,Franklin County,Columbus,43219,27123,34267,0.7738993177477058,2,3,2,0,2,7000,Sherry Quinn
Ohio (Columbus/Cleveland),1,OH,Franklin County,Columbus,43220,24989,58199,1.0085656732060422,3,21,12,1,2,7000,Sherry Quinn
Ohio (Columbus/Cleveland),1,OH,Franklin County,Columbus,43223,27366,31143,0.7377796030706711,2,,,0,2,7000,Sherry Quinn
Ohio (Columbus/Cleveland),1,OH,Franklin County,Columbus,43227,21340,35995,0.7931722480420917,2,,,0,2,7000,Sherry Quinn
Ohio (Columbus/Cleveland),1,OH,Franklin County,Columbus,43231,19685,44962,0.8864805925198858,2,,,0,2,7000,Sherry Quinn
Ohio (Columbus/Cleveland),1,OH,Logan County,Bellefontaine,43311,19240,46706,0.9035095742058573,2,1,1,0,2,7000,Sherry Quinn
Ohio (Columbus/Cleveland),1,OH,Lorain County,Amherst,44001,20769,63722,1.0553368928675586,2,1,1,0,2,7000,Sherry Quinn
Ohio (Columbus/Cleveland),1,OH,Lorain County,Avon,44011,21193,82603,1.2015568723018677,3,7,6,1,2,7000,Sherry Quinn
Ohio (Columbus/Cleveland),1,OH,Cuyahoga County,Berea,44017,19161,56199,0.9910845715613477,2,,,0,2,7000,Sherry Quinn
Ohio (Columbus/Cleveland),1,OH,Geauga County,Chagrin Falls,44023,17351,98562,1.3125056308483165,2,2,2,0,2,7000,Sherry Quinn
Ohio (Columbus/Cleveland),1,OH,Lorain County,Grafton,44044,15951,63834,1.0562639340816193,2,,,0,2,7000,Sherry Quinn
Ohio (Columbus/Cleveland),1,OH,Lorain County,Lorain,44052,29850,29448,0.7174213943874614,2,,,0,2,7000,Sherry Quinn
Ohio (Columbus/Cleveland),1,OH,Lake County,Madison,44057,19961,50648,0.940865560247896,2,,,0,2,7000,Sherry Quinn
Ohio (Columbus/Cleveland),1,OH,Summit County,Northfield,44067,20441,67917,1.0895211583571436,2,5,3,0,2,7000,Sherry Quinn
Ohio (Columbus/Cleveland),1,OH,Summit County,Twinsburg,44087,20221,67840,1.0889033681068128,2,4,2,0,2,7000,Sherry Quinn
Ohio (Columbus/Cleveland),1,OH,Erie County,Vermilion,44089,15899,51442,0.9482117747982706,2,,,0,2,7000,Sherry Quinn
Ohio (Columbus/Cleveland),1,OH,Lake County,Wickliffe,44092,16835,47352,0.9097364274819574,2,,,0,2,7000,Sherry Quinn
Ohio (Columbus/Cleveland),1,OH,Lake County,Willoughby,44094,35234,56278,0.9917809201177715,3,4,4,1,2,7000,Sherry Quinn
Ohio (Columbus/Cleveland),1,OH,Cuyahoga County,Cleveland,44106,26896,22602,0.6285210926076803,2,43,8,0,2,7000,Sherry Quinn
Ohio (Columbus/Cleveland),1,OH,Cuyahoga County,Cleveland,44108,25679,23174,0.636424548048691,2,,,0,2,7000,Sherry Quinn
Ohio (Columbus/Cleveland),1,OH,Cuyahoga County,Beachwood,44122,34057,74054,1.137681464279326,4,32,22,2,2,7000,Sherry Quinn
Ohio (Columbus/Cleveland),1,OH,Cuyahoga County,Cleveland,44124,38282,55969,0.9890544361818207,4,32,18,2,2,7000,Sherry Quinn
Ohio (Columbus/Cleveland),1,OH,Cuyahoga County,Cleveland,44126,16771,52988,0.9623547302342567,2,3,2,0,2,7000,Sherry Quinn
Ohio (Columbus/Cleveland),1,OH,Cuyahoga County,Cleveland,44128,29274,32691,0.7558933494445248,2,,,0,2,7000,Sherry Quinn
Ohio (Columbus/Cleveland),1,OH,Cuyahoga County,North Royalton,44133,30394,66609,1.0789787172055159,3,3,1,1,2,7000,Sherry Quinn
Ohio (Columbus/Cleveland),1,OH,Cuyahoga County,Cleveland,44135,26861,38039,0.8153817131925267,2,,,0,2,7000,Sherry Quinn
Ohio (Columbus/Cleveland),1,OH,Cuyahoga County,Strongsville,44136,25608,71537,1.1181801625536147,3,7,4,1,2,7000,Sherry Quinn
Ohio (Columbus/Cleveland),1,OH,Cuyahoga County,Maple Heights,44137,23240,36689,0.8007821039524506,2,1,1,0,2,7000,Sherry Quinn
Ohio (Columbus/Cleveland),1,OH,Cuyahoga County,Olmsted Falls,44138,22332,68311,1.092676852540067,2,,,0,2,7000,Sherry Quinn
Ohio (Columbus/Cleveland),1,OH,Cuyahoga County,Bay Village,44140,15651,83679,1.209357388597802,2,,,0,2,7000,Sherry Quinn
Ohio (Columbus/Cleveland),1,OH,Cuyahoga County,Brookpark,44142,19201,49010,0.9255263180590945,2,,,0,2,7000,Sherry Quinn
Ohio (Columbus/Cleveland),1,OH,Cuyahoga County,Cleveland,44144,21089,41674,0.8534518324417528,2,,,0,2,7000,Sherry Quinn
Ohio (Columbus/Cleveland),1,OH,Cuyahoga County,Strongsville,44149,19177,82540,1.2010985807029306,2,,,0,2,7000,Sherry Quinn
Ohio (Columbus/Cleveland),1,OH,Knox County,Centerburg,43011,7491,67312,1.0846576130420835,1,,,0,1,3500,Sherry Quinn
Ohio (Columbus/Cleveland),1,OH,Knox County,Fredericktown,43019,8700,60690,1.029923553593424,1,,,0,1,3500,Sherry Quinn
Ohio (Columbus/Cleveland),1,OH,Delaware County,Galena,43021,10301,118929,1.441751145378326,1,,,0,1,3500,Sherry Quinn
Ohio (Columbus/Cleveland),1,OH,Licking County,Hebron,43025,5306,52058,0.9538721325913301,1,,,0,1,3500,Sherry Quinn
Ohio (Columbus/Cleveland),1,OH,Knox County,Howard,43028,7537,58581,1.0118702141102072,1,,,0,1,3500,Sherry Quinn
Ohio (Columbus/Cleveland),1,OH,Licking County,Johnstown,43031,12318,72934,1.1290454836818957,1,,,0,1,3500,Sherry Quinn
Ohio (Columbus/Cleveland),1,OH,Champaign County,Mechanicsburg,43044,5528,53456,0.9665952367319949,1,,,0,1,3500,Sherry Quinn
Ohio (Columbus/Cleveland),1,OH,Madison County,Plain City,43064,12580,72665,1.1269614501958016,1,,,0,1,3500,Sherry Quinn
Ohio (Columbus/Cleveland),1,OH,Champaign County,Saint Paris,43072,5948,54679,0.9775898936712426,1,,,0,1,3500,Sherry Quinn
Ohio (Columbus/Cleveland),1,OH,Delaware County,Sunbury,43074,11655,72243,1.1236842863588918,1,3,2,0,1,3500,Sherry Quinn
Ohio (Columbus/Cleveland),1,OH,Perry County,Thornville,43076,9051,50440,0.9389316104943933,1,,,0,1,3500,Sherry Quinn
Ohio (Columbus/Cleveland),1,OH,Licking County,Utica,43080,5498,55036,0.9807760509551854,1,,,0,1,3500,Sherry Quinn
Ohio (Columbus/Cleveland),1,OH,Pickaway County,Ashville,43103,10697,56566,0.9943153777106891,1,,,0,1,3500,Sherry Quinn
Ohio (Columbus/Cleveland),1,OH,Fairfield County,Baltimore,43105,8147,69216,1.0998910557105197,1,,,0,1,3500,Sherry Quinn
Ohio (Columbus/Cleveland),1,OH,Fairfield County,Carroll,43112,4617,72461,1.1253784204127948,1,,,0,1,3500,Sherry Quinn
Ohio (Columbus/Cleveland),1,OH,Franklin County,Groveport,43125,12161,54850,0.979117329962689,1,,,0,1,3500,Sherry Quinn
Ohio (Columbus/Cleveland),1,OH,Madison County,Mount Sterling,43143,5694,51651,0.9501360329898396,1,,,0,1,3500,Sherry Quinn
Ohio (Columbus/Cleveland),1,OH,Pickaway County,Orient,43146,12369,71917,1.1211460800774917,1,,,0,1,3500,Sherry Quinn
Ohio (Columbus/Cleveland),1,OH,Madison County,West Jefferson,43162,6926,55965,0.9890190926127634,1,,,0,1,3500,Sherry Quinn
Ohio (Columbus/Cleveland),1,OH,Franklin County,Columbus,43205,12272,24779,0.6580945729361628,1,8,2,0,1,3500,Sherry Quinn
Ohio (Columbus/Cleveland),1,OH,Franklin County,Columbus,43211,21600,21908,0.6187964131330952,1,,,0,1,3500,Sherry Quinn
Ohio (Columbus/Cleveland),1,OH,Morrow County,Cardington,43315,7046,51624,0.9498876638748943,1,,,0,1,3500,Sherry Quinn
Ohio (Columbus/Cleveland),1,OH,Wyandot County,Carey,43316,6041,40528,0.8416354265336901,1,,,0,1,3500,Sherry Quinn
Ohio (Columbus/Cleveland),1,OH,Hardin County,Kenton,43326,13611,39402,0.8298613817901959,1,,,0,1,3500,Sherry Quinn
Ohio (Columbus/Cleveland),1,OH,Morrow County,Marengo,43334,6651,52593,0.9587610751332587,1,,,0,1,3500,Sherry Quinn
Ohio (Columbus/Cleveland),1,OH,Morrow County,Mount Gilead,43338,10489,47999,0.9159304899053264,1,,,0,1,3500,Sherry Quinn
Ohio (Columbus/Cleveland),1,OH,Union County,Richwood,43344,5677,50739,0.9417104143622902,1,,,0,1,3500,Sherry Quinn
Ohio (Columbus/Cleveland),1,OH,Wyandot County,Upper Sandusky,43351,10436,41850,0.8552521067768591,1,,,0,1,3500,Sherry Quinn
Ohio (Columbus/Cleveland),1,OH,Geauga County,Burton,44021,6444,56767,0.9960803970136163,1,,,0,1,3500,Sherry Quinn
Ohio (Columbus/Cleveland),1,OH,Cuyahoga County,Chagrin Falls,44022,16516,87135,1.2340783668242696,2,1,1,1,1,3500,Sherry Quinn
Ohio (Columbus/Cleveland),1,OH,Geauga County,Chesterland,44026,11116,77316,1.1624682772538781,1,,,0,1,3500,Sherry Quinn
Ohio (Columbus/Cleveland),1,OH,Lorain County,Columbia Station,44028,8467,69007,1.098229221570988,1,,,0,1,3500,Sherry Quinn
Ohio (Columbus/Cleveland),1,OH,Ashtabula County,Conneaut,44030,16652,39432,0.8301772427165613,1,,,0,1,3500,Sherry Quinn
Ohio (Columbus/Cleveland),1,OH,Ashtabula County,Geneva,44041,14979,44287,0.8798012052817811,1,,,0,1,3500,Sherry Quinn
Ohio (Columbus/Cleveland),1,OH,Ashtabula County,Jefferson,44047,9213,48197,0.9178176916835339,1,,,0,1,3500,Sherry Quinn
Ohio (Columbus/Cleveland),1,OH,Lorain County,Lagrange,44050,6118,64514,1.0618750250211506,1,,,0,1,3500,Sherry Quinn
Ohio (Columbus/Cleveland),1,OH,Lorain County,Lorain,44053,18256,43855,0.8754996547982354,2,3,3,1,1,3500,Sherry Quinn
Ohio (Columbus/Cleveland),1,OH,Lorain County,Sheffield Lake,44054,12591,51077,0.9448418299325335,1,,,0,1,3500,Sherry Quinn
Ohio (Columbus/Cleveland),1,OH,Lorain County,Lorain,44055,19846,30792,0.733610216024537,1,,,0,1,3500,Sherry Quinn
Ohio (Columbus/Cleveland),1,OH,Summit County,Macedonia,44056,11157,80953,1.1894957519050617,1,,,0,1,3500,Sherry Quinn
Ohio (Columbus/Cleveland),1,OH,Geauga County,Middlefield,44062,14972,46379,0.9003411742780021,1,,,0,1,3500,Sherry Quinn
Ohio (Columbus/Cleveland),1,OH,Lorain County,Oberlin,44074,11679,55634,0.9860900226616487,1,,,0,1,3500,Sherry Quinn
Ohio (Columbus/Cleveland),1,OH,Lake County,Perry,44081,7088,61217,1.0343855450199049,1,,,0,1,3500,Sherry Quinn
Ohio (Columbus/Cleveland),1,OH,Lorain County,Wellington,44090,11504,59867,1.0229164655766665,1,,,0,1,3500,Sherry Quinn
Ohio (Columbus/Cleveland),1,OH,Cuyahoga County,Cleveland,44103,18123,18411,0.5672638530442238,1,,,0,1,3500,Sherry Quinn
Ohio (Columbus/Cleveland),1,OH,Cuyahoga County,Cleveland,44104,22640,14603,0.5052047952730421,1,,,0,1,3500,Sherry Quinn
Ohio (Columbus/Cleveland),1,OH,Cuyahoga County,Cleveland,44110,20136,21764,0.6167594040509117,1,,,0,1,3500,Sherry Quinn
Ohio (Columbus/Cleveland),1,OH,Cuyahoga County,Cleveland,44112,23073,22220,0.6231870913448645,1,1,1,0,1,3500,Sherry Quinn
Ohio (Columbus/Cleveland),1,OH,Cuyahoga County,Rocky River,44116,20268,67645,1.087337264320071,2,1,1,1,1,3500,Sherry Quinn
Ohio (Columbus/Cleveland),1,OH,Cuyahoga County,Euclid,44117,10224,26028,0.6744764967162123,1,,,0,1,3500,Sherry Quinn
Ohio (Columbus/Cleveland),1,OH,Cuyahoga County,Cleveland,44119,12482,42590,0.8627803423489806,1,,,0,1,3500,Sherry Quinn
Ohio (Columbus/Cleveland),1,OH,Cuyahoga County,Euclid,44123,17637,40819,0.8446515862606411,1,,,0,1,3500,Sherry Quinn
Ohio (Columbus/Cleveland),1,OH,Cuyahoga County,Independence,44131,20469,66845,1.080888472834274,2,12,8,1,1,3500,Sherry Quinn
Ohio (Columbus/Cleveland),1,OH,Cuyahoga County,Euclid,44132,14071,37229,0.8066536568378154,1,1,1,0,1,3500,Sherry Quinn
Ohio (Columbus/Cleveland),1,OH,Cuyahoga County,Brecksville,44141,13945,89920,1.2536449934692238,2,6,5,1,1,3500,Sherry Quinn
Ohio (Columbus/Cleveland),1,OH,Cuyahoga County,Broadview Heights,44147,19480,76021,1.1526918182566643,2,4,3,1,1,3500,Sherry Quinn
Ohio (Columbus/Cleveland),1,OH,Licking County,Alexandria,43001,2400,76806,1.158627935482324,0,,,0,0,0,Sherry Quinn
Ohio (Columbus/Cleveland),1,OH,Delaware County,Ashley,43003,2917,51189,0.9458771720389942,0,,,0,0,0,Sherry Quinn
Ohio (Columbus/Cleveland),1,OH,Holmes County,Brinkhaven,43006,822,36932,0.8034296128760761,0,,,0,0,0,Sherry Quinn
Ohio (Columbus/Cleveland),1,OH,Champaign County,Cable,43009,2135,66136,1.075140901040776,0,,,0,0,0,Sherry Quinn
Ohio (Columbus/Cleveland),1,OH,Licking County,Croton,43013,1201,74792,1.1433363070737923,0,,,0,0,0,Sherry Quinn
Ohio (Columbus/Cleveland),1,OH,Knox County,Danville,43014,3632,44700,0.8838939943406591,0,,,0,0,0,Sherry Quinn
Ohio (Columbus/Cleveland),1,OH,Knox County,Gambier,43022,4161,63792,1.0559163890047094,0,,,0,0,0,Sherry Quinn
Ohio (Columbus/Cleveland),1,OH,Madison County,Irwin,43029,664,33056,0.7601014682332157,0,,,0,0,0,Sherry Quinn
Ohio (Columbus/Cleveland),1,OH,Knox County,Martinsburg,43037,535,31250,0.7390459346200257,0,,,0,0,0,Sherry Quinn
Ohio (Columbus/Cleveland),1,OH,Union County,Milford Center,43045,1953,65139,1.0670062542615377,0,,,0,0,0,Sherry Quinn
Ohio (Columbus/Cleveland),1,OH,Fairfield County,Millersport,43046,3396,51294,0.9468467770798887,0,,,0,0,0,Sherry Quinn
Ohio (Columbus/Cleveland),1,OH,Champaign County,North Lewisburg,43060,2480,54917,0.9797151498373815,0,,,0,0,0,Sherry Quinn
Ohio (Columbus/Cleveland),1,OH,Delaware County,Ostrander,43061,3967,76094,1.1532451279459284,0,,,0,0,0,Sherry Quinn
Ohio (Columbus/Cleveland),1,OH,Delaware County,Radnor,43066,1328,90089,1.2548225209910688,0,,,0,0,0,Sherry Quinn
Ohio (Columbus/Cleveland),1,OH,Union County,Raymond,43067,1591,89118,1.2480418173635934,0,,,0,0,0,Sherry Quinn
Ohio (Columbus/Cleveland),1,OH,Licking County,Saint Louisville,43071,2351,48750,0.9230680764853066,0,,,0,0,0,Sherry Quinn
Ohio (Columbus/Cleveland),1,OH,Champaign County,Woodstock,43084,841,43875,0.8756992671252247,0,,,0,0,0,Sherry Quinn
Ohio (Columbus/Cleveland),1,OH,Fairfield County,Amanda,43102,4512,58391,1.0102279454316674,0,,,0,0,0,Sherry Quinn
Ohio (Columbus/Cleveland),1,OH,Fayette County,Bloomingburg,43106,1685,44167,0.8786084426320507,0,,,0,0,0,Sherry Quinn
Ohio (Columbus/Cleveland),1,OH,Fairfield County,Bremen,43107,3153,56725,0.9957118455868487,0,,,0,0,0,Sherry Quinn
Ohio (Columbus/Cleveland),1,OH,Ross County,Clarksburg,43115,1321,47100,0.9073124600988488,0,,,0,0,0,Sherry Quinn
Ohio (Columbus/Cleveland),1,OH,Pickaway County,Commercial Point,43116,1448,91250,1.2628822466710388,0,,,0,0,0,Sherry Quinn
Ohio (Columbus/Cleveland),1,OH,Fayette County,Jeffersonville,43128,2309,39808,0.8341258892342357,0,,,0,0,0,Sherry Quinn
Ohio (Columbus/Cleveland),1,OH,Hocking County,Laurelville,43135,4445,38710,0.8225418567644736,0,,,0,0,0,Sherry Quinn
Ohio (Columbus/Cleveland),1,OH,Fairfield County,Lithopolis,43136,460,52083,0.9541011458168965,0,,,0,0,0,Sherry Quinn
Ohio (Columbus/Cleveland),1,OH,Pickaway County,Lockbourne,43137,2388,48530,0.92098290104442,0,,,0,0,0,Sherry Quinn
Ohio (Columbus/Cleveland),1,OH,Pickaway County,New Holland,43145,1918,55556,0.9853985210638023,0,,,0,0,0,Sherry Quinn
Ohio (Columbus/Cleveland),1,OH,Fairfield County,Pleasantville,43148,2220,46071,0.897346640026121,0,,,0,0,0,Sherry Quinn
Ohio (Columbus/Cleveland),1,OH,Hocking County,Rockbridge,43149,2552,56458,0.9933657138919628,0,,,0,0,0,Sherry Quinn
Ohio (Columbus/Cleveland),1,OH,Fairfield County,Rushville,43150,2482,54219,0.97346910567113,0,,,0,0,0,Sherry Quinn
Ohio (Columbus/Cleveland),1,OH,Hocking County,South Bloomingville,43152,921,25833,0.6719451807456243,0,,,0,0,0,Sherry Quinn
Ohio (Columbus/Cleveland),1,OH,Madison County,South Solon,43153,971,52614,0.9589524691699269,0,,,0,0,0,Sherry Quinn
Ohio (Columbus/Cleveland),1,OH,Fairfield County,Stoutsville,43154,3150,51277,0.9466898607825692,0,,,0,0,0,Sherry Quinn
Ohio (Columbus/Cleveland),1,OH,Fairfield County,Sugar Grove,43155,2543,58207,1.0086349892435258,0,,,0,0,0,Sherry Quinn
Ohio (Columbus/Cleveland),1,OH,Pickaway County,Williamsport,43164,2203,51292,0.946828317688793,0,,,0,0,0,Sherry Quinn
Ohio (Columbus/Cleveland),1,OH,Franklin County,Columbus,43203,8108,18763,0.5726609386597966,0,1,1,0,0,0,Sherry Quinn
Ohio (Columbus/Cleveland),1,OH,Franklin County,Columbus,43215,12790,44985,0.8867073000376211,1,11,9,1,0,0,Sherry Quinn
Ohio (Columbus/Cleveland),1,OH,Franklin County,Columbus,43217,2602,30556,0.7307934937668912,0,,,0,0,0,Sherry Quinn
Ohio (Columbus/Cleveland),1,OH,Franklin County,Columbus,43222,4617,20989,0.605678691986908,0,1,1,0,0,0,Sherry Quinn
Ohio (Columbus/Cleveland),1,OH,Delaware County,Columbus,43240,3469,65236,1.067800410637959,0,1,1,0,0,0,Sherry Quinn
Ohio (Columbus/Cleveland),1,OH,Logan County,Belle Center,43310,3104,54552,0.9764539357005302,0,,,0,0,0,Sherry Quinn
Ohio (Columbus/Cleveland),1,OH,Marion County,Caledonia,43314,3173,59605,1.020675682018993,0,,,0,0,0,Sherry Quinn
Ohio (Columbus/Cleveland),1,OH,Logan County,De Graff,43318,3864,42277,0.8596041479580847,0,,,0,0,0,Sherry Quinn
Ohio (Columbus/Cleveland),1,OH,Logan County,East Liberty,43319,1040,68550,1.094586660221195,0,,,0,0,0,Sherry Quinn
Ohio (Columbus/Cleveland),1,OH,Morrow County,Edison,43320,1588,59688,1.0213860805621031,0,,,0,0,0,Sherry Quinn
Ohio (Columbus/Cleveland),1,OH,Morrow County,Fulton,43321,267,36591,0.7997119041508418,0,,,0,0,0,Sherry Quinn
Ohio (Columbus/Cleveland),1,OH,Wyandot County,Harpster,43323,680,53162,0.9639335073349907,0,,,0,0,0,Sherry Quinn
Ohio (Columbus/Cleveland),1,OH,Logan County,Huntsville,43324,2817,58438,1.0106344392642077,0,,,0,0,0,Sherry Quinn
Ohio (Columbus/Cleveland),1,OH,Logan County,Lakeview,43331,4485,36729,0.8012185093931404,0,,,0,0,0,Sherry Quinn
Ohio (Columbus/Cleveland),1,OH,Marion County,La Rue,43332,2323,39423,0.8300824970586662,0,,,0,0,0,Sherry Quinn
Ohio (Columbus/Cleveland),1,OH,Logan County,Lewistown,43333,894,44063,0.877573403668788,0,,,0,0,0,Sherry Quinn
Ohio (Columbus/Cleveland),1,OH,Marion County,Morral,43337,1108,56875,0.9970274751132311,0,,,0,0,0,Sherry Quinn
Ohio (Columbus/Cleveland),1,OH,Hardin County,Mount Victory,43340,1721,52727,0.9599816962660889,0,,,0,0,0,Sherry Quinn
Ohio (Columbus/Cleveland),1,OH,Marion County,New Bloomington,43341,907,58674,1.0126730905630053,0,,,0,0,0,Sherry Quinn
Ohio (Columbus/Cleveland),1,OH,Marion County,Prospect,43342,3228,66853,1.0809531511877561,0,,,0,0,0,Sherry Quinn
Ohio (Columbus/Cleveland),1,OH,Logan County,Quincy,43343,1505,38772,0.8232003066655216,0,,,0,0,0,Sherry Quinn
Ohio (Columbus/Cleveland),1,OH,Hardin County,Ridgeway,43345,920,39107,0.826748988407181,0,,,0,0,0,Sherry Quinn
Ohio (Columbus/Cleveland),1,OH,Logan County,Rushsylvania,43347,1530,54397,0.9750657370830966,0,,,0,0,0,Sherry Quinn
Ohio (Columbus/Cleveland),1,OH,Logan County,Russells Point,43348,1984,32609,0.7549447371019784,0,,,0,0,0,Sherry Quinn
Ohio (Columbus/Cleveland),1,OH,Marion County,Waldo,43356,1103,53904,0.9706371699300864,0,,,0,0,0,Sherry Quinn
Ohio (Columbus/Cleveland),1,OH,Logan County,West Liberty,43357,4763,58692,1.0128284124929907,0,,,0,0,0,Sherry Quinn
Ohio (Columbus/Cleveland),1,OH,Logan County,West Mansfield,43358,2521,51995,0.953294775253216,0,,,0,0,0,Sherry Quinn
Ohio (Columbus/Cleveland),1,OH,Wyandot County,Wharton,43359,819,62549,1.0455784098487058,0,,,0,0,0,Sherry Quinn
Ohio (Columbus/Cleveland),1,OH,Logan County,Zanesfield,43360,1593,56250,0.9915341689831455,0,,,0,0,0,Sherry Quinn
Ohio (Columbus/Cleveland),1,OH,Ashtabula County,Andover,44003,4676,38076,0.8157781719675137,0,,,0,0,0,Sherry Quinn
Ohio (Columbus/Cleveland),1,OH,Ashtabula County,Austinburg,44010,1667,64286,1.059996969145125,0,,,0,0,0,Sherry Quinn
Ohio (Columbus/Cleveland),1,OH,Ashtabula County,Dorset,44032,1557,44032,0.8772646461840868,0,,,0,0,0,Sherry Quinn
Ohio (Columbus/Cleveland),1,OH,Cuyahoga County,Gates Mills,44040,3020,121136,1.4550671495201632,0,,,0,0,0,Sherry Quinn
Ohio (Columbus/Cleveland),1,OH,Geauga County,Huntsburg,44046,2222,66890,1.0812522382462928,0,,,0,0,0,Sherry Quinn
Ohio (Columbus/Cleveland),1,OH,Ashtabula County,Kingsville,44048,2565,45559,0.8923464761713462,0,,,0,0,0,Sherry Quinn
Ohio (Columbus/Cleveland),1,OH,Geauga County,Montville,44064,1657,65972,1.0738070393593986,0,,,0,0,0,Sherry Quinn
Ohio (Columbus/Cleveland),1,OH,Geauga County,Newbury,44065,4433,56005,0.9893724714869655,0,,,0,0,0,Sherry Quinn
Ohio (Columbus/Cleveland),1,OH,Geauga County,Novelty,44072,4383,64115,1.058586240686954,0,1,1,0,0,0,Sherry Quinn
Ohio (Columbus/Cleveland),1,OH,Ashtabula County,Orwell,44076,5141,40805,0.8445067255791032,0,,,0,0,0,Sherry Quinn
Ohio (Columbus/Cleveland),1,OH,Ashtabula County,Pierpont,44082,1619,39122,0.8269075283858327,0,,,0,0,0,Sherry Quinn
Ohio (Columbus/Cleveland),1,OH,Ashtabula County,Rock Creek,44084,3611,52406,0.9570550688712262,0,,,0,0,0,Sherry Quinn
Ohio (Columbus/Cleveland),1,OH,Ashtabula County,Rome,44085,3277,49805,0.9330026853498946,0,,,0,0,0,Sherry Quinn
Ohio (Columbus/Cleveland),1,OH,Geauga County,Thompson,44086,2391,54213,0.973415241008996,0,,,0,0,0,Sherry Quinn
Ohio (Columbus/Cleveland),1,OH,Ashtabula County,Williamsfield,44093,1467,32344,0.7518709159565081,0,,,0,0,0,Sherry Quinn
Ohio (Columbus/Cleveland),1,OH,Ashtabula County,Windsor,44099,2314,60658,1.029651994034676,0,,,0,0,0,Sherry Quinn
Ohio (Columbus/Cleveland),1,OH,Cuyahoga County,Cleveland,44113,19213,32682,0.7557892916237573,1,,,1,0,0,Sherry Quinn
Ohio (Columbus/Cleveland),1,OH,Cuyahoga County,Cleveland,44114,5225,22180,0.6226259142014731,0,,,0,0,0,Sherry Quinn
Ohio (Columbus/Cleveland),1,OH,Cuyahoga County,Cleveland,44115,8307,12457,0.5,0,1,1,0,0,0,Sherry Quinn
Ohio (Columbus/Cleveland),1,OH,Cuyahoga County,Cleveland,44127,5586,17891,0.5591955791877278,0,,,0,0,0,Sherry Quinn
Brooklyn / Staten Island,2,NY,Kings County,Brooklyn,11234,87757,68431,1.0936361686721157,10,3,2,0,10,35000,Sonia Mace
Brooklyn / Staten Island,2,NY,Kings County,Brooklyn,11236,93877,61061,1.0330667358839318,10,2,1,0,10,35000,Sonia Mace
Brooklyn / Staten Island,2,NY,Richmond County,Staten Island,10314,85510,77242,1.1619118384463782,10,13,10,2,8,28000,Sonia Mace
Brooklyn / Staten Island,2,NY,Kings County,Brooklyn,11211,90117,46848,0.9048819994969595,8,4,2,0,8,28000,Sonia Mace
Brooklyn / Staten Island,2,NY,Kings County,Brooklyn,11214,88630,43398,0.8709260469027215,8,5,5,0,8,28000,Sonia Mace
Brooklyn / Staten Island,2,NY,Kings County,Brooklyn,11215,63488,95654,1.2929984057751243,8,16,11,0,8,28000,Sonia Mace
Brooklyn / Staten Island,2,NY,Kings County,Brooklyn,11226,101572,40734,0.8437716920958868,9,,,1,8,28000,Sonia Mace
Brooklyn / Staten Island,2,NY,Kings County,Brooklyn,11229,80018,51725,0.9508164157635408,8,12,9,0,8,28000,Sonia Mace
Brooklyn / Staten Island,2,NY,Richmond County,Staten Island,10312,59304,85324,1.2211865855424375,7,3,3,0,7,24500,Sonia Mace
Brooklyn / Staten Island,2,NY,Kings County,Brooklyn,11201,51128,95369,1.2910707318456607,7,22,15,0,7,24500,Sonia Mace
Brooklyn / Staten Island,2,NY,Kings County,Brooklyn,11203,76174,48400,0.9197485298815791,7,17,6,0,7,24500,Sonia Mace
Brooklyn / Staten Island,2,NY,Kings County,Brooklyn,11204,78134,45472,0.891494051385636,7,5,5,0,7,24500,Sonia Mace
Brooklyn / Staten Island,2,NY,Kings County,Brooklyn,11207,93386,32945,0.7588242082726769,7,,,0,7,24500,Sonia Mace
Brooklyn / Staten Island,2,NY,Kings County,Brooklyn,11208,94469,35079,0.783014895272438,7,,,0,7,24500,Sonia Mace
Brooklyn / Staten Island,2,NY,Kings County,Brooklyn,11209,68853,58261,1.0091027479569252,7,23,12,0,7,24500,Sonia Mace
Brooklyn / Staten Island,2,NY,Kings County,Brooklyn,11218,75220,52445,0.9574111178543774,7,,,0,7,24500,Sonia Mace
Brooklyn / Staten Island,2,NY,Kings County,Brooklyn,11219,92221,34316,0.7744524376585942,7,13,11,0,7,24500,Sonia Mace
Brooklyn / Staten Island,2,NY,Kings County,Brooklyn,11220,99598,37580,0.8104473553176476,8,8,6,1,7,24500,Sonia Mace
Brooklyn / Staten Island,2,NY,Kings County,Brooklyn,11221,78895,39178,0.8274991425967039,7,,,0,7,24500,Sonia Mace
Brooklyn / Staten Island,2,NY,Kings County,Brooklyn,11223,78731,41328,0.84990153951478,7,2,2,0,7,24500,Sonia Mace
Brooklyn / Staten Island,2,NY,Kings County,Brooklyn,11230,86408,42170,0.8585156611358203,7,13,8,0,7,24500,Sonia Mace
Brooklyn / Staten Island,2,NY,Richmond County,Staten Island,10306,55909,75807,1.1510682544199171,6,2,2,0,6,21000,Sonia Mace
Brooklyn / Staten Island,2,NY,Kings County,Brooklyn,11206,81677,28559,0.7065093597987052,6,4,2,0,6,21000,Sonia Mace
Brooklyn / Staten Island,2,NY,Kings County,Brooklyn,11212,84500,28348,0.7038946001173828,6,1,1,0,6,21000,Sonia Mace
Brooklyn / Staten Island,2,NY,Kings County,Brooklyn,11235,79132,41639,0.8530933704686082,7,24,18,1,6,21000,Sonia Mace
Brooklyn / Staten Island,2,NY,Richmond County,Staten Island,10305,41749,70758,1.1120753028423025,5,4,4,0,5,17500,Sonia Mace
Brooklyn / Staten Island,2,NY,Kings County,Brooklyn,11210,62008,55429,0.9842715751517123,6,1,1,1,5,17500,Sonia Mace
Brooklyn / Staten Island,2,NY,Kings County,Brooklyn,11213,63767,34794,0.7798275985818816,5,1,1,0,5,17500,Sonia Mace
Brooklyn / Staten Island,2,NY,Kings County,Brooklyn,11216,54316,43996,0.8769059526763425,5,,,0,5,17500,Sonia Mace
Brooklyn / Staten Island,2,NY,Kings County,Brooklyn,11225,56829,42922,0.8661366115966572,5,,,0,5,17500,Sonia Mace
Brooklyn / Staten Island,2,NY,Kings County,Brooklyn,11233,67053,34492,0.7764359046588514,5,1,1,0,5,17500,Sonia Mace
Brooklyn / Staten Island,2,NY,Kings County,Brooklyn,11238,49262,65315,1.0684467616504378,5,2,2,0,5,17500,Sonia Mace
Brooklyn / Staten Island,2,NY,Richmond County,Staten Island,10301,39706,56848,0.9967907899487732,4,2,2,0,4,14000,Sonia Mace
Brooklyn / Staten Island,2,NY,Richmond County,Staten Island,10304,42193,53168,0.9639879018072189,4,6,5,0,4,14000,Sonia Mace
Brooklyn / Staten Island,2,NY,Richmond County,Staten Island,10309,32519,86297,1.2281298034394166,4,5,4,0,4,14000,Sonia Mace
Brooklyn / Staten Island,2,NY,Kings County,Brooklyn,11205,40366,44688,0.8837753428877665,4,2,2,0,4,14000,Sonia Mace
Brooklyn / Staten Island,2,NY,Kings County,Brooklyn,11217,35881,81862,1.1961553771704105,4,7,6,0,4,14000,Sonia Mace
Brooklyn / Staten Island,2,NY,Kings County,Brooklyn,11222,36934,63739,1.0554776568954007,4,1,1,0,4,14000,Sonia Mace
Brooklyn / Staten Island,2,NY,Kings County,Brooklyn,11228,41788,61893,1.040081061211024,4,4,4,0,4,14000,Sonia Mace
Brooklyn / Staten Island,2,NY,Kings County,Brooklyn,11231,33336,78174,1.1689006193346558,4,2,2,0,4,14000,Sonia Mace
Brooklyn / Staten Island,2,NY,Kings County,Brooklyn,11237,49896,40372,0.8400140571682728,4,5,3,0,4,14000,Sonia Mace
Brooklyn / Staten Island,2,NY,Richmond County,Staten Island,10308,27357,88075,1.2407170416253201,3,,,0,3,10500,Sonia Mace
Brooklyn / Staten Island,2,NY,Richmond County,Staten Island,10310,24962,61925,1.0403498985037545,3,1,1,0,3,10500,Sonia Mace
Brooklyn / Staten Island,2,NY,Kings County,Brooklyn,11224,47621,27481,0.6930469994262625,3,,,0,3,10500,Sonia Mace
Brooklyn / Staten Island,2,NY,Richmond County,Staten Island,10302,19088,56841,0.9967294179538196,2,,,0,2,7000,Sonia Mace
Brooklyn / Staten Island,2,NY,Richmond County,Staten Island,10303,26337,51537,0.9490869212576162,2,,,0,2,7000,Sonia Mace
Brooklyn / Staten Island,2,NY,Richmond County,Staten Island,10307,14096,86457,1.2292677906911698,2,,,0,2,7000,Sonia Mace
Brooklyn / Staten Island,2,NY,Kings County,Brooklyn,11232,28265,43595,0.8729005407021405,2,2,1,0,2,7000,Sonia Mace
Brooklyn / Staten Island,2,NY,Kings County,Brooklyn,11239,13393,26275,0.6776692568182712,1,,,0,1,3500,Sonia Mace
Houston / South Texas,2,TX,Harris County,Katy,77449,94382,65420,1.0693052310558453,10,6,3,0,10,35000,Lexi Cavaliere
Houston / South Texas,2,TX,Harris County,Houston,77084,95137,62785,1.047549058357315,10,8,2,1,9,31500,Lexi Cavaliere
Houston / South Texas,2,TX,Harris County,Cypress,77429,72264,96695,1.3000152005867334,9,2,2,0,9,31500,Lexi Cavaliere
Houston / South Texas,2,TX,Fort Bend County,Sugar Land,77479,74514,123935,1.4717817285262802,11,31,18,2,9,31500,Lexi Cavaliere
Houston / South Texas,2,TX,Harris County,Houston,77095,66502,89393,1.249965935596179,8,1,1,0,8,28000,Lexi Cavaliere
Houston / South Texas,2,TX,Harris County,Katy,77450,71889,100957,1.3283564837063584,10,14,8,2,8,28000,Lexi Cavaliere
Houston / South Texas,2,TX,Fort Bend County,Missouri City,77459,56274,104547,1.351768148717641,8,5,3,0,8,28000,Lexi Cavaliere
Houston / South Texas,2,TX,Galveston County,League City,77573,71580,92559,1.2719081450037628,9,10,8,1,8,28000,Lexi Cavaliere
Houston / South Texas,2,TX,Brazoria County,Pearland,77584,70228,94103,1.2824727795067985,9,17,12,1,8,28000,Lexi Cavaliere
Houston / South Texas,2,TX,Harris County,Houston,77083,70837,53879,0.9704120591455492,7,1,1,0,7,24500,Lexi Cavaliere
Houston / South Texas,2,TX,Harris County,Humble,77346,53578,86523,1.2297369036398704,7,1,1,0,7,24500,Lexi Cavaliere
Houston / South Texas,2,TX,Fort Bend County,Katy,77494,61600,126425,1.486493117190982,9,14,5,2,7,24500,Lexi Cavaliere
Houston / South Texas,2,TX,Harris County,Spring,77373,54609,67742,1.088116582312949,6,,,0,6,21000,Lexi Cavaliere
Houston / South Texas,2,TX,Harris County,Spring,77379,70544,97692,1.306700092681599,9,7,5,3,6,21000,Lexi Cavaliere
Houston / South Texas,2,TX,Harris County,Cypress,77433,50539,89258,1.249021738854454,6,12,9,0,6,21000,Lexi Cavaliere
Houston / South Texas,2,TX,Fort Bend County,Sugar Land,77498,49906,72232,1.123598734833476,6,1,1,0,6,21000,Lexi Cavaliere
Houston / South Texas,2,TX,Webb County,Laredo,78045,54713,63938,1.0571240301303702,6,3,2,0,6,21000,Lexi Cavaliere
Houston / South Texas,2,TX,Bexar County,San Antonio,78245,56511,59785,1.0222156797326931,6,,,0,6,21000,Lexi Cavaliere
Houston / South Texas,2,TX,Bexar County,San Antonio,78250,54903,60726,1.030228972535617,6,,,0,6,21000,Lexi Cavaliere
Houston / South Texas,2,TX,Cameron County,Brownsville,78521,93818,26684,0.6829232327827727,6,1,1,0,6,21000,Lexi Cavaliere
Houston / South Texas,2,TX,Hidalgo County,Mission,78572,75221,37735,0.8121169944367758,6,2,2,0,6,21000,Lexi Cavaliere
Houston / South Texas,2,TX,Harris County,Houston,77015,53621,44167,0.8786084426320507,5,1,1,0,5,17500,Lexi Cavaliere
Houston / South Texas,2,TX,Harris County,Houston,77024,34775,111139,1.3937332592118992,5,51,28,0,5,17500,Lexi Cavaliere
Houston / South Texas,2,TX,Harris County,Houston,77036,71969,28266,0.7028758129413211,5,2,2,0,5,17500,Lexi Cavaliere
Houston / South Texas,2,TX,Harris County,Houston,77064,45847,62610,1.0460881281526038,5,3,1,0,5,17500,Lexi Cavaliere
Houston / South Texas,2,TX,Harris County,Houston,77070,46017,69139,1.0992790933145553,5,13,8,0,5,17500,Lexi Cavaliere
Houston / South Texas,2,TX,Harris County,Houston,77077,52151,59958,1.023693605335927,5,,,0,5,17500,Lexi Cavaliere
Houston / South Texas,2,TX,Harris County,Houston,77082,49900,50294,0.9375717437483193,5,5,4,0,5,17500,Lexi Cavaliere
Houston / South Texas,2,TX,Montgomery County,Spring,77382,35369,131564,1.5,5,1,1,0,5,17500,Lexi Cavaliere
Houston / South Texas,2,TX,Harris County,Spring,77388,40384,82936,1.2039763727850945,5,3,2,0,5,17500,Lexi Cavaliere
Houston / South Texas,2,TX,Fort Bend County,Richmond,77406,33682,110294,1.3884248089665379,5,3,2,0,5,17500,Lexi Cavaliere
Houston / South Texas,2,TX,Brazoria County,Pearland,77581,42383,83709,1.209574154276551,5,2,2,0,5,17500,Lexi Cavaliere
Houston / South Texas,2,TX,Brazos County,College Station,77845,48938,70400,1.1092584636720653,5,16,7,0,5,17500,Lexi Cavaliere
Houston / South Texas,2,TX,Comal County,New Braunfels,78130,59546,54672,0.9775273161891755,6,11,7,1,5,17500,Lexi Cavaliere
Houston / South Texas,2,TX,Bexar County,San Antonio,78228,58811,34992,0.7820433084804596,5,1,1,0,5,17500,Lexi Cavaliere
Houston / South Texas,2,TX,Bexar County,San Antonio,78247,49176,65921,1.0733919030361838,5,1,1,0,5,17500,Lexi Cavaliere
Houston / South Texas,2,TX,Bexar County,San Antonio,78254,44817,76649,1.1574431475796971,5,2,2,0,5,17500,Lexi Cavaliere
Houston / South Texas,2,TX,Bexar County,San Antonio,78258,40586,107479,1.3705921182573735,6,32,18,1,5,17500,Lexi Cavaliere
Houston / South Texas,2,TX,Hidalgo County,Edinburg,78542,63293,29878,0.7226403090743777,5,,,0,5,17500,Lexi Cavaliere
Houston / South Texas,2,TX,Hidalgo County,Pharr,78577,70840,32054,0.7484926461427654,5,,,0,5,17500,Lexi Cavaliere
Houston / South Texas,2,TX,Harris County,Houston,77005,25528,159732,1.5,4,10,8,0,4,14000,Lexi Cavaliere
Houston / South Texas,2,TX,Harris County,Houston,77040,45081,53194,0.964223575728191,4,,,0,4,14000,Lexi Cavaliere
Houston / South Texas,2,TX,Harris County,Houston,77041,37146,70608,1.1108959323460965,4,,,0,4,14000,Lexi Cavaliere
Houston / South Texas,2,TX,Harris County,Houston,77055,41989,46987,0.9062234168304234,4,13,7,0,4,14000,Lexi Cavaliere
Houston / South Texas,2,TX,Harris County,Houston,77057,39208,54594,0.9768297530367767,4,7,3,0,4,14000,Lexi Cavaliere
Houston / South Texas,2,TX,Harris County,Houston,77072,56526,35462,0.7872778526651045,4,,,0,4,14000,Lexi Cavaliere
Houston / South Texas,2,TX,Harris County,Houston,77080,45275,38159,0.816666825308667,4,,,0,4,14000,Lexi Cavaliere
Houston / South Texas,2,TX,Harris County,Houston,77088,49660,40896,0.8454478763390135,4,,,0,4,14000,Lexi Cavaliere
Houston / South Texas,2,TX,Harris County,Houston,77089,48685,63141,1.0505147374215191,5,2,2,1,4,14000,Lexi Cavaliere
Houston / South Texas,2,TX,Harris County,Houston,77099,47091,35252,0.7849433278478156,4,,,0,4,14000,Lexi Cavaliere
Houston / South Texas,2,TX,Harris County,Kingwood,77345,26122,119708,1.446465264683651,4,1,1,0,4,14000,Lexi Cavaliere
Houston / South Texas,2,TX,Harris County,Tomball,77375,39351,60782,1.0307038887813058,4,4,2,0,4,14000,Lexi Cavaliere
Houston / South Texas,2,TX,Harris County,Tomball,77377,28708,87474,1.2364766364877704,4,1,1,0,4,14000,Lexi Cavaliere
Houston / South Texas,2,TX,Montgomery County,Spring,77386,36407,82747,1.2026037401392844,4,5,4,0,4,14000,Lexi Cavaliere
Houston / South Texas,2,TX,Harris County,Humble,77396,43317,56575,0.9943944754237486,4,1,1,0,4,14000,Lexi Cavaliere
Houston / South Texas,2,TX,Fort Bend County,Richmond,77469,35321,67088,1.0828513543149387,4,,,0,4,14000,Lexi Cavaliere
Houston / South Texas,2,TX,Fort Bend County,Stafford,77477,35897,54917,0.9797151498373815,4,1,1,0,4,14000,Lexi Cavaliere
Houston / South Texas,2,TX,Fort Bend County,Missouri City,77489,35554,58315,1.0095702899462469,4,,,0,4,14000,Lexi Cavaliere
Houston / South Texas,2,TX,Harris County,Baytown,77521,49507,53726,0.9690332417995962,5,5,4,1,4,14000,Lexi Cavaliere
Houston / South Texas,2,TX,Harris County,Deer Park,77536,30690,77824,1.166280987701499,4,,,0,4,14000,Lexi Cavaliere
Houston / South Texas,2,TX,Galveston County,Friendswood,77546,47636,98442,1.3117063946087861,6,5,3,2,4,14000,Lexi Cavaliere
Houston / South Texas,2,TX,Harris County,La Porte,77571,35666,68102,1.0910040296705068,4,,,0,4,14000,Lexi Cavaliere
Houston / South Texas,2,TX,Webb County,Laredo,78046,64548,34399,0.7753884548382296,5,,,1,4,14000,Lexi Cavaliere
Houston / South Texas,2,TX,Bexar County,Converse,78109,34603,63942,1.0571570967729635,4,,,0,4,14000,Lexi Cavaliere
Houston / South Texas,2,TX,Guadalupe County,Seguin,78155,45341,49399,0.9291920817387777,4,,,0,4,14000,Lexi Cavaliere
Houston / South Texas,2,TX,Bexar County,San Antonio,78201,45307,35282,0.7852772563054036,4,1,1,0,4,14000,Lexi Cavaliere
Houston / South Texas,2,TX,Bexar County,San Antonio,78209,39197,62525,1.045377796813935,4,28,17,0,4,14000,Lexi Cavaliere
Houston / South Texas,2,TX,Bexar County,San Antonio,78223,50637,37019,0.804375368050045,4,,,0,4,14000,Lexi Cavaliere
Houston / South Texas,2,TX,Bexar County,San Antonio,78227,46077,36980,0.8039515464171856,4,,,0,4,14000,Lexi Cavaliere
Houston / South Texas,2,TX,Bexar County,San Antonio,78230,39089,55936,0.9887628139546035,4,2,2,0,4,14000,Lexi Cavaliere
Houston / South Texas,2,TX,Bexar County,San Antonio,78233,43710,54399,0.9750836619093692,4,9,4,0,4,14000,Lexi Cavaliere
Houston / South Texas,2,TX,Bexar County,San Antonio,78240,51111,48281,0.91861715143631,5,9,6,1,4,14000,Lexi Cavaliere
Houston / South Texas,2,TX,Bexar County,San Antonio,78251,49435,62482,1.0450182688135794,5,5,3,1,4,14000,Lexi Cavaliere
Houston / South Texas,2,TX,Bexar County,San Antonio,78253,29007,85508,1.2225026122318094,4,2,2,0,4,14000,Lexi Cavaliere
Houston / South Texas,2,TX,Nueces County,Corpus Christi,78413,36953,64159,1.05894941471902,4,3,2,0,4,14000,Lexi Cavaliere
Houston / South Texas,2,TX,Hidalgo County,Mcallen,78501,61219,31214,0.7386201214921646,5,5,4,1,4,14000,Lexi Cavaliere
Houston / South Texas,2,TX,Cameron County,Brownsville,78520,59408,29835,0.7221201149266553,4,3,2,0,4,14000,Lexi Cavaliere
Houston / South Texas,2,TX,Cameron County,Harlingen,78550,53152,33780,0.7683803396068886,4,7,7,0,4,14000,Lexi Cavaliere
Houston / South Texas,2,TX,Hidalgo County,Mission,78574,57071,29818,0.721914353385243,4,,,0,4,14000,Lexi Cavaliere
Houston / South Texas,2,TX,Cameron County,San Benito,78586,55878,31303,0.739672380072236,4,,,0,4,14000,Lexi Cavaliere
Houston / South Texas,2,TX,Hidalgo County,Weslaco,78596,63844,34297,0.7742380094958551,5,,,1,4,14000,Lexi Cavaliere
Houston / South Texas,2,TX,Harris County,Houston,77004,32692,41983,0.8566100315061108,3,23,15,0,3,10500,Lexi Cavaliere
Houston / South Texas,2,TX,Harris County,Houston,77009,38094,44651,0.883409400587582,3,2,2,0,3,10500,Lexi Cavaliere
Houston / South Texas,2,TX,Harris County,Houston,77017,32561,35586,0.7886530890234947,3,,,0,3,10500,Lexi Cavaliere
Houston / South Texas,2,TX,Harris County,Houston,77018,25563,61980,1.0408118003603217,3,,,0,3,10500,Lexi Cavaliere
Houston / South Texas,2,TX,Harris County,Houston,77025,26137,65828,1.0726344761178659,3,12,4,0,3,10500,Lexi Cavaliere
Houston / South Texas,2,TX,Harris County,Houston,77034,33678,43905,0.8759986003307282,3,1,1,0,3,10500,Lexi Cavaliere
Houston / South Texas,2,TX,Harris County,Houston,77035,35896,36345,0.7970191532649032,3,,,0,3,10500,Lexi Cavaliere
Houston / South Texas,2,TX,Harris County,Houston,77042,36385,46159,0.8982032399686631,3,,,0,3,10500,Lexi Cavaliere
Houston / South Texas,2,TX,Harris County,Houston,77045,31255,36952,0.8036471263794998,3,,,0,3,10500,Lexi Cavaliere
Houston / South Texas,2,TX,Harris County,Houston,77049,28521,50348,0.9380749378824672,3,,,0,3,10500,Lexi Cavaliere
Houston / South Texas,2,TX,Fort Bend County,Houston,77053,28954,46568,0.9021738083806519,3,,,0,3,10500,Lexi Cavaliere
Houston / South Texas,2,TX,Harris County,Houston,77059,16949,136355,1.5,3,,,0,3,10500,Lexi Cavaliere
Houston / South Texas,2,TX,Harris County,Houston,77060,40830,27750,0.6964307125685999,3,,,0,3,10500,Lexi Cavaliere
Houston / South Texas,2,TX,Harris County,Houston,77062,25152,87960,1.2399067715967544,3,2,2,0,3,10500,Lexi Cavaliere
Houston / South Texas,2,TX,Harris County,Houston,77065,35326,54091,0.9723193456825088,3,13,11,0,3,10500,Lexi Cavaliere
Houston / South Texas,2,TX,Harris County,Houston,77066,31366,59855,1.02281394154204,3,1,1,0,3,10500,Lexi Cavaliere
Houston / South Texas,2,TX,Harris County,Houston,77073,34790,51206,0.9460342231349442,3,,,0,3,10500,Lexi Cavaliere
Houston / South Texas,2,TX,Harris County,Houston,77074,37267,36207,0.7955045949065932,3,15,5,0,3,10500,Lexi Cavaliere
Houston / South Texas,2,TX,Harris County,Houston,77075,37388,45581,0.8925619029044584,3,,,0,3,10500,Lexi Cavaliere
Houston / South Texas,2,TX,Harris County,Houston,77081,47860,26741,0.6836522437732342,3,1,1,0,3,10500,Lexi Cavaliere
Houston / South Texas,2,TX,Harris County,Houston,77087,36399,38707,0.8225099829155715,3,,,0,3,10500,Lexi Cavaliere
Houston / South Texas,2,TX,Harris County,Houston,77090,32930,36138,0.7947462333605001,3,11,7,0,3,10500,Lexi Cavaliere
Houston / South Texas,2,TX,Harris County,Houston,77092,33745,37314,0.807573994058799,3,3,1,0,3,10500,Lexi Cavaliere
Houston / South Texas,2,TX,Harris County,Houston,77093,46929,31725,0.7446415007634605,3,,,0,3,10500,Lexi Cavaliere
Houston / South Texas,2,TX,Harris County,Houston,77096,32628,63346,1.0522187095281195,3,2,1,0,3,10500,Lexi Cavaliere
Houston / South Texas,2,TX,Walker County,Huntsville,77320,33678,44130,0.878240347407496,3,,,0,3,10500,Lexi Cavaliere
Houston / South Texas,2,TX,Harris County,Humble,77338,33971,48046,0.9163788138286496,3,5,3,0,3,10500,Lexi Cavaliere
Houston / South Texas,2,TX,Harris County,Kingwood,77339,37512,73135,1.1306001906887062,4,12,9,1,3,10500,Lexi Cavaliere
Houston / South Texas,2,TX,Polk County,Livingston,77351,32517,39967,0.8357900503002069,3,,,0,3,10500,Lexi Cavaliere
Houston / South Texas,2,TX,Montgomery County,Magnolia,77355,24010,71326,1.1165298959363614,3,,,0,3,10500,Lexi Cavaliere
Houston / South Texas,2,TX,Montgomery County,Montgomery,77356,24498,78353,1.1702381073366164,3,,,0,3,10500,Lexi Cavaliere
Houston / South Texas,2,TX,Montgomery County,Porter,77365,25769,58109,1.007785539267328,3,1,1,0,3,10500,Lexi Cavaliere
Houston / South Texas,2,TX,Montgomery County,Spring,77381,34961,101383,1.3311561121072983,5,4,3,2,3,10500,Lexi Cavaliere
Houston / South Texas,2,TX,Harris County,Spring,77389,21255,99702,1.320074241034431,3,1,1,0,3,10500,Lexi Cavaliere
Houston / South Texas,2,TX,Fort Bend County,Rosenberg,77471,35241,43798,0.8749305098178511,3,,,0,3,10500,Lexi Cavaliere
Houston / South Texas,2,TX,Harris County,Katy,77493,23104,78452,1.170977179229948,3,1,1,0,3,10500,Lexi Cavaliere
Houston / South Texas,2,TX,Harris County,Pasadena,77502,37995,43014,0.8670643632686901,3,,,0,3,10500,Lexi Cavaliere
Houston / South Texas,2,TX,Harris County,Pasadena,77505,23223,72695,1.1271940611825293,3,3,3,0,3,10500,Lexi Cavaliere
Houston / South Texas,2,TX,Harris County,Pasadena,77506,35977,30617,0.7315225842392625,3,,,0,3,10500,Lexi Cavaliere
Houston / South Texas,2,TX,Brazoria County,Alvin,77511,46627,52507,0.9579768720359744,4,,,1,3,10500,Lexi Cavaliere
Houston / South Texas,2,TX,Brazoria County,Angleton,77515,30309,55911,0.9885418307510528,3,,,0,3,10500,Lexi Cavaliere
Houston / South Texas,2,TX,Harris County,Baytown,77520,36489,43409,0.8710364158082634,3,,,0,3,10500,Lexi Cavaliere
Houston / South Texas,2,TX,Harris County,Channelview,77530,31086,44786,0.8847438641021126,3,,,0,3,10500,Lexi Cavaliere
Houston / South Texas,2,TX,Harris County,Crosby,77532,26236,63236,1.0513047264118893,3,,,0,3,10500,Lexi Cavaliere
Houston / South Texas,2,TX,Liberty County,Dayton,77535,31295,54553,0.9764628854132893,3,,,0,3,10500,Lexi Cavaliere
Houston / South Texas,2,TX,Galveston County,Dickinson,77539,38806,66129,1.0750840017313217,4,,,1,3,10500,Lexi Cavaliere
Houston / South Texas,2,TX,Brazoria County,Lake Jackson,77566,28739,75066,1.1454286949833044,3,3,3,0,3,10500,Lexi Cavaliere
Houston / South Texas,2,TX,Galveston County,Texas City,77590,30374,45343,0.8902286087874823,3,,,0,3,10500,Lexi Cavaliere
Houston / South Texas,2,TX,Jefferson County,Port Arthur,77642,37111,32039,0.748317493221246,3,4,2,0,3,10500,Lexi Cavaliere
Houston / South Texas,2,TX,Jefferson County,Beaumont,77705,40475,34356,0.7749036714192229,3,1,1,0,3,10500,Lexi Cavaliere
Houston / South Texas,2,TX,Brazos County,College Station,77840,56171,19011,0.5764330886801726,3,6,3,0,3,10500,Lexi Cavaliere
Houston / South Texas,2,TX,Victoria County,Victoria,77904,25002,61286,1.0349683284153801,3,4,3,0,3,10500,Lexi Cavaliere
Houston / South Texas,2,TX,Webb County,Laredo,78040,42083,23199,0.6367677413890902,3,,,0,3,10500,Lexi Cavaliere
Houston / South Texas,2,TX,Webb County,Laredo,78043,42713,32188,0.7500555308142421,3,,,0,3,10500,Lexi Cavaliere
Houston / South Texas,2,TX,Guadalupe County,Cibolo,78108,27770,83743,1.2098197750945958,3,,,0,3,10500,Lexi Cavaliere
Houston / South Texas,2,TX,Guadalupe County,Schertz,78154,30347,71432,1.117359244489587,3,,,0,3,10500,Lexi Cavaliere
Houston / South Texas,2,TX,Bexar County,San Antonio,78207,55514,22605,0.6285628035340034,3,5,3,0,3,10500,Lexi Cavaliere
Houston / South Texas,2,TX,Bexar County,San Antonio,78210,36865,32676,0.7557199117831903,3,,,0,3,10500,Lexi Cavaliere
Houston / South Texas,2,TX,Bexar County,San Antonio,78217,32165,45224,0.8890596653753507,3,8,6,0,3,10500,Lexi Cavaliere
Houston / South Texas,2,TX,Bexar County,San Antonio,78221,35990,38036,0.8153495594375494,3,,,0,3,10500,Lexi Cavaliere
Houston / South Texas,2,TX,Bexar County,San Antonio,78237,36929,26702,0.6831535308238673,3,,,0,3,10500,Lexi Cavaliere
Houston / South Texas,2,TX,Bexar County,San Antonio,78239,28736,53868,0.9703129938553849,3,,,0,3,10500,Lexi Cavaliere
Houston / South Texas,2,TX,Bexar County,San Antonio,78244,30757,56946,0.9976496014616792,3,,,0,3,10500,Lexi Cavaliere
Houston / South Texas,2,TX,Bexar County,San Antonio,78249,49951,70689,1.1115329478315066,6,10,6,3,3,10500,Lexi Cavaliere
Houston / South Texas,2,TX,Bexar County,San Antonio,78259,22660,98669,1.313217872928863,3,,,0,3,10500,Lexi Cavaliere
Houston / South Texas,2,TX,Kleberg County,Kingsville,78363,30463,40413,0.8404404893081638,3,,,0,3,10500,Lexi Cavaliere
Houston / South Texas,2,TX,Nueces County,Corpus Christi,78410,26387,66739,1.080031118986546,3,1,1,0,3,10500,Lexi Cavaliere
Houston / South Texas,2,TX,Nueces County,Corpus Christi,78412,36003,45708,0.8938044876702756,3,,,0,3,10500,Lexi Cavaliere
Houston / South Texas,2,TX,Nueces County,Corpus Christi,78415,39271,39915,0.8352461612375566,3,,,0,3,10500,Lexi Cavaliere
Houston / South Texas,2,TX,Hidalgo County,Alamo,78516,33722,32977,0.7591926478092216,3,,,0,3,10500,Lexi Cavaliere
Houston / South Texas,2,TX,Cameron County,Brownsville,78526,42460,44672,0.8836171161667978,4,1,1,1,3,10500,Lexi Cavaliere
Houston / South Texas,2,TX,Hidalgo County,Donna,78537,39454,25338,0.6654762909785531,3,,,0,3,10500,Lexi Cavaliere
Houston / South Texas,2,TX,Hidalgo County,Edinburg,78541,42431,34586,0.7774931834009813,3,,,0,3,10500,Lexi Cavaliere
Houston / South Texas,2,TX,Cameron County,Harlingen,78552,34111,39602,0.8319648561718186,3,,,0,3,10500,Lexi Cavaliere
Houston / South Texas,2,TX,Hidalgo County,Mission,78573,34890,33809,0.7687100946309637,3,,,0,3,10500,Lexi Cavaliere
Houston / South Texas,2,TX,Starr County,Rio Grande City,78582,40455,27337,0.691228836922041,3,1,1,0,3,10500,Lexi Cavaliere
Houston / South Texas,2,TX,Hidalgo County,San Juan,78589,38004,33648,0.7668775941493823,3,,,0,3,10500,Lexi Cavaliere
Houston / South Texas,2,TX,Harris County,Houston,77002,16793,64093,1.0584046069394863,2,6,3,0,2,7000,Lexi Cavaliere
Houston / South Texas,2,TX,Harris County,Houston,77008,30482,70293,1.1084151697161315,3,19,9,1,2,7000,Lexi Cavaliere
Houston / South Texas,2,TX,Harris County,Houston,77012,20719,34975,0.7818533171772125,2,,,0,2,7000,Lexi Cavaliere
Houston / South Texas,2,TX,Harris County,Houston,77014,28684,40659,0.8429945521994835,2,1,1,0,2,7000,Lexi Cavaliere
Houston / South Texas,2,TX,Harris County,Houston,77016,26989,31327,0.7399558790305797,2,1,1,0,2,7000,Lexi Cavaliere
Houston / South Texas,2,TX,Harris County,Houston,77019,18944,87394,1.2359110926813488,2,4,3,0,2,7000,Lexi Cavaliere
Houston / South Texas,2,TX,Harris County,Houston,77020,25464,29401,0.7168486514105038,2,,,0,2,7000,Lexi Cavaliere
Houston / South Texas,2,TX,Harris County,Houston,77021,26042,31103,0.737305649594159,2,,,0,2,7000,Lexi Cavaliere
Houston / South Texas,2,TX,Harris County,Houston,77022,29557,28810,0.7096072608673016,2,,,0,2,7000,Lexi Cavaliere
Houston / South Texas,2,TX,Harris County,Houston,77023,28998,36033,0.7935908144368955,2,,,0,2,7000,Lexi Cavaliere
Houston / South Texas,2,TX,Harris County,Houston,77033,27965,27272,0.6904065701412193,2,,,0,2,7000,Lexi Cavaliere
Houston / South Texas,2,TX,Harris County,Houston,77037,19819,35518,0.7878992243898272,2,,,0,2,7000,Lexi Cavaliere
Houston / South Texas,2,TX,Harris County,Houston,77038,26713,38160,0.8166775260801096,2,1,1,0,2,7000,Lexi Cavaliere
Houston / South Texas,2,TX,Harris County,Houston,77039,27562,38167,0.8167524275546828,2,,,0,2,7000,Lexi Cavaliere
Houston / South Texas,2,TX,Harris County,Houston,77043,23358,54359,0.9747251027540702,2,1,1,0,2,7000,Lexi Cavaliere
Houston / South Texas,2,TX,Harris County,Houston,77044,30949,72761,1.127705636462011,3,,,1,2,7000,Lexi Cavaliere
Houston / South Texas,2,TX,Harris County,Houston,77047,21077,49246,0.9277520056262735,2,,,0,2,7000,Lexi Cavaliere
Houston / South Texas,2,TX,Harris County,Houston,77054,22290,41694,0.8536566002732082,2,10,9,0,2,7000,Lexi Cavaliere
Houston / South Texas,2,TX,Harris County,Houston,77056,18673,93069,1.2754074376717741,2,16,10,0,2,7000,Lexi Cavaliere
Houston / South Texas,2,TX,Harris County,Houston,77058,16406,49589,0.9309773108075146,2,10,6,0,2,7000,Lexi Cavaliere
Houston / South Texas,2,TX,Harris County,Houston,77061,24457,34566,0.7772683509208167,2,,,0,2,7000,Lexi Cavaliere
Houston / South Texas,2,TX,Harris County,Houston,77063,34299,49873,0.9336393939323272,3,10,6,1,2,7000,Lexi Cavaliere
Houston / South Texas,2,TX,Harris County,Houston,77067,30559,37309,0.8075198856109518,2,,,0,2,7000,Lexi Cavaliere
Houston / South Texas,2,TX,Harris County,Houston,77069,16541,68495,1.0941474600261465,2,,,0,2,7000,Lexi Cavaliere
Houston / South Texas,2,TX,Harris County,Houston,77071,25671,45941,0.8960797099417545,2,,,0,2,7000,Lexi Cavaliere
Houston / South Texas,2,TX,Harris County,Houston,77076,33803,31212,0.7385964580093229,2,,,0,2,7000,Lexi Cavaliere
Houston / South Texas,2,TX,Harris County,Houston,77079,31280,95589,1.292559013909453,4,6,5,2,2,7000,Lexi Cavaliere
Houston / South Texas,2,TX,Harris County,Houston,77086,28009,42030,0.8570893851709351,2,,,0,2,7000,Lexi Cavaliere
Houston / South Texas,2,TX,Harris County,Houston,77091,23472,27903,0.6983479635763807,2,,,0,2,7000,Lexi Cavaliere
Houston / South Texas,2,TX,Harris County,Houston,77098,13076,81907,1.1964840986575194,2,22,18,0,2,7000,Lexi Cavaliere
Houston / South Texas,2,TX,Montgomery County,Conroe,77301,30769,34097,0.7719772577154344,2,,,0,2,7000,Lexi Cavaliere
Houston / South Texas,2,TX,Montgomery County,Montgomery,77316,16036,72458,1.1253551239484465,2,,,0,2,7000,Lexi Cavaliere
Houston / South Texas,2,TX,Liberty County,Cleveland,77327,20160,46936,0.9057314728646955,2,,,0,2,7000,Lexi Cavaliere
Houston / South Texas,2,TX,Montgomery County,Magnolia,77354,30215,75269,1.1469764332117687,3,,,1,2,7000,Lexi Cavaliere
Houston / South Texas,2,TX,Montgomery County,New Caney,77357,19987,48979,0.9252335629654241,2,,,0,2,7000,Lexi Cavaliere
Houston / South Texas,2,TX,Fort Bend County,Richmond,77407,28595,85219,1.220434956081933,3,2,2,1,2,7000,Lexi Cavaliere
Houston / South Texas,2,TX,Matagorda County,Bay City,77414,23047,43186,0.8687961980350997,2,,,0,2,7000,Lexi Cavaliere
Houston / South Texas,2,TX,Fort Bend County,Sugar Land,77478,24739,89549,1.2510561198871435,3,31,18,1,2,7000,Lexi Cavaliere
Houston / South Texas,2,TX,Harris County,Pasadena,77503,24251,44939,0.8862538270094001,2,1,1,0,2,7000,Lexi Cavaliere
Houston / South Texas,2,TX,Harris County,Pasadena,77504,24529,40321,0.8394833148825208,2,14,2,0,2,7000,Lexi Cavaliere
Houston / South Texas,2,TX,Fort Bend County,Fresno,77545,19431,67970,1.0899461871446825,2,,,0,2,7000,Lexi Cavaliere
Houston / South Texas,2,TX,Galveston County,Galveston,77550,23043,32447,0.7530671370164703,2,3,3,0,2,7000,Lexi Cavaliere
Houston / South Texas,2,TX,Galveston County,Galveston,77551,17753,42575,0.8626283953562824,2,,,0,2,7000,Lexi Cavaliere
Houston / South Texas,2,TX,Brazoria County,Manvel,77578,12672,92826,1.2737413266565518,2,,,0,2,7000,Lexi Cavaliere
Houston / South Texas,2,TX,Brazoria County,Rosharon,77583,28531,68939,1.09768798667026,3,,,1,2,7000,Lexi Cavaliere
Houston / South Texas,2,TX,Harris County,Seabrook,77586,20970,86786,1.2316044729949993,3,,,1,2,7000,Lexi Cavaliere
Houston / South Texas,2,TX,Jefferson County,Groves,77619,16147,50559,0.9400385398971474,2,,,0,2,7000,Lexi Cavaliere
Houston / South Texas,2,TX,Jefferson County,Nederland,77627,21454,59701,1.0214973030535628,2,3,3,0,2,7000,Lexi Cavaliere
Houston / South Texas,2,TX,Orange County,Orange,77630,26796,42131,0.8581185796126394,2,1,1,0,2,7000,Lexi Cavaliere
Houston / South Texas,2,TX,Orange County,Orange,77632,22776,64694,1.0633553577191892,2,,,0,2,7000,Lexi Cavaliere
Houston / South Texas,2,TX,Hardin County,Silsbee,77656,17110,45851,0.895201554151958,2,,,0,2,7000,Lexi Cavaliere
Houston / South Texas,2,TX,Hardin County,Lumberton,77657,20003,61609,1.0376920782322272,2,,,0,2,7000,Lexi Cavaliere
Houston / South Texas,2,TX,Orange County,Vidor,77662,27035,43826,0.8752101360580107,2,,,0,2,7000,Lexi Cavaliere
Houston / South Texas,2,TX,Jefferson County,Beaumont,77706,28258,55900,0.9884445824901561,3,3,2,1,2,7000,Lexi Cavaliere
Houston / South Texas,2,TX,Jefferson County,Beaumont,77707,17080,50051,0.9353040200061027,2,,,0,2,7000,Lexi Cavaliere
Houston / South Texas,2,TX,Brazos County,Bryan,77802,23288,51801,0.951514680850677,2,3,3,0,2,7000,Lexi Cavaliere
Houston / South Texas,2,TX,Brazos County,Bryan,77803,30252,34420,0.7756250994087509,2,,,0,2,7000,Lexi Cavaliere
Houston / South Texas,2,TX,Washington County,Brenham,77833,27492,44612,0.8830235134510575,2,5,4,0,2,7000,Lexi Cavaliere
Houston / South Texas,2,TX,Victoria County,Victoria,77901,41548,40571,0.8420817936008193,3,6,5,1,2,7000,Lexi Cavaliere
Houston / South Texas,2,TX,Calhoun County,Port Lavaca,77979,17144,46296,0.8995351868599767,2,,,0,2,7000,Lexi Cavaliere
Houston / South Texas,2,TX,Bexar County,Helotes,78023,24334,106014,1.361219093057017,3,,,1,2,7000,Lexi Cavaliere
Houston / South Texas,2,TX,Webb County,Laredo,78041,44153,42178,0.858597091057386,4,5,5,2,2,7000,Lexi Cavaliere
Houston / South Texas,2,TX,Comal County,Spring Branch,78070,14618,75805,1.1510530701249757,2,1,1,0,2,7000,Lexi Cavaliere
Houston / South Texas,2,TX,Bee County,Beeville,78102,27593,42951,0.8664291622754203,2,,,0,2,7000,Lexi Cavaliere
Houston / South Texas,2,TX,Wilson County,Floresville,78114,20103,58024,1.007048191183559,2,,,0,2,7000,Lexi Cavaliere
Houston / South Texas,2,TX,Comal County,New Braunfels,78132,19139,82917,1.2038384540201055,2,4,3,0,2,7000,Lexi Cavaliere
Houston / South Texas,2,TX,Bexar County,Universal City,78148,20139,54691,0.9776971600364026,2,1,1,0,2,7000,Lexi Cavaliere
Houston / South Texas,2,TX,Bexar County,San Antonio,78211,31944,32985,0.7592847297584137,2,,,0,2,7000,Lexi Cavaliere
Houston / South Texas,2,TX,Bexar County,San Antonio,78212,28415,36613,0.7999522777150985,2,11,7,0,2,7000,Lexi Cavaliere
Houston / South Texas,2,TX,Bexar County,San Antonio,78213,40396,40727,0.8436991893265139,3,7,4,1,2,7000,Lexi Cavaliere
Houston / South Texas,2,TX,Bexar County,San Antonio,78214,23341,27222,0.6897733902265272,2,,,0,2,7000,Lexi Cavaliere
Houston / South Texas,2,TX,Bexar County,San Antonio,78218,31917,38812,0.823624833694238,3,6,1,1,2,7000,Lexi Cavaliere
Houston / South Texas,2,TX,Bexar County,San Antonio,78222,19408,46000,0.8966549231450112,2,,,0,2,7000,Lexi Cavaliere
Houston / South Texas,2,TX,Bexar County,San Antonio,78232,35120,64741,1.0637415498540501,4,5,2,2,2,7000,Lexi Cavaliere
Houston / South Texas,2,TX,Bexar County,San Antonio,78238,23514,44005,0.8769956398070208,2,,,0,2,7000,Lexi Cavaliere
Houston / South Texas,2,TX,Bexar County,San Antonio,78242,31395,35451,0.7871557398675778,2,,,0,2,7000,Lexi Cavaliere
Houston / South Texas,2,TX,Bexar County,San Antonio,78248,13638,105987,1.3610457421038435,2,,,0,2,7000,Lexi Cavaliere
Houston / South Texas,2,TX,Bexar County,San Antonio,78255,10826,111307,1.39478625936907,2,1,1,0,2,7000,Lexi Cavaliere
Houston / South Texas,2,TX,Bexar County,San Antonio,78260,24844,106182,1.3622972255694816,3,2,2,1,2,7000,Lexi Cavaliere
Houston / South Texas,2,TX,Bexar County,San Antonio,78261,13513,98729,1.313617092023123,2,,,0,2,7000,Lexi Cavaliere
Houston / South Texas,2,TX,Nueces County,Robstown,78380,23141,39922,0.8353193977001931,2,,,0,2,7000,Lexi Cavaliere
Houston / South Texas,2,TX,Aransas County,Rockport,78382,19364,45732,0.8940391128187375,2,,,0,2,7000,Lexi Cavaliere
Houston / South Texas,2,TX,Nueces County,Corpus Christi,78414,30165,75971,1.1523126857091741,3,5,3,1,2,7000,Lexi Cavaliere
Houston / South Texas,2,TX,Nueces County,Corpus Christi,78418,29854,55487,0.984786403357565,3,2,1,1,2,7000,Lexi Cavaliere
Houston / South Texas,2,TX,Hidalgo County,Mcallen,78503,21706,35660,0.7894726531844262,2,7,3,0,2,7000,Lexi Cavaliere
Houston / South Texas,2,TX,Hidalgo County,Mcallen,78504,48703,61277,1.0348923318015282,5,18,8,3,2,7000,Lexi Cavaliere
Houston / South Texas,2,TX,Hidalgo County,Edinburg,78539,30783,52167,0.9548702279340291,3,15,12,1,2,7000,Lexi Cavaliere
Houston / South Texas,2,TX,Hidalgo County,Mercedes,78570,32525,25445,0.6668799326909169,2,,,0,2,7000,Lexi Cavaliere
Houston / South Texas,2,TX,Harris County,Houston,77003,10508,36412,0.7977534454069886,1,,,0,1,3500,Lexi Cavaliere
Houston / South Texas,2,TX,Harris County,Houston,77006,19664,67458,1.0858332892486218,2,5,4,1,1,3500,Lexi Cavaliere
Houston / South Texas,2,TX,Harris County,Houston,77007,30853,98725,1.3135904811915016,4,9,4,3,1,3500,Lexi Cavaliere
Houston / South Texas,2,TX,Harris County,Houston,77011,19547,26838,0.6848910575715926,1,,,0,1,3500,Lexi Cavaliere
Houston / South Texas,2,TX,Harris County,Houston,77013,17602,36829,0.8023084844704664,1,,,0,1,3500,Lexi Cavaliere
Houston / South Texas,2,TX,Harris County,Houston,77026,23940,20024,0.5915913833858293,1,1,1,0,1,3500,Lexi Cavaliere
Houston / South Texas,2,TX,Harris County,Houston,77028,16808,29389,0.7167023458130733,1,,,0,1,3500,Lexi Cavaliere
Houston / South Texas,2,TX,Harris County,Houston,77029,17814,31715,0.744524132727305,1,1,1,0,1,3500,Lexi Cavaliere
Houston / South Texas,2,TX,Harris County,Houston,77031,15762,39278,0.8285545458552568,1,,,0,1,3500,Lexi Cavaliere
Houston / South Texas,2,TX,Harris County,Houston,77032,12757,23389,0.6393699906518228,1,,,0,1,3500,Lexi Cavaliere
Houston / South Texas,2,TX,Harris County,Houston,77048,15294,36818,0.802188659707174,1,,,0,1,3500,Lexi Cavaliere
Houston / South Texas,2,TX,Harris County,Houston,77051,15085,22920,0.632927153812181,1,,,0,1,3500,Lexi Cavaliere
Houston / South Texas,2,TX,Harris County,Houston,77068,10064,67945,1.0897457225226665,1,,,0,1,3500,Lexi Cavaliere
Houston / South Texas,2,TX,Harris County,Houston,77078,14777,30368,0.7285418712392947,1,,,0,1,3500,Lexi Cavaliere
Houston / South Texas,2,TX,Harris County,Houston,77085,16074,49466,0.9298220011129338,1,,,0,1,3500,Lexi Cavaliere
Houston / South Texas,2,TX,Montgomery County,Conroe,77302,18118,57758,1.004737229082704,2,,,1,1,3500,Lexi Cavaliere
Houston / South Texas,2,TX,Montgomery County,Conroe,77303,16710,45599,0.8927381224743745,1,,,0,1,3500,Lexi Cavaliere
Houston / South Texas,2,TX,Montgomery County,Conroe,77304,21314,58774,1.0135356889668756,2,11,6,1,1,3500,Lexi Cavaliere
Houston / South Texas,2,TX,Montgomery County,Conroe,77306,11931,41596,0.8526527680246302,1,,,0,1,3500,Lexi Cavaliere
Houston / South Texas,2,TX,Montgomery County,Willis,77318,14281,78194,1.1690501352691287,2,,,1,1,3500,Lexi Cavaliere
Houston / South Texas,2,TX,San Jacinto County,Cleveland,77328,13993,48250,0.9183221937482671,1,,,0,1,3500,Lexi Cavaliere
Houston / South Texas,2,TX,San Jacinto County,Coldspring,77331,6824,41596,0.8526527680246302,1,,,0,1,3500,Lexi Cavaliere
Houston / South Texas,2,TX,Harris County,Huffman,77336,12471,62995,1.0492994896736927,1,,,0,1,3500,Lexi Cavaliere
Houston / South Texas,2,TX,Walker County,Huntsville,77340,29809,30933,0.7352879390707714,2,2,1,1,1,3500,Lexi Cavaliere
Houston / South Texas,2,TX,Walker County,New Waverly,77358,4993,57656,1.0038496595389554,1,,,0,1,3500,Lexi Cavaliere
Houston / South Texas,2,TX,Montgomery County,Splendora,77372,12164,44896,0.8858297183834947,1,,,0,1,3500,Lexi Cavaliere
Houston / South Texas,2,TX,Montgomery County,Willis,77378,14685,48136,0.9172366948869962,1,,,0,1,3500,Lexi Cavaliere
Houston / South Texas,2,TX,Montgomery County,Conroe,77385,19534,82175,1.1984399502231085,2,1,1,1,1,3500,Lexi Cavaliere
Houston / South Texas,2,TX,Harris County,Bellaire,77401,17491,144821,1.5,3,39,17,2,1,3500,Lexi Cavaliere
Houston / South Texas,2,TX,Austin County,Bellville,77418,9585,46250,0.8990881838551839,1,,,0,1,3500,Lexi Cavaliere
Houston / South Texas,2,TX,Brazoria County,Brazoria,77422,13933,49262,0.9279027064606686,1,,,0,1,3500,Lexi Cavaliere
Houston / South Texas,2,TX,Waller County,Brookshire,77423,9483,36667,0.8005419795547918,1,,,0,1,3500,Lexi Cavaliere
Houston / South Texas,2,TX,Wharton County,El Campo,77437,17054,43599,0.8729405856852197,1,4,4,0,1,3500,Lexi Cavaliere
Houston / South Texas,2,TX,Fort Bend County,Fulshear,77441,4809,123703,1.470403533074721,1,5,1,0,1,3500,Lexi Cavaliere
Houston / South Texas,2,TX,Waller County,Hempstead,77445,11977,43066,0.8675883058048253,1,,,0,1,3500,Lexi Cavaliere
Houston / South Texas,2,TX,Harris County,Hockley,77447,11872,65682,1.0714443171935337,1,,,0,1,3500,Lexi Cavaliere
Houston / South Texas,2,TX,Fort Bend County,Needville,77461,10679,59220,1.0173739728817928,1,,,0,1,3500,Lexi Cavaliere
Houston / South Texas,2,TX,Matagorda County,Palacios,77465,7161,42623,0.8631145315746558,1,,,0,1,3500,Lexi Cavaliere
Houston / South Texas,2,TX,Austin County,Sealy,77474,12782,56905,0.9972903927484732,1,,,0,1,3500,Lexi Cavaliere
Houston / South Texas,2,TX,Brazoria County,Sweeny,77480,8097,53639,0.9682483327293627,1,,,0,1,3500,Lexi Cavaliere
Houston / South Texas,2,TX,Waller County,Waller,77484,11068,63045,1.0497158288122732,1,,,0,1,3500,Lexi Cavaliere
Houston / South Texas,2,TX,Brazoria County,West Columbia,77486,6851,58049,1.0072651142975522,1,,,0,1,3500,Lexi Cavaliere
Houston / South Texas,2,TX,Wharton County,Wharton,77488,14148,36257,0.7960536808199986,1,,,0,1,3500,Lexi Cavaliere
Houston / South Texas,2,TX,Galveston County,Santa Fe,77510,13731,60074,1.0246833905057016,1,,,0,1,3500,Lexi Cavaliere
Houston / South Texas,2,TX,Galveston County,Santa Fe,77517,5315,83472,1.207860645159736,1,,,0,1,3500,Lexi Cavaliere
Houston / South Texas,2,TX,Galveston County,Bacliff,77518,8673,40612,0.842507179163606,1,,,0,1,3500,Lexi Cavaliere
Houston / South Texas,2,TX,Chambers County,Baytown,77523,17031,90229,1.2557971513859891,2,,,1,1,3500,Lexi Cavaliere
Houston / South Texas,2,TX,Brazoria County,Clute,77531,15639,47121,0.9075147046671159,1,,,0,1,3500,Lexi Cavaliere
Houston / South Texas,2,TX,Brazoria County,Freeport,77541,17412,39304,0.8288287305690996,1,,,0,1,3500,Lexi Cavaliere
Houston / South Texas,2,TX,Harris County,Galena Park,77547,9735,38692,0.8223505951398735,1,,,0,1,3500,Lexi Cavaliere
Houston / South Texas,2,TX,Galveston County,Galveston,77554,8863,64583,1.062442729675567,1,,,0,1,3500,Lexi Cavaliere
Houston / South Texas,2,TX,Harris County,Highlands,77562,10459,57394,1.0015662191156178,1,,,0,1,3500,Lexi Cavaliere
Houston / South Texas,2,TX,Galveston County,Hitchcock,77563,9103,50498,0.9394712852300974,1,,,0,1,3500,Lexi Cavaliere
Houston / South Texas,2,TX,Galveston County,Kemah,77565,5790,80000,1.182473495392041,1,,,0,1,3500,Lexi Cavaliere
Houston / South Texas,2,TX,Galveston County,La Marque,77568,14308,42196,0.8587802801501958,1,,,0,1,3500,Lexi Cavaliere
Houston / South Texas,2,TX,Liberty County,Liberty,77575,15949,42765,0.864551084058833,1,,,0,1,3500,Lexi Cavaliere
Houston / South Texas,2,TX,Harris County,South Houston,77587,16568,36083,0.7941412235793962,1,,,0,1,3500,Lexi Cavaliere
Houston / South Texas,2,TX,Galveston County,Texas City,77591,13131,46096,0.8975900754135774,1,1,1,0,1,3500,Lexi Cavaliere
Houston / South Texas,2,TX,Harris County,Webster,77598,23059,46682,0.9032774090009438,2,27,19,1,1,3500,Lexi Cavaliere
Houston / South Texas,2,TX,Orange County,Bridge City,77611,8219,63640,1.054657649567321,1,,,0,1,3500,Lexi Cavaliere
Houston / South Texas,2,TX,Jasper County,Buna,77612,8901,50144,0.9361725631455815,1,,,0,1,3500,Lexi Cavaliere
Houston / South Texas,2,TX,Hardin County,Kountze,77625,8489,45515,0.8919154666073469,1,,,0,1,3500,Lexi Cavaliere
Houston / South Texas,2,TX,Jefferson County,Port Arthur,77640,16875,29096,0.7131207369223733,1,,,0,1,3500,Lexi Cavaliere
Houston / South Texas,2,TX,Jefferson County,Port Neches,77651,13043,61363,1.0356182937050005,1,,,0,1,3500,Lexi Cavaliere
Houston / South Texas,2,TX,Hardin County,Sour Lake,77659,4910,68901,1.0973854156064493,1,,,0,1,3500,Lexi Cavaliere
Houston / South Texas,2,TX,Chambers County,Winnie,77665,6446,50149,0.936219236188578,1,,,0,1,3500,Lexi Cavaliere
Houston / South Texas,2,TX,Jefferson County,Beaumont,77703,15006,24829,0.658758202345592,1,,,0,1,3500,Lexi Cavaliere
Houston / South Texas,2,TX,Jefferson County,Beaumont,77708,11518,41205,0.8486358626553925,1,,,0,1,3500,Lexi Cavaliere
Houston / South Texas,2,TX,Jefferson County,Beaumont,77713,12788,60800,1.0308564939658431,1,,,0,1,3500,Lexi Cavaliere
Houston / South Texas,2,TX,Brazos County,Bryan,77801,15449,23162,0.6362597494922061,1,,,0,1,3500,Lexi Cavaliere
Houston / South Texas,2,TX,Brazos County,Bryan,77807,9699,42154,0.8583527781174904,1,,,0,1,3500,Lexi Cavaliere
Houston / South Texas,2,TX,Brazos County,Bryan,77808,10634,60981,1.0323897700106182,1,,,0,1,3500,Lexi Cavaliere
Houston / South Texas,2,TX,Burleson County,Caldwell,77836,11896,52348,0.9565253150156621,1,,,0,1,3500,Lexi Cavaliere
Houston / South Texas,2,TX,Robertson County,Franklin,77856,5096,56667,0.9952026692366095,1,,,0,1,3500,Lexi Cavaliere
Houston / South Texas,2,TX,Robertson County,Hearne,77859,6981,35625,0.789085127578363,1,,,0,1,3500,Lexi Cavaliere
Houston / South Texas,2,TX,Madison County,Madisonville,77864,7647,37880,0.8136758132811629,1,,,0,1,3500,Lexi Cavaliere
Houston / South Texas,2,TX,Grimes County,Navasota,77868,15511,41000,0.846522195954509,1,,,0,1,3500,Lexi Cavaliere
Houston / South Texas,2,TX,Victoria County,Victoria,77905,13981,61967,1.0407026420594918,1,,,0,1,3500,Lexi Cavaliere
Houston / South Texas,2,TX,DeWitt County,Cuero,77954,11506,47448,0.9106581464898892,1,,,0,1,3500,Lexi Cavaliere
Houston / South Texas,2,TX,Jackson County,Edna,77957,8187,45798,0.89468401471846,1,,,0,1,3500,Lexi Cavaliere
Houston / South Texas,2,TX,Goliad County,Goliad,77963,5459,48858,0.9240899862254461,1,,,0,1,3500,Lexi Cavaliere
Houston / South Texas,2,TX,Lavaca County,Hallettsville,77964,7569,42349,0.8603358125739733,1,,,0,1,3500,Lexi Cavaliere
Houston / South Texas,2,TX,Lavaca County,Yoakum,77995,9567,44986,0.8867171555713801,1,,,0,1,3500,Lexi Cavaliere
Houston / South Texas,2,TX,Bexar County,Atascosa,78002,8255,48545,0.9211252220437055,1,,,0,1,3500,Lexi Cavaliere
Houston / South Texas,2,TX,Bandera County,Bandera,78003,8689,43780,0.8747507028905328,1,,,0,1,3500,Lexi Cavaliere
Houston / South Texas,2,TX,Medina County,Castroville,78009,7255,63361,1.052343282085219,1,,,0,1,3500,Lexi Cavaliere
Houston / South Texas,2,TX,Kendall County,Comfort,78013,5930,49533,0.930451494029258,1,2,1,0,1,3500,Lexi Cavaliere
Houston / South Texas,2,TX,Bexar County,Boerne,78015,9602,118306,1.437969938287769,1,,,0,1,3500,Lexi Cavaliere
Houston / South Texas,2,TX,Medina County,Devine,78016,9630,47306,0.9092944393519816,1,,,0,1,3500,Lexi Cavaliere
Houston / South Texas,2,TX,Atascosa County,Jourdanton,78026,5861,47820,0.914221030362115,1,,,0,1,3500,Lexi Cavaliere
Houston / South Texas,2,TX,Kerr County,Kerrville,78028,37620,43343,0.8703739924429496,3,5,3,2,1,3500,Lexi Cavaliere
Houston / South Texas,2,TX,Atascosa County,Lytle,78052,6388,58869,1.0143544780034905,1,,,0,1,3500,Lexi Cavaliere
Houston / South Texas,2,TX,Medina County,Natalia,78059,5387,51652,0.9501452305991231,1,,,0,1,3500,Lexi Cavaliere
Houston / South Texas,2,TX,Frio County,Pearsall,78061,11031,33838,0.7690397082600438,1,,,0,1,3500,Lexi Cavaliere
Houston / South Texas,2,TX,Bandera County,Pipe Creek,78063,9227,55000,0.9804552271888611,1,,,0,1,3500,Lexi Cavaliere
Houston / South Texas,2,TX,Atascosa County,Pleasanton,78064,14102,55417,0.9841650253471401,1,,,0,1,3500,Lexi Cavaliere
Houston / South Texas,2,TX,Atascosa County,Poteet,78065,10831,43750,0.8744509425174988,1,,,0,1,3500,Lexi Cavaliere
Houston / South Texas,2,TX,Bexar County,Von Ormy,78073,8171,46191,0.8985145283840021,1,,,0,1,3500,Lexi Cavaliere
Houston / South Texas,2,TX,Zapata County,Zapata,78076,12612,32222,0.7504515659395607,1,,,0,1,3500,Lexi Cavaliere
Houston / South Texas,2,TX,Bexar County,Adkins,78101,7898,64878,1.0648664597004196,1,,,0,1,3500,Lexi Cavaliere
Houston / South Texas,2,TX,Bexar County,Elmendorf,78112,7941,46974,0.9060980447126681,1,,,0,1,3500,Lexi Cavaliere
Houston / South Texas,2,TX,Karnes County,Kenedy,78119,7680,38527,0.8205952863436021,1,,,0,1,3500,Lexi Cavaliere
Houston / South Texas,2,TX,Guadalupe County,Marion,78124,5609,52337,0.9564248113549267,1,,,0,1,3500,Lexi Cavaliere
Houston / South Texas,2,TX,Comal County,Canyon Lake,78133,16269,59710,1.0215742961464056,2,,,1,1,3500,Lexi Cavaliere
Houston / South Texas,2,TX,Bexar County,San Antonio,78202,11691,24369,0.6526273581804506,1,,,0,1,3500,Lexi Cavaliere
Houston / South Texas,2,TX,Bexar County,San Antonio,78204,11125,30800,0.7337055086424651,1,,,0,1,3500,Lexi Cavaliere
Houston / South Texas,2,TX,Bexar County,San Antonio,78219,15225,38512,0.8204355265957641,1,,,0,1,3500,Lexi Cavaliere
Houston / South Texas,2,TX,Bexar County,San Antonio,78220,15965,30605,0.7313792140312666,1,,,0,1,3500,Lexi Cavaliere
Houston / South Texas,2,TX,Bexar County,San Antonio,78224,17601,40028,0.836427623229226,1,3,2,0,1,3500,Lexi Cavaliere
Houston / South Texas,2,TX,Bexar County,San Antonio,78225,13025,32234,0.7505912931524283,1,,,0,1,3500,Lexi Cavaliere
Houston / South Texas,2,TX,Bexar County,San Antonio,78231,7906,83696,1.209480227252247,1,6,4,0,1,3500,Lexi Cavaliere
Houston / South Texas,2,TX,Bexar County,San Antonio,78252,7372,44143,0.8783696957398555,1,,,0,1,3500,Lexi Cavaliere
Houston / South Texas,2,TX,Bexar County,San Antonio,78256,6855,69649,1.1033260296666791,1,3,3,0,1,3500,Lexi Cavaliere
Houston / South Texas,2,TX,Bexar County,San Antonio,78263,4673,76118,1.1534269800040278,1,,,0,1,3500,Lexi Cavaliere
Houston / South Texas,2,TX,Bexar County,San Antonio,78264,12339,43200,0.8689370094227328,1,,,0,1,3500,Lexi Cavaliere
Houston / South Texas,2,TX,Comal County,San Antonio,78266,5591,105536,1.3581468676061224,1,,,0,1,3500,Lexi Cavaliere
Houston / South Texas,2,TX,Jim Wells County,Alice,78332,28710,39114,0.8268229775135887,2,,,1,1,3500,Lexi Cavaliere
Houston / South Texas,2,TX,San Patricio County,Aransas Pass,78336,11949,39705,0.8330460734544636,1,,,0,1,3500,Lexi Cavaliere
Houston / South Texas,2,TX,San Patricio County,Ingleside,78362,9447,57458,1.0021244863425889,1,,,0,1,3500,Lexi Cavaliere
Houston / South Texas,2,TX,San Patricio County,Mathis,78368,9227,35191,0.7842639015106672,1,,,0,1,3500,Lexi Cavaliere
Houston / South Texas,2,TX,Jim Wells County,Orange Grove,78372,5452,52208,0.9552453883809272,1,,,0,1,3500,Lexi Cavaliere
Houston / South Texas,2,TX,San Patricio County,Portland,78374,16620,66236,1.0759534197863319,2,,,1,1,3500,Lexi Cavaliere
Houston / South Texas,2,TX,San Patricio County,Sinton,78387,9574,45855,0.895240601589565,1,,,0,1,3500,Lexi Cavaliere
Houston / South Texas,2,TX,Nueces County,Corpus Christi,78404,17236,38862,0.8241551849666582,1,5,3,0,1,3500,Lexi Cavaliere
Houston / South Texas,2,TX,Nueces County,Corpus Christi,78405,16867,27247,0.6900900528042552,1,,,0,1,3500,Lexi Cavaliere
Houston / South Texas,2,TX,Nueces County,Corpus Christi,78408,12061,28137,0.7012700910958944,1,,,0,1,3500,Lexi Cavaliere
Houston / South Texas,2,TX,Nueces County,Corpus Christi,78411,28024,40349,0.8397747443301103,2,9,5,1,1,3500,Lexi Cavaliere
Houston / South Texas,2,TX,Nueces County,Corpus Christi,78416,15508,27854,0.6977345154471748,1,,,0,1,3500,Lexi Cavaliere
Houston / South Texas,2,TX,Hidalgo County,Edcouch,78538,10657,25806,0.6715939388673071,1,,,0,1,3500,Lexi Cavaliere
Houston / South Texas,2,TX,Hidalgo County,Hidalgo,78557,12547,39033,0.8259664124724082,1,,,0,1,3500,Lexi Cavaliere
Houston / South Texas,2,TX,Cameron County,La Feria,78559,12751,31901,0.7467041586246382,1,,,0,1,3500,Lexi Cavaliere
Houston / South Texas,2,TX,Cameron County,Los Fresnos,78566,16230,39361,0.829429510662895,1,,,0,1,3500,Lexi Cavaliere
Houston / South Texas,2,TX,Cameron County,Olmito,78575,8056,52039,0.953698045760343,1,,,0,1,3500,Lexi Cavaliere
Houston / South Texas,2,TX,Hidalgo County,Penitas,78576,8775,28853,0.710136621075847,1,,,0,1,3500,Lexi Cavaliere
Houston / South Texas,2,TX,Cameron County,Port Isabel,78578,12516,35523,0.7879546801796712,1,,,0,1,3500,Lexi Cavaliere
Houston / South Texas,2,TX,Willacy County,Raymondville,78580,14963,28106,0.7008836717197181,1,,,0,1,3500,Lexi Cavaliere
Houston / South Texas,2,TX,Cameron County,Rio Hondo,78583,6623,34324,0.7745427054411326,1,,,0,1,3500,Lexi Cavaliere
Houston / South Texas,2,TX,Starr County,Roma,78584,18128,19881,0.5894751941513757,1,,,0,1,3500,Lexi Cavaliere
Houston / South Texas,2,TX,Harris County,Houston,77027,14331,81661,1.194685983583483,2,20,15,3,0,0,Lexi Cavaliere
Houston / South Texas,2,TX,Harris County,Houston,77030,10258,68980,1.0980143514127914,1,189,71,1,0,0,Lexi Cavaliere
Houston / South Texas,2,TX,Harris County,Houston,77046,1196,85493,1.2223953804905874,0,3,3,0,0,0,Lexi Cavaliere
Houston / South Texas,2,TX,Harris County,Houston,77050,4611,44327,0.8801984336494396,0,,,0,0,0,Lexi Cavaliere
Houston / South Texas,2,TX,Harris County,Houston,77094,8498,146518,1.5,1,5,2,1,0,0,Lexi Cavaliere
Houston / South Texas,2,TX,Polk County,Goodrich,77335,2350,23958,0.6471004499446483,0,,,0,0,0,Lexi Cavaliere
Houston / South Texas,2,TX,San Jacinto County,Oakhurst,77359,721,36646,0.8003127026938203,0,,,0,0,0,Lexi Cavaliere
Houston / South Texas,2,TX,Polk County,Onalaska,77360,5280,32380,0.752289228865179,0,,,0,0,0,Lexi Cavaliere
Houston / South Texas,2,TX,Montgomery County,Pinehurst,77362,4600,59576,1.0204273538923723,0,,,0,0,0,Lexi Cavaliere
Houston / South Texas,2,TX,Grimes County,Plantersville,77363,3269,46842,0.9048240518167427,0,,,0,0,0,Lexi Cavaliere
Houston / South Texas,2,TX,San Jacinto County,Pointblank,77364,2223,44595,0.8828552534529076,0,,,0,0,0,Lexi Cavaliere
Houston / South Texas,2,TX,San Jacinto County,Shepherd,77371,7665,38595,0.8213191407738817,1,,,1,0,0,Lexi Cavaliere
Houston / South Texas,2,TX,Montgomery County,Spring,77380,23136,67616,1.0871041638619126,3,35,19,3,0,0,Lexi Cavaliere
Houston / South Texas,2,TX,Montgomery County,Conroe,77384,11857,80032,1.1827099664463783,1,13,7,2,0,0,Lexi Cavaliere
Houston / South Texas,2,TX,Fort Bend County,Beasley,77417,2457,35833,0.7913853497761716,0,,,0,0,0,Lexi Cavaliere
Houston / South Texas,2,TX,Wharton County,Boling,77420,2205,27660,0.6953004482923839,0,,,0,0,0,Lexi Cavaliere
Houston / South Texas,2,TX,Washington County,Chappell Hill,77426,2100,56420,0.9930313569276749,0,,,0,0,0,Lexi Cavaliere
Houston / South Texas,2,TX,Brazoria County,Damon,77430,2283,68889,1.0972898495159078,0,,,0,0,0,Lexi Cavaliere
Houston / South Texas,2,TX,Colorado County,Eagle Lake,77434,4816,35105,0.7833050206515217,0,,,0,0,0,Lexi Cavaliere
Houston / South Texas,2,TX,Wharton County,East Bernard,77435,4539,49604,0.9311181041668459,0,,,0,0,0,Lexi Cavaliere
Houston / South Texas,2,TX,Colorado County,Garwood,77442,1137,35208,0.7844533089807103,0,,,0,0,0,Lexi Cavaliere
Houston / South Texas,2,TX,Fort Bend County,Guy,77444,784,59808,1.0224122900850576,0,,,0,0,0,Lexi Cavaliere
Houston / South Texas,2,TX,Wharton County,Louise,77455,2045,50000,0.934827379554867,0,,,0,0,0,Lexi Cavaliere
Houston / South Texas,2,TX,Matagorda County,Pledger,77468,131,17820,0.5580848991122368,0,,,0,0,0,Lexi Cavaliere
Houston / South Texas,2,TX,Matagorda County,Van Vleck,77482,2307,51887,0.9523042054455174,0,,,0,0,0,Lexi Cavaliere
Houston / South Texas,2,TX,Austin County,Wallis,77485,4054,60900,1.0317038895006072,0,,,0,0,0,Lexi Cavaliere
Houston / South Texas,2,TX,Chambers County,Anahuac,77514,4942,44375,0.8806748711864724,0,,,0,0,0,Lexi Cavaliere
Houston / South Texas,2,TX,Hardin County,Batson,77519,1191,36487,0.7985746132973858,0,,,0,0,0,Lexi Cavaliere
Houston / South Texas,2,TX,Brazoria County,Danbury,77534,2863,77045,1.1604292074647875,0,,,0,0,0,Lexi Cavaliere
Houston / South Texas,2,TX,Liberty County,Devers,77538,934,44625,0.8831521612310853,0,,,0,0,0,Lexi Cavaliere
Houston / South Texas,2,TX,Chambers County,Hankamer,77560,1005,41463,0.8512885309279221,0,,,0,0,0,Lexi Cavaliere
Houston / South Texas,2,TX,Liberty County,Hull,77564,1988,48657,0.9221871912357558,0,,,0,0,0,Lexi Cavaliere
Houston / South Texas,2,TX,Brazoria County,Liverpool,77577,1368,52606,0.9588795616605711,0,,,0,0,0,Lexi Cavaliere
Houston / South Texas,2,TX,Hardin County,Saratoga,77585,1014,37299,0.8074116578370736,0,,,0,0,0,Lexi Cavaliere
Houston / South Texas,2,TX,Chambers County,Wallisville,77597,777,81125,1.1907587360460108,0,,,0,0,0,Lexi Cavaliere
Houston / South Texas,2,TX,Tyler County,Fred,77616,1136,50921,0.9433978527821729,0,,,0,0,0,Lexi Cavaliere
Houston / South Texas,2,TX,Jefferson County,Hamshire,77622,1390,84766,1.2171868910840467,0,,,0,0,0,Lexi Cavaliere
Houston / South Texas,2,TX,Tyler County,Hillister,77624,856,39662,0.8325948622111917,0,,,0,0,0,Lexi Cavaliere
Houston / South Texas,2,TX,Jefferson County,Sabine Pass,77655,356,39083,0.8264952611855109,0,,,0,0,0,Lexi Cavaliere
Houston / South Texas,2,TX,Tyler County,Spurger,77660,1437,37857,0.8134287517005787,0,,,0,0,0,Lexi Cavaliere
Houston / South Texas,2,TX,Tyler County,Warren,77664,2681,43425,0.871196927438089,0,,,0,0,0,Lexi Cavaliere
Houston / South Texas,2,TX,Jefferson County,Beaumont,77701,14674,30316,0.7279178523913981,1,11,7,1,0,0,Lexi Cavaliere
Houston / South Texas,2,TX,Jefferson County,Beaumont,77702,2893,37783,0.8126333483148503,0,7,6,0,0,0,Lexi Cavaliere
Houston / South Texas,2,TX,Grimes County,Anderson,77830,2534,46979,0.9061462668107599,0,,,0,0,0,Lexi Cavaliere
Houston / South Texas,2,TX,Grimes County,Bedias,77831,3426,34228,0.7734587967508699,0,,,0,0,0,Lexi Cavaliere
Houston / South Texas,2,TX,Washington County,Burton,77835,2351,48750,0.9230680764853066,0,,,0,0,0,Lexi Cavaliere
Houston / South Texas,2,TX,Robertson County,Calvert,77837,1587,22904,0.6327061982621376,0,,,0,0,0,Lexi Cavaliere
Houston / South Texas,2,TX,Lee County,Dime Box,77853,953,53911,0.9707001915947202,0,,,0,0,0,Lexi Cavaliere
Houston / South Texas,2,TX,Grimes County,Iola,77861,2506,66397,1.077260287362856,0,,,0,0,0,Lexi Cavaliere
Houston / South Texas,2,TX,Leon County,Marquez,77865,1798,54338,0.9745368063867651,0,,,0,0,0,Lexi Cavaliere
Houston / South Texas,2,TX,Leon County,Normangee,77871,3368,43047,0.8673969019555305,0,,,0,0,0,Lexi Cavaliere
Houston / South Texas,2,TX,Madison County,North Zulch,77872,1716,44704,0.8839335412856841,0,,,0,0,0,Lexi Cavaliere
Houston / South Texas,2,TX,Grimes County,Richards,77873,1292,47159,0.9078805565059274,0,,,0,0,0,Lexi Cavaliere
Houston / South Texas,2,TX,Burleson County,Somerville,77879,4670,41368,0.8503127357938639,0,,,0,0,0,Lexi Cavaliere
Houston / South Texas,2,TX,Washington County,Washington,77880,1879,38672,0.8221380300381914,0,,,0,0,0,Lexi Cavaliere
Houston / South Texas,2,TX,Jackson County,Ganado,77962,3286,61607,1.0376752349057656,0,,,0,0,0,Lexi Cavaliere
Houston / South Texas,2,TX,Victoria County,Inez,77968,2774,72593,1.1264029878408748,0,,,0,0,0,Lexi Cavaliere
Houston / South Texas,2,TX,Jackson County,Lolita,77971,911,64896,1.0650141697637403,0,,,0,0,0,Lexi Cavaliere
Houston / South Texas,2,TX,Victoria County,Meyersville,77974,455,51667,0.950283184055748,0,,,0,0,0,Lexi Cavaliere
Houston / South Texas,2,TX,Lavaca County,Moulton,77975,1860,56696,0.9954572899671891,0,,,0,0,0,Lexi Cavaliere
Houston / South Texas,2,TX,Calhoun County,Seadrift,77983,2209,51250,0.9464405873083397,0,,,0,0,0,Lexi Cavaliere
Houston / South Texas,2,TX,Lavaca County,Shiner,77984,4295,46307,0.8996420459770195,0,,,0,0,0,Lexi Cavaliere
Houston / South Texas,2,TX,Refugio County,Tivoli,77990,699,45000,0.8868551215440308,0,,,0,0,0,Lexi Cavaliere
Houston / South Texas,2,TX,DeWitt County,Westhoff,77994,321,44545,0.8823601851397377,0,,,0,0,0,Lexi Cavaliere
Houston / South Texas,2,TX,Kendall County,Bergheim,78004,1183,124592,1.4756776516977868,0,,,0,0,0,Lexi Cavaliere
Houston / South Texas,2,TX,Frio County,Bigfoot,78005,817,24088,0.6488537108743669,0,,,0,0,0,Lexi Cavaliere
Houston / South Texas,2,TX,Kendall County,Boerne,78006,27558,73417,1.1327778245358124,3,16,12,3,0,0,Lexi Cavaliere
Houston / South Texas,2,TX,Atascosa County,Campbellton,78008,345,63286,1.0517202717479315,0,,,0,0,0,Lexi Cavaliere
Houston / South Texas,2,TX,Kerr County,Center Point,78010,3386,45500,0.8917684839152659,0,,,0,0,0,Lexi Cavaliere
Houston / South Texas,2,TX,Atascosa County,Charlotte,78011,2082,27941,0.6988233281207402,0,,,0,0,0,Lexi Cavaliere
Houston / South Texas,2,TX,Atascosa County,Christine,78012,436,36534,0.7990887817375868,0,,,0,0,0,Lexi Cavaliere
Houston / South Texas,2,TX,La Salle County,Cotulla,78014,4987,26179,0.6764301363451086,0,,,0,0,0,Lexi Cavaliere
Houston / South Texas,2,TX,Frio County,Dilley,78017,4787,38789,0.8233807573973666,0,,,0,0,0,Lexi Cavaliere
Houston / South Texas,2,TX,Live Oak County,George West,78022,4627,43924,0.8761881251355954,0,,,0,0,0,Lexi Cavaliere
Houston / South Texas,2,TX,Kerr County,Hunt,78024,1436,50288,0.9375158166173605,0,,,0,0,0,Lexi Cavaliere
Houston / South Texas,2,TX,Kerr County,Ingram,78025,4956,41547,0.8521504084579726,0,,,0,0,0,Lexi Cavaliere
Houston / South Texas,2,TX,Kendall County,Kendalia,78027,459,98333,1.310979999388674,0,,,0,0,0,Lexi Cavaliere
Houston / South Texas,2,TX,Medina County,La Coste,78039,1657,50625,0.9406519055607059,0,,,0,0,0,Lexi Cavaliere
Houston / South Texas,2,TX,Bandera County,Medina,78055,1774,47464,0.9108116756398446,0,,,0,0,0,Lexi Cavaliere
Houston / South Texas,2,TX,Medina County,Mico,78056,1917,98102,1.309439242766359,0,,,0,0,0,Lexi Cavaliere
Houston / South Texas,2,TX,Frio County,Moore,78057,871,44189,0.8788272369728458,0,,,0,0,0,Lexi Cavaliere
Houston / South Texas,2,TX,Kerr County,Mountain Home,78058,1256,42500,0.8618682585700709,0,,,0,0,0,Lexi Cavaliere
Houston / South Texas,2,TX,Medina County,Rio Medina,78066,591,63583,1.0541852347899592,0,,,0,0,0,Lexi Cavaliere
Houston / South Texas,2,TX,Zapata County,San Ygnacio,78067,916,26641,0.6823727617344106,0,,,0,0,0,Lexi Cavaliere
Houston / South Texas,2,TX,Atascosa County,Somerset,78069,5137,37560,0.8102316673949144,0,,,0,0,0,Lexi Cavaliere
Houston / South Texas,2,TX,Live Oak County,Three Rivers,78071,4248,51852,0.9519829663121723,0,,,0,0,0,Lexi Cavaliere
Houston / South Texas,2,TX,McMullen County,Tilden,78072,505,42083,0.8576296115083895,0,,,0,0,0,Lexi Cavaliere
Houston / South Texas,2,TX,Live Oak County,Whitsett,78075,123,27222,0.6897733902265272,0,,,0,0,0,Lexi Cavaliere
Houston / South Texas,2,TX,Karnes County,Falls City,78113,2435,60988,1.0324490222450289,0,,,0,0,0,Lexi Cavaliere
Houston / South Texas,2,TX,Karnes County,Gillett,78116,390,70357,1.1089196469134652,0,,,0,0,0,Lexi Cavaliere
Houston / South Texas,2,TX,Karnes County,Hobson,78117,545,84643,1.216303468852291,0,,,0,0,0,Lexi Cavaliere
Houston / South Texas,2,TX,Karnes County,Karnes City,78118,3976,40385,0.840149290793005,0,,,0,0,0,Lexi Cavaliere
Houston / South Texas,2,TX,Wilson County,La Vernia,78121,11381,83892,1.2108955846207563,1,1,1,1,0,0,Lexi Cavaliere
Houston / South Texas,2,TX,Gonzales County,Leesville,78122,418,30610,0.731438955033125,0,,,0,0,0,Lexi Cavaliere
Houston / South Texas,2,TX,Guadalupe County,Mc Queeney,78123,2397,62417,1.0444745613253086,0,,,0,0,0,Lexi Cavaliere
Houston / South Texas,2,TX,Gonzales County,Nixon,78140,3380,31793,0.745439113336205,0,,,0,0,0,Lexi Cavaliere
Houston / South Texas,2,TX,DeWitt County,Nordheim,78141,596,38304,0.8182169761288729,0,,,0,0,0,Lexi Cavaliere
Houston / South Texas,2,TX,Karnes County,Runge,78151,1347,34183,0.772950191321986,0,,,0,0,0,Lexi Cavaliere
Houston / South Texas,2,TX,Bexar County,Saint Hedwig,78152,2294,74131,1.1382727808387065,0,,,0,0,0,Lexi Cavaliere
Houston / South Texas,2,TX,Gonzales County,Smiley,78159,1023,31630,0.7435257563952202,0,,,0,0,0,Lexi Cavaliere
Houston / South Texas,2,TX,Wilson County,Stockdale,78160,4273,52059,0.9538812941760224,0,,,0,0,0,Lexi Cavaliere
Houston / South Texas,2,TX,Wilson County,Sutherland Springs,78161,864,56750,0.9959312378657229,0,,,0,0,0,Lexi Cavaliere
Houston / South Texas,2,TX,Comal County,Bulverde,78163,9838,92560,1.2719150157819132,1,1,1,1,0,0,Lexi Cavaliere
Houston / South Texas,2,TX,DeWitt County,Yorktown,78164,3796,45737,0.8940879853083095,0,,,0,0,0,Lexi Cavaliere
Houston / South Texas,2,TX,Bexar County,San Antonio,78203,6099,24846,0.658983684104279,0,,,0,0,0,Lexi Cavaliere
Houston / South Texas,2,TX,Bexar County,San Antonio,78205,1453,25903,0.6728549539452475,0,4,3,0,0,0,Lexi Cavaliere
Houston / South Texas,2,TX,Bexar County,San Antonio,78208,3736,22866,0.6321811193201341,0,,,0,0,0,Lexi Cavaliere
Houston / South Texas,2,TX,Bexar County,San Antonio,78215,1150,34836,0.7802981234008057,0,14,6,0,0,0,Lexi Cavaliere
Houston / South Texas,2,TX,Bexar County,San Antonio,78216,40267,41792,0.8546592534805671,3,5,3,3,0,0,Lexi Cavaliere
Houston / South Texas,2,TX,Bexar County,San Antonio,78226,6648,27936,0.6987607986305407,0,,,0,0,0,Lexi Cavaliere
Houston / South Texas,2,TX,Bexar County,San Antonio,78229,28804,35344,0.7859669255351676,2,55,29,2,0,0,Lexi Cavaliere
Houston / South Texas,2,TX,Bexar County,San Antonio,78257,3950,112202,1.4003826474339018,1,6,6,2,0,0,Lexi Cavaliere
Houston / South Texas,2,TX,Nueces County,Agua Dulce,78330,878,53500,0.9669929604888542,0,,,0,0,0,Lexi Cavaliere
Houston / South Texas,2,TX,Refugio County,Bayside,78340,379,45114,0.8879777608095186,0,,,0,0,0,Lexi Cavaliere
Houston / South Texas,2,TX,Nueces County,Bishop,78343,4525,42875,0.8656622677767278,0,,,0,0,0,Lexi Cavaliere
Houston / South Texas,2,TX,Webb County,Bruni,78344,474,81667,1.1947298722466022,0,,,0,0,0,Lexi Cavaliere
Houston / South Texas,2,TX,Duval County,Concepcion,78349,505,22944,0.6332584425832629,0,,,0,0,0,Lexi Cavaliere
Houston / South Texas,2,TX,Brooks County,Encino,78353,433,16827,0.5423126923998242,0,,,0,0,0,Lexi Cavaliere
Houston / South Texas,2,TX,Brooks County,Falfurrias,78355,7081,23222,0.6370833159794435,0,,,0,0,0,Lexi Cavaliere
Houston / South Texas,2,TX,Duval County,Freer,78357,3161,51051,0.9446013203626621,0,,,0,0,0,Lexi Cavaliere
Houston / South Texas,2,TX,Jim Hogg County,Hebbronville,78361,5350,35928,0.7924337108405521,0,,,0,0,0,Lexi Cavaliere
Houston / South Texas,2,TX,Webb County,Mirando City,78369,444,43125,0.8681823961588798,0,,,0,0,0,Lexi Cavaliere
Houston / South Texas,2,TX,San Patricio County,Odem,78370,4877,54942,0.9799381235239629,0,,,0,0,0,Lexi Cavaliere
Houston / South Texas,2,TX,Nueces County,Port Aransas,78373,3585,42500,0.8618682585700709,0,,,0,0,0,Lexi Cavaliere
Houston / South Texas,2,TX,Jim Wells County,Premont,78375,3352,31864,0.7462710049690062,0,,,0,0,0,Lexi Cavaliere
Houston / South Texas,2,TX,Duval County,Realitos,78376,554,19205,0.5793667632649266,0,,,0,0,0,Lexi Cavaliere
Houston / South Texas,2,TX,Refugio County,Refugio,78377,3821,44861,0.8854843637302048,0,,,0,0,0,Lexi Cavaliere
Houston / South Texas,2,TX,Kleberg County,Riviera,78379,1585,40735,0.8437820491258079,0,,,0,0,0,Lexi Cavaliere
Houston / South Texas,2,TX,Jim Wells County,Sandia,78383,3539,51029,0.9443977644244378,0,,,0,0,0,Lexi Cavaliere
Houston / South Texas,2,TX,Duval County,San Diego,78384,6640,26542,0.6811037068923551,0,,,0,0,0,Lexi Cavaliere
Houston / South Texas,2,TX,Bee County,Skidmore,78389,1541,50577,0.9402058611254263,0,,,0,0,0,Lexi Cavaliere
Houston / South Texas,2,TX,San Patricio County,Taft,78390,5616,41149,0.8480589937544138,0,,,0,0,0,Lexi Cavaliere
Houston / South Texas,2,TX,Bee County,Tynan,78391,325,18750,0.572462519373131,0,,,0,0,0,Lexi Cavaliere
Houston / South Texas,2,TX,Refugio County,Woodsboro,78393,2379,44457,0.8814881895951852,0,,,0,0,0,Lexi Cavaliere
Houston / South Texas,2,TX,Nueces County,Corpus Christi,78401,5391,22226,0.6232712243369015,0,,,0,0,0,Lexi Cavaliere
Houston / South Texas,2,TX,Nueces County,Corpus Christi,78402,536,51958,0.9529555293271567,0,,,0,0,0,Lexi Cavaliere
Houston / South Texas,2,TX,Nueces County,Corpus Christi,78406,1413,45781,0.8945179480785668,0,,,0,0,0,Lexi Cavaliere
Houston / South Texas,2,TX,Nueces County,Corpus Christi,78407,2955,30179,0.7262712356420953,0,,,0,0,0,Lexi Cavaliere
Houston / South Texas,2,TX,Nueces County,Corpus Christi,78409,2939,47105,0.9073606176562776,0,,,0,0,0,Lexi Cavaliere
Houston / South Texas,2,TX,Nueces County,Corpus Christi,78417,4176,50069,0.9354721880645195,0,,,0,0,0,Lexi Cavaliere
Houston / South Texas,2,TX,Starr County,Delmita,78536,451,30000,0.724114174518944,0,,,0,0,0,Lexi Cavaliere
Houston / South Texas,2,TX,Hidalgo County,La Joya,78560,4368,34297,0.7742380094958551,0,,,0,0,0,Lexi Cavaliere
Houston / South Texas,2,TX,Hidalgo County,Linn,78563,376,30809,0.7338126980460478,0,,,0,0,0,Lexi Cavaliere
Houston / South Texas,2,TX,Willacy County,Lyford,78569,4039,36750,0.8014475271223833,0,,,0,0,0,Lexi Cavaliere
Houston / South Texas,2,TX,Starr County,San Isidro,78588,238,25500,0.6676002824133345,0,,,0,0,0,Lexi Cavaliere
Houston / South Texas,2,TX,Starr County,Santa Elena,78591,265,38625,0.8216382855851391,0,,,0,0,0,Lexi Cavaliere
Houston / South Texas,2,TX,Cameron County,Santa Rosa,78593,6324,24073,0.6486516533907601,0,,,0,0,0,Lexi Cavaliere
Houston / South Texas,2,TX,Hidalgo County,Sullivan City,78595,6082,24464,0.6538982205831183,0,,,0,0,0,Lexi Cavaliere
Houston / South Texas,2,TX,Cameron County,South Padre Island,78597,2885,45432,0.8911018583037086,0,,,0,0,0,Lexi Cavaliere
Philadelphia / Pittsburgh,2,PA,Chester County,West Chester,19382,52388,90873,1.2602707431920996,7,2,2,0,7,24500,Sherry Quinn
Philadelphia / Pittsburgh,2,PA,Bucks County,Bensalem,19020,55493,60657,1.0296435066444078,6,11,9,0,6,21000,Sherry Quinn
Philadelphia / Pittsburgh,2,PA,Bucks County,Morrisville,19067,51334,91182,1.2624116055885584,6,25,8,0,6,21000,Sherry Quinn
Philadelphia / Pittsburgh,2,PA,Philadelphia County,Philadelphia,19111,63090,44123,0.8781706904140562,6,16,4,0,6,21000,Sherry Quinn
Philadelphia / Pittsburgh,2,PA,Chester County,Coatesville,19320,52342,67460,1.085849385563976,6,,,0,6,21000,Sherry Quinn
Philadelphia / Pittsburgh,2,PA,Chester County,Downingtown,19335,46984,91997,1.2680408779951056,6,1,1,0,6,21000,Sherry Quinn
Philadelphia / Pittsburgh,2,PA,Montgomery County,Lansdale,19446,55138,76263,1.1545250602160837,6,5,5,0,6,21000,Sherry Quinn
Philadelphia / Pittsburgh,2,PA,Allegheny County,Pittsburgh,15237,41895,69103,1.0989928641229585,5,8,6,0,5,17500,Sherry Quinn
Philadelphia / Pittsburgh,2,PA,Delaware County,Havertown,19083,35878,90946,1.2607768412376288,5,6,2,0,5,17500,Sherry Quinn
Philadelphia / Pittsburgh,2,PA,Philadelphia County,Philadelphia,19120,68104,33966,0.7704928699140445,5,,,0,5,17500,Sherry Quinn
Philadelphia / Pittsburgh,2,PA,Philadelphia County,Philadelphia,19124,66691,28726,0.7085720209900507,5,,,0,5,17500,Sherry Quinn
Philadelphia / Pittsburgh,2,PA,Philadelphia County,Philadelphia,19143,64849,30995,0.7360244507539159,5,,,0,5,17500,Sherry Quinn
Philadelphia / Pittsburgh,2,PA,Chester County,West Chester,19380,49534,84843,1.2177396015817084,6,4,4,1,5,17500,Sherry Quinn
Philadelphia / Pittsburgh,2,PA,Montgomery County,Norristown,19403,44260,76178,1.1538814847620575,5,1,1,0,5,17500,Sherry Quinn
Philadelphia / Pittsburgh,2,PA,Montgomery County,Collegeville,19426,38831,108814,1.379077932590697,5,,,0,5,17500,Sherry Quinn
Philadelphia / Pittsburgh,2,PA,Chester County,Phoenixville,19460,40154,79227,1.1767468031975228,5,5,4,0,5,17500,Sherry Quinn
Philadelphia / Pittsburgh,2,PA,Montgomery County,Pottstown,19464,45788,55900,0.9884445824901561,5,5,4,0,5,17500,Sherry Quinn
Philadelphia / Pittsburgh,2,PA,Allegheny County,Coraopolis,15108,40153,63277,1.051645485705245,4,13,5,0,4,14000,Sherry Quinn
Philadelphia / Pittsburgh,2,PA,Montgomery County,Ambler,19002,32412,100326,1.3241987394902646,4,3,2,0,4,14000,Sherry Quinn
Philadelphia / Pittsburgh,2,PA,Montgomery County,Glenside,19038,31595,82275,1.1991689283624296,4,2,1,0,4,14000,Sherry Quinn
Philadelphia / Pittsburgh,2,PA,Bucks County,Langhorne,19047,35056,81100,1.190575245986204,4,12,9,0,4,14000,Sherry Quinn
Philadelphia / Pittsburgh,2,PA,Delaware County,Media,19063,35704,87347,1.2355787149821795,4,31,12,0,4,14000,Sherry Quinn
Philadelphia / Pittsburgh,2,PA,Chester County,Wayne,19087,32225,108409,1.376509112247046,4,12,8,0,4,14000,Sherry Quinn
Philadelphia / Pittsburgh,2,PA,Philadelphia County,Philadelphia,19128,35239,62052,1.041416162242486,4,5,3,0,4,14000,Sherry Quinn
Philadelphia / Pittsburgh,2,PA,Philadelphia County,Philadelphia,19134,60675,24291,0.6515820601946252,4,9,3,0,4,14000,Sherry Quinn
Philadelphia / Pittsburgh,2,PA,Philadelphia County,Philadelphia,19136,40647,44641,0.8833104712390756,4,,,0,4,14000,Sherry Quinn
Philadelphia / Pittsburgh,2,PA,Philadelphia County,Philadelphia,19145,47261,35761,0.7905898763769869,4,4,3,0,4,14000,Sherry Quinn
Philadelphia / Pittsburgh,2,PA,Philadelphia County,Philadelphia,19147,36228,60400,1.0274599229726806,4,,,0,4,14000,Sherry Quinn
Philadelphia / Pittsburgh,2,PA,Philadelphia County,Philadelphia,19148,49732,39413,0.8299772114204326,4,3,2,0,4,14000,Sherry Quinn
Philadelphia / Pittsburgh,2,PA,Philadelphia County,Philadelphia,19149,55006,36906,0.8031467572535093,4,,,0,4,14000,Sherry Quinn
Philadelphia / Pittsburgh,2,PA,Montgomery County,Norristown,19401,41753,48791,0.923456156866436,4,3,2,0,4,14000,Sherry Quinn
Philadelphia / Pittsburgh,2,PA,Beaver County,Aliquippa,15001,31964,51424,0.9480458665399278,3,,,0,3,10500,Sherry Quinn
Philadelphia / Pittsburgh,2,PA,Beaver County,Beaver Falls,15010,28425,47993,0.9158732412679517,3,,,0,3,10500,Sherry Quinn
Philadelphia / Pittsburgh,2,PA,Allegheny County,Gibsonia,15044,27049,93210,1.276373196348096,3,,,0,3,10500,Sherry Quinn
Philadelphia / Pittsburgh,2,PA,Westmoreland County,New Kensington,15068,38785,44778,0.8846648408915136,3,,,0,3,10500,Sherry Quinn
Philadelphia / Pittsburgh,2,PA,Allegheny County,Wexford,15090,21202,120432,1.4508328181497867,3,15,10,0,3,10500,Sherry Quinn
Philadelphia / Pittsburgh,2,PA,Allegheny County,Allison Park,15101,24292,80382,1.1852932887427277,3,2,2,0,3,10500,Sherry Quinn
Philadelphia / Pittsburgh,2,PA,Allegheny County,Bethel Park,15102,29529,70799,1.1123974465181241,3,3,2,0,3,10500,Sherry Quinn
Philadelphia / Pittsburgh,2,PA,Allegheny County,Monroeville,15146,28323,58083,1.0075600547843118,3,17,10,0,3,10500,Sherry Quinn
Philadelphia / Pittsburgh,2,PA,Allegheny County,Pittsburgh,15217,27220,62925,1.048716337198997,3,1,1,0,3,10500,Sherry Quinn
Philadelphia / Pittsburgh,2,PA,Allegheny County,Pittsburgh,15221,31060,37488,0.809454715002,3,3,3,0,3,10500,Sherry Quinn
Philadelphia / Pittsburgh,2,PA,Allegheny County,Pittsburgh,15227,28156,49519,0.9303199933985081,3,,,0,3,10500,Sherry Quinn
Philadelphia / Pittsburgh,2,PA,Allegheny County,Pittsburgh,15235,34580,50234,0.9370123222240919,3,3,3,0,3,10500,Sherry Quinn
Philadelphia / Pittsburgh,2,PA,Allegheny County,Pittsburgh,15236,29724,58435,1.0106084977344618,3,,,0,3,10500,Sherry Quinn
Philadelphia / Pittsburgh,2,PA,Montgomery County,Huntingdon Valley,19006,21423,90234,1.2558319456249396,3,9,5,0,3,10500,Sherry Quinn
Philadelphia / Pittsburgh,2,PA,Delaware County,Drexel Hill,19026,30738,66783,1.0803870843088361,3,5,2,0,3,10500,Sherry Quinn
Philadelphia / Pittsburgh,2,PA,Delaware County,Lansdowne,19050,28073,55530,0.9851679126704009,3,,,0,3,10500,Sherry Quinn
Philadelphia / Pittsburgh,2,PA,Bucks County,Feasterville Trevose,19053,25966,74219,1.1389481952759386,3,2,2,0,3,10500,Sherry Quinn
Philadelphia / Pittsburgh,2,PA,Delaware County,Springfield,19064,24459,93000,1.2749345657686437,3,,,0,3,10500,Sherry Quinn
Philadelphia / Pittsburgh,2,PA,Delaware County,Upper Darby,19082,40997,38029,0.8152745290777007,3,3,2,0,3,10500,Sherry Quinn
Philadelphia / Pittsburgh,2,PA,Philadelphia County,Philadelphia,19104,51808,19236,0.5798341709130362,3,131,25,0,3,10500,Sherry Quinn
Philadelphia / Pittsburgh,2,PA,Philadelphia County,Philadelphia,19114,30907,54074,0.9721665408922536,3,2,2,0,3,10500,Sherry Quinn
Philadelphia / Pittsburgh,2,PA,Philadelphia County,Philadelphia,19115,33207,45799,0.8946937823844161,3,6,5,0,3,10500,Sherry Quinn
Philadelphia / Pittsburgh,2,PA,Philadelphia County,Philadelphia,19116,33112,48058,0.9164932443663175,3,3,2,0,3,10500,Sherry Quinn
Philadelphia / Pittsburgh,2,PA,Philadelphia County,Philadelphia,19119,27035,58378,1.0101154820867766,3,,,0,3,10500,Sherry Quinn
Philadelphia / Pittsburgh,2,PA,Philadelphia County,Philadelphia,19130,24870,62721,1.0470150117412134,3,,,0,3,10500,Sherry Quinn
Philadelphia / Pittsburgh,2,PA,Philadelphia County,Philadelphia,19131,43172,27914,0.6984856023725775,3,4,2,0,3,10500,Sherry Quinn
Philadelphia / Pittsburgh,2,PA,Philadelphia County,Philadelphia,19135,33091,35859,0.7916724076281347,3,,,0,3,10500,Sherry Quinn
Philadelphia / Pittsburgh,2,PA,Philadelphia County,Philadelphia,19138,32273,34795,0.7798388048530128,3,,,0,3,10500,Sherry Quinn
Philadelphia / Pittsburgh,2,PA,Philadelphia County,Philadelphia,19139,41271,24627,0.6560730173922349,3,1,1,0,3,10500,Sherry Quinn
Philadelphia / Pittsburgh,2,PA,Philadelphia County,Philadelphia,19140,54133,22654,0.6292436906092108,3,26,7,0,3,10500,Sherry Quinn
Philadelphia / Pittsburgh,2,PA,Philadelphia County,Philadelphia,19144,43329,29961,0.7236433472368765,3,,,0,3,10500,Sherry Quinn
Philadelphia / Pittsburgh,2,PA,Philadelphia County,Philadelphia,19146,35113,42068,0.8574767517939837,3,,,0,3,10500,Sherry Quinn
Philadelphia / Pittsburgh,2,PA,Philadelphia County,Philadelphia,19151,29883,40358,0.8398683966051014,3,,,0,3,10500,Sherry Quinn
Philadelphia / Pittsburgh,2,PA,Philadelphia County,Philadelphia,19152,33293,50584,0.940270922450941,3,5,4,0,3,10500,Sherry Quinn
Philadelphia / Pittsburgh,2,PA,Philadelphia County,Philadelphia,19154,34196,58319,1.0096049140730814,3,,,0,3,10500,Sherry Quinn
Philadelphia / Pittsburgh,2,PA,Chester County,Kennett Square,19348,22232,90196,1.2555674852263623,3,1,1,0,3,10500,Sherry Quinn
Philadelphia / Pittsburgh,2,PA,Chester County,Malvern,19355,24760,109706,1.3847188739719258,3,4,4,0,3,10500,Sherry Quinn
Philadelphia / Pittsburgh,2,PA,Montgomery County,King Of Prussia,19406,23441,74104,1.138065471049147,3,12,8,0,3,10500,Sherry Quinn
Philadelphia / Pittsburgh,2,PA,Montgomery County,Harleysville,19438,23765,90449,1.2573271870278049,3,,,0,3,10500,Sherry Quinn
Philadelphia / Pittsburgh,2,PA,Montgomery County,North Wales,19454,27870,87658,1.2377764066199157,3,5,3,0,3,10500,Sherry Quinn
Philadelphia / Pittsburgh,2,PA,Montgomery County,Royersford,19468,25536,71923,1.1211928474355664,3,8,4,0,3,10500,Sherry Quinn
Philadelphia / Pittsburgh,2,PA,Westmoreland County,Belle Vernon,15012,15905,51884,0.9522766749088442,2,,,0,2,7000,Sherry Quinn
Philadelphia / Pittsburgh,2,PA,Allegheny County,Bridgeville,15017,16213,59715,1.0216170675796192,2,4,2,0,2,7000,Sherry Quinn
Philadelphia / Pittsburgh,2,PA,Washington County,Mc Donald,15057,13930,69042,1.0985076944077878,2,,,0,2,7000,Sherry Quinn
Philadelphia / Pittsburgh,2,PA,Allegheny County,Carnegie,15106,18536,44038,0.8773244141775828,2,,,0,2,7000,Sherry Quinn
Philadelphia / Pittsburgh,2,PA,Allegheny County,Glenshaw,15116,14427,72083,1.1224392581673552,2,,,0,2,7000,Sherry Quinn
Philadelphia / Pittsburgh,2,PA,Allegheny County,Homestead,15120,18931,41453,0.8511858683293013,2,,,0,2,7000,Sherry Quinn
Philadelphia / Pittsburgh,2,PA,Allegheny County,West Mifflin,15122,20131,45685,0.8935795807615143,2,,,0,2,7000,Sherry Quinn
Philadelphia / Pittsburgh,2,PA,Allegheny County,Mc Kees Rocks,15136,21849,40034,0.8364903090702486,2,,,0,2,7000,Sherry Quinn
Philadelphia / Pittsburgh,2,PA,Allegheny County,Sewickley,15143,19660,86084,1.2266132196410535,2,7,5,0,2,7000,Sherry Quinn
Philadelphia / Pittsburgh,2,PA,Allegheny County,Verona,15147,17395,44609,0.8829938228400446,2,,,0,2,7000,Sherry Quinn
Philadelphia / Pittsburgh,2,PA,Allegheny County,Pittsburgh,15202,19685,43791,0.8748605892929374,2,,,0,2,7000,Sherry Quinn
Philadelphia / Pittsburgh,2,PA,Allegheny County,Pittsburgh,15205,21865,51079,0.9448603281329158,2,1,1,0,2,7000,Sherry Quinn
Philadelphia / Pittsburgh,2,PA,Allegheny County,Pittsburgh,15206,28615,33792,0.7685168071223252,2,9,6,0,2,7000,Sherry Quinn
Philadelphia / Pittsburgh,2,PA,Allegheny County,Pittsburgh,15210,25954,31880,0.7464583455028897,2,,,0,2,7000,Sherry Quinn
Philadelphia / Pittsburgh,2,PA,Allegheny County,Pittsburgh,15212,27895,37699,0.8117295134758468,2,21,7,0,2,7000,Sherry Quinn
Philadelphia / Pittsburgh,2,PA,Allegheny County,Pittsburgh,15213,30844,21928,0.6190788009601123,2,33,17,0,2,7000,Sherry Quinn
Philadelphia / Pittsburgh,2,PA,Allegheny County,Pittsburgh,15216,23350,50998,0.9441108611108895,2,,,0,2,7000,Sherry Quinn
Philadelphia / Pittsburgh,2,PA,Allegheny County,Pittsburgh,15220,17718,63230,1.0512548499333687,2,4,3,0,2,7000,Sherry Quinn
Philadelphia / Pittsburgh,2,PA,Allegheny County,Pittsburgh,15228,17595,72396,1.1248735556640854,2,7,3,0,2,7000,Sherry Quinn
Philadelphia / Pittsburgh,2,PA,Allegheny County,Pittsburgh,15238,13162,79194,1.176501705635855,2,12,10,0,2,7000,Sherry Quinn
Philadelphia / Pittsburgh,2,PA,Allegheny County,Pittsburgh,15239,21024,65750,1.0719988021814792,2,1,1,0,2,7000,Sherry Quinn
Philadelphia / Pittsburgh,2,PA,Allegheny County,Pittsburgh,15241,20395,102380,1.3376853909862936,3,7,5,1,2,7000,Sherry Quinn
Philadelphia / Pittsburgh,2,PA,Allegheny County,Pittsburgh,15243,13406,74500,1.1411022399647084,2,14,6,0,2,7000,Sherry Quinn
Philadelphia / Pittsburgh,2,PA,Montgomery County,Abington,19001,17020,68345,1.092948744266158,2,3,2,0,2,7000,Sherry Quinn
Philadelphia / Pittsburgh,2,PA,Bucks County,Bristol,19007,21125,48032,0.9162452934720726,2,2,1,0,2,7000,Sherry Quinn
Philadelphia / Pittsburgh,2,PA,Delaware County,Broomall,19008,20535,72580,1.1263021248480192,2,,,0,2,7000,Sherry Quinn
Philadelphia / Pittsburgh,2,PA,Delaware County,Chester,19013,35130,27289,0.6906217190707331,2,1,1,0,2,7000,Sherry Quinn
Philadelphia / Pittsburgh,2,PA,Delaware County,Aston,19014,21206,75373,1.1477685546227023,2,1,1,0,2,7000,Sherry Quinn
Philadelphia / Pittsburgh,2,PA,Delaware County,Brookhaven,19015,16632,55788,0.9874538731808754,2,,,0,2,7000,Sherry Quinn
Philadelphia / Pittsburgh,2,PA,Delaware County,Clifton Heights,19018,23360,56264,0.9916575522252504,2,,,0,2,7000,Sherry Quinn
Philadelphia / Pittsburgh,2,PA,Delaware County,Darby,19023,22164,38790,0.8233913709147385,2,1,1,0,2,7000,Sherry Quinn
Philadelphia / Pittsburgh,2,PA,Montgomery County,Elkins Park,19027,19067,69793,1.1044660095092047,2,,,0,2,7000,Sherry Quinn
Philadelphia / Pittsburgh,2,PA,Montgomery County,Hatboro,19040,20536,69807,1.10457677813064,2,4,2,0,2,7000,Sherry Quinn
Philadelphia / Pittsburgh,2,PA,Montgomery County,Horsham,19044,15853,68913,1.0974809733753177,2,,,0,2,7000,Sherry Quinn
Philadelphia / Pittsburgh,2,PA,Montgomery County,Jenkintown,19046,17809,78715,1.1729383104003552,2,12,8,0,2,7000,Sherry Quinn
Philadelphia / Pittsburgh,2,PA,Bucks County,Levittown,19054,17437,67637,1.0872729657369051,2,,,0,2,7000,Sherry Quinn
Philadelphia / Pittsburgh,2,PA,Bucks County,Levittown,19056,15486,69314,1.1006694248510538,2,,,0,2,7000,Sherry Quinn
Philadelphia / Pittsburgh,2,PA,Bucks County,Levittown,19057,17191,62863,1.0481995597897469,2,,,0,2,7000,Sherry Quinn
Philadelphia / Pittsburgh,2,PA,Delaware County,Garnet Valley,19060,11368,123227,1.467571804326166,2,,,0,2,7000,Sherry Quinn
Philadelphia / Pittsburgh,2,PA,Delaware County,Marcus Hook,19061,19997,56412,0.9929609516415481,2,,,0,2,7000,Sherry Quinn
Philadelphia / Pittsburgh,2,PA,Delaware County,Newtown Square,19073,18332,98297,1.3107400006072298,2,15,9,0,2,7000,Sherry Quinn
Philadelphia / Pittsburgh,2,PA,Montgomery County,Willow Grove,19090,18832,66857,1.0809854889132902,2,2,2,0,2,7000,Sherry Quinn
Philadelphia / Pittsburgh,2,PA,Montgomery County,Wynnewood,19096,13572,111563,1.3963893041484305,2,11,6,0,2,7000,Sherry Quinn
Philadelphia / Pittsburgh,2,PA,Philadelphia County,Philadelphia,19103,21908,63709,1.0552292371175405,2,5,4,0,2,7000,Sherry Quinn
Philadelphia / Pittsburgh,2,PA,Philadelphia County,Philadelphia,19106,11740,93720,1.2798602810843933,2,8,6,0,2,7000,Sherry Quinn
Philadelphia / Pittsburgh,2,PA,Philadelphia County,Philadelphia,19121,36572,16105,0.5305505707687266,2,,,0,2,7000,Sherry Quinn
Philadelphia / Pittsburgh,2,PA,Philadelphia County,Philadelphia,19125,22958,41186,0.8484401832407676,2,2,1,0,2,7000,Sherry Quinn
Philadelphia / Pittsburgh,2,PA,Philadelphia County,Philadelphia,19132,36268,24233,0.6508036989608896,2,,,0,2,7000,Sherry Quinn
Philadelphia / Pittsburgh,2,PA,Philadelphia County,Philadelphia,19141,31376,29601,0.7192826968218543,2,2,2,0,2,7000,Sherry Quinn
Philadelphia / Pittsburgh,2,PA,Philadelphia County,Philadelphia,19142,29595,30306,0.7277977874273815,2,,,0,2,7000,Sherry Quinn
Philadelphia / Pittsburgh,2,PA,Philadelphia County,Philadelphia,19150,23378,46462,0.9011464408193435,2,,,0,2,7000,Sherry Quinn
Philadelphia / Pittsburgh,2,PA,Chester County,Berwyn,19312,11539,123777,1.4708432701611611,2,,,0,2,7000,Sherry Quinn
Philadelphia / Pittsburgh,2,PA,Chester County,Exton,19341,16709,90114,1.2549966176453082,2,14,6,0,2,7000,Sherry Quinn
Philadelphia / Pittsburgh,2,PA,Delaware County,Glen Mills,19342,18099,80429,1.1856397633490294,2,7,5,0,2,7000,Sherry Quinn
Philadelphia / Pittsburgh,2,PA,Chester County,Landenberg,19350,10921,126621,1.4876449456090184,2,,,0,2,7000,Sherry Quinn
Philadelphia / Pittsburgh,2,PA,Chester County,Lincoln University,19352,10622,121241,1.4556976349142086,2,,,0,2,7000,Sherry Quinn
Philadelphia / Pittsburgh,2,PA,Chester County,Oxford,19363,17055,62548,1.0455700517407511,2,,,0,2,7000,Sherry Quinn
Philadelphia / Pittsburgh,2,PA,Chester County,West Grove,19390,13425,77462,1.163565335566478,2,1,1,0,2,7000,Sherry Quinn
Philadelphia / Pittsburgh,2,PA,Montgomery County,Blue Bell,19422,18506,106803,1.3662750808257866,3,3,2,1,2,7000,Sherry Quinn
Philadelphia / Pittsburgh,2,PA,Chester County,Chester Springs,19425,13922,150192,1.5,2,,,0,2,7000,Sherry Quinn
Philadelphia / Pittsburgh,2,PA,Montgomery County,Conshohocken,19428,16580,75136,1.1459626339512763,2,1,1,0,2,7000,Sherry Quinn
Philadelphia / Pittsburgh,2,PA,Montgomery County,Hatfield,19440,18038,74223,1.1389788864156711,2,,,0,2,7000,Sherry Quinn
Philadelphia / Pittsburgh,2,PA,Montgomery County,Plymouth Meeting,19462,14658,86552,1.2299429724450333,2,8,4,0,2,7000,Sherry Quinn
Philadelphia / Pittsburgh,2,PA,Chester County,Pottstown,19465,17038,81998,1.1971485707288403,2,,,0,2,7000,Sherry Quinn
Philadelphia / Pittsburgh,2,PA,Montgomery County,Schwenksville,19473,15726,89224,1.2487838286168265,2,,,0,2,7000,Sherry Quinn
Philadelphia / Pittsburgh,2,PA,Beaver County,Ambridge,15003,11861,35798,0.7909987612377517,1,2,1,0,1,3500,Sherry Quinn
Philadelphia / Pittsburgh,2,PA,Beaver County,Baden,15005,9450,62584,1.0458709015468612,1,,,0,1,3500,Sherry Quinn
Philadelphia / Pittsburgh,2,PA,Beaver County,Beaver,15009,15082,54833,0.9789655862568474,1,2,2,0,1,3500,Sherry Quinn
Philadelphia / Pittsburgh,2,PA,Washington County,Burgettstown,15021,7352,51824,0.9517258969367,1,,,0,1,3500,Sherry Quinn
Philadelphia / Pittsburgh,2,PA,Washington County,Charleroi,15022,10340,40956,0.8460678425998865,1,,,0,1,3500,Sherry Quinn
Philadelphia / Pittsburgh,2,PA,Allegheny County,Cheswick,15024,9029,53686,0.9686724430523366,1,,,0,1,3500,Sherry Quinn
Philadelphia / Pittsburgh,2,PA,Allegheny County,Clairton,15025,15944,49548,0.930592366941696,1,1,1,0,1,3500,Sherry Quinn
Philadelphia / Pittsburgh,2,PA,Allegheny County,Elizabeth,15037,10894,55980,0.9891516244850653,1,,,0,1,3500,Sherry Quinn
Philadelphia / Pittsburgh,2,PA,Beaver County,Freedom,15042,8105,53697,0.9687716761030365,1,,,0,1,3500,Sherry Quinn
Philadelphia / Pittsburgh,2,PA,Beaver County,Monaca,15061,12799,54597,0.9768565915996391,1,,,0,1,3500,Sherry Quinn
Philadelphia / Pittsburgh,2,PA,Westmoreland County,Monessen,15062,7731,31225,0.7387502570988416,1,,,0,1,3500,Sherry Quinn
Philadelphia / Pittsburgh,2,PA,Washington County,Monongahela,15063,11677,48877,0.924269649771851,1,2,2,0,1,3500,Sherry Quinn
Philadelphia / Pittsburgh,2,PA,Allegheny County,Natrona Heights,15065,11588,45246,0.889275888337438,1,4,1,0,1,3500,Sherry Quinn
Philadelphia / Pittsburgh,2,PA,Beaver County,New Brighton,15066,12785,43194,0.868876664479473,1,,,0,1,3500,Sherry Quinn
Philadelphia / Pittsburgh,2,PA,Allegheny County,Oakdale,15071,9956,60172,1.0255188438776774,1,,,0,1,3500,Sherry Quinn
Philadelphia / Pittsburgh,2,PA,Beaver County,Rochester,15074,8874,47740,0.9134559917089945,1,,,0,1,3500,Sherry Quinn
Philadelphia / Pittsburgh,2,PA,Allegheny County,Tarentum,15084,10130,44295,0.8798806653018381,1,,,0,1,3500,Sherry Quinn
Philadelphia / Pittsburgh,2,PA,Westmoreland County,Trafford,15085,7944,62908,1.0485746655102954,1,2,1,0,1,3500,Sherry Quinn
Philadelphia / Pittsburgh,2,PA,Westmoreland County,West Newton,15089,6262,43607,0.8730206701408535,1,,,0,1,3500,Sherry Quinn
Philadelphia / Pittsburgh,2,PA,Allegheny County,Braddock,15104,9038,23403,0.639561316505611,1,,,0,1,3500,Sherry Quinn
Philadelphia / Pittsburgh,2,PA,Allegheny County,Imperial,15126,7014,66209,1.075734100205965,1,,,0,1,3500,Sherry Quinn
Philadelphia / Pittsburgh,2,PA,Allegheny County,South Park,15129,10920,64484,1.0616281022212675,1,,,0,1,3500,Sherry Quinn
Philadelphia / Pittsburgh,2,PA,Allegheny County,Mckeesport,15131,8240,47673,0.9128147784744969,1,2,1,0,1,3500,Sherry Quinn
Philadelphia / Pittsburgh,2,PA,Allegheny County,Mckeesport,15132,21472,27429,0.6923909914889114,1,1,1,0,1,3500,Sherry Quinn
Philadelphia / Pittsburgh,2,PA,Allegheny County,Mckeesport,15133,6432,45353,0.8903267694221091,1,,,0,1,3500,Sherry Quinn
Philadelphia / Pittsburgh,2,PA,Allegheny County,North Versailles,15137,10228,39021,0.8258394383882649,1,,,0,1,3500,Sherry Quinn
Philadelphia / Pittsburgh,2,PA,Allegheny County,Oakmont,15139,6307,54861,0.979215504536039,1,,,0,1,3500,Sherry Quinn
Philadelphia / Pittsburgh,2,PA,Allegheny County,Turtle Creek,15145,7132,34908,0.7811040779520955,1,,,0,1,3500,Sherry Quinn
Philadelphia / Pittsburgh,2,PA,Allegheny County,Pittsburgh,15201,12713,45784,0.8945472561963752,1,,,0,1,3500,Sherry Quinn
Philadelphia / Pittsburgh,2,PA,Allegheny County,Pittsburgh,15203,9949,43734,0.8742910282945154,1,,,0,1,3500,Sherry Quinn
Philadelphia / Pittsburgh,2,PA,Allegheny County,Pittsburgh,15204,8329,37041,0.804614348434487,1,,,0,1,3500,Sherry Quinn
Philadelphia / Pittsburgh,2,PA,Allegheny County,Pittsburgh,15207,11268,39707,0.8330670540761302,1,,,0,1,3500,Sherry Quinn
Philadelphia / Pittsburgh,2,PA,Allegheny County,Pittsburgh,15208,10406,31184,0.7382650896089837,1,,,0,1,3500,Sherry Quinn
Philadelphia / Pittsburgh,2,PA,Allegheny County,Pittsburgh,15209,12438,56273,0.9917368619178663,1,,,0,1,3500,Sherry Quinn
Philadelphia / Pittsburgh,2,PA,Allegheny County,Pittsburgh,15211,11081,50725,0.9415804861476889,1,,,0,1,3500,Sherry Quinn
Philadelphia / Pittsburgh,2,PA,Allegheny County,Pittsburgh,15214,14352,38171,0.8167952253134395,1,,,0,1,3500,Sherry Quinn
Philadelphia / Pittsburgh,2,PA,Allegheny County,Pittsburgh,15215,12615,60148,1.025314305995004,1,9,4,0,1,3500,Sherry Quinn
Philadelphia / Pittsburgh,2,PA,Allegheny County,Pittsburgh,15218,13851,47803,0.9140585132245719,1,,,0,1,3500,Sherry Quinn
Philadelphia / Pittsburgh,2,PA,Allegheny County,Pittsburgh,15219,16696,20151,0.5934644695004541,1,2,2,0,1,3500,Sherry Quinn
Philadelphia / Pittsburgh,2,PA,Allegheny County,Pittsburgh,15223,7236,41391,0.8505490836388253,1,1,1,0,1,3500,Sherry Quinn
Philadelphia / Pittsburgh,2,PA,Allegheny County,Pittsburgh,15224,10141,38058,0.8155853242034304,1,11,6,0,1,3500,Sherry Quinn
Philadelphia / Pittsburgh,2,PA,Allegheny County,Pittsburgh,15226,13974,51101,0.9450637844402091,1,,,0,1,3500,Sherry Quinn
Philadelphia / Pittsburgh,2,PA,Allegheny County,Pittsburgh,15229,13825,58457,1.0107987201585262,1,,,0,1,3500,Sherry Quinn
Philadelphia / Pittsburgh,2,PA,Allegheny County,Pittsburgh,15232,11374,50870,0.9429253037011245,1,13,8,0,1,3500,Sherry Quinn
Philadelphia / Pittsburgh,2,PA,Allegheny County,Pittsburgh,15234,14056,55538,0.9852388748481686,1,,,0,1,3500,Sherry Quinn
Philadelphia / Pittsburgh,2,PA,Montgomery County,Ardmore,19003,12519,76496,1.1562873773663391,1,9,5,0,1,3500,Sherry Quinn
Philadelphia / Pittsburgh,2,PA,Montgomery County,Bala Cynwyd,19004,9416,104933,1.354261294248552,1,18,15,0,1,3500,Sherry Quinn
Philadelphia / Pittsburgh,2,PA,Delaware County,Bryn Mawr,19010,21103,103737,1.3465214115522108,3,34,16,2,1,3500,Sherry Quinn
Philadelphia / Pittsburgh,2,PA,Montgomery County,Cheltenham,19012,6670,86555,1.2299642879371326,1,,,0,1,3500,Sherry Quinn
Philadelphia / Pittsburgh,2,PA,Bucks County,Croydon,19021,10074,57052,0.9985776885266996,1,,,0,1,3500,Sherry Quinn
Philadelphia / Pittsburgh,2,PA,Montgomery County,Dresher,19025,5395,110000,1.3865730795900817,1,1,1,0,1,3500,Sherry Quinn
Philadelphia / Pittsburgh,2,PA,Bucks County,Fairless Hills,19030,12122,61776,1.0390975328007794,1,,,0,1,3500,Sherry Quinn
Philadelphia / Pittsburgh,2,PA,Montgomery County,Flourtown,19031,4700,82917,1.2038384540201055,1,,,0,1,3500,Sherry Quinn
Philadelphia / Pittsburgh,2,PA,Delaware County,Folcroft,19032,6606,54388,0.9749850712867766,1,,,0,1,3500,Sherry Quinn
Philadelphia / Pittsburgh,2,PA,Delaware County,Folsom,19033,7777,63216,1.0511384622798992,1,,,0,1,3500,Sherry Quinn
Philadelphia / Pittsburgh,2,PA,Montgomery County,Fort Washington,19034,5999,112813,1.404190387546957,1,17,6,0,1,3500,Sherry Quinn
Philadelphia / Pittsburgh,2,PA,Montgomery County,Gladwyne,19035,3780,161667,1.5,1,2,1,0,1,3500,Sherry Quinn
Philadelphia / Pittsburgh,2,PA,Delaware County,Glenolden,19036,12942,53364,0.9657631032352504,1,,,0,1,3500,Sherry Quinn
Philadelphia / Pittsburgh,2,PA,Delaware County,Haverford,19041,6248,123080,1.4666961949559414,1,4,3,0,1,3500,Sherry Quinn
Philadelphia / Pittsburgh,2,PA,Bucks County,Levittown,19055,13924,64422,1.061117613020003,1,,,0,1,3500,Sherry Quinn
Philadelphia / Pittsburgh,2,PA,Montgomery County,Merion Station,19066,5864,191711,1.5,1,1,1,0,1,3500,Sherry Quinn
Philadelphia / Pittsburgh,2,PA,Delaware County,Morton,19070,7277,67284,1.0844319952314176,1,,,0,1,3500,Sherry Quinn
Philadelphia / Pittsburgh,2,PA,Montgomery County,Narberth,19072,9539,107959,1.3736492332590087,1,2,2,0,1,3500,Sherry Quinn
Philadelphia / Pittsburgh,2,PA,Delaware County,Norwood,19074,5890,69423,1.1015345158742882,1,,,0,1,3500,Sherry Quinn
Philadelphia / Pittsburgh,2,PA,Montgomery County,Oreland,19075,7354,90132,1.2551219522834456,1,,,0,1,3500,Sherry Quinn
Philadelphia / Pittsburgh,2,PA,Delaware County,Prospect Park,19076,6525,67727,1.0879961057078942,1,,,0,1,3500,Sherry Quinn
Philadelphia / Pittsburgh,2,PA,Delaware County,Ridley Park,19078,11067,57211,0.9999682040511809,1,4,3,0,1,3500,Sherry Quinn
Philadelphia / Pittsburgh,2,PA,Delaware County,Sharon Hill,19079,9168,41096,0.8475126668813922,1,,,0,1,3500,Sherry Quinn
Philadelphia / Pittsburgh,2,PA,Delaware County,Swarthmore,19081,10337,90275,1.2561172220300003,1,,,0,1,3500,Sherry Quinn
Philadelphia / Pittsburgh,2,PA,Delaware County,Villanova,19085,8932,178233,1.5,1,4,1,0,1,3500,Sherry Quinn
Philadelphia / Pittsburgh,2,PA,Delaware County,Wallingford,19086,11420,91318,1.2633527124240085,1,,,0,1,3500,Sherry Quinn
Philadelphia / Pittsburgh,2,PA,Montgomery County,Wyncote,19095,7063,67170,1.0835129234107845,1,,,0,1,3500,Sherry Quinn
Philadelphia / Pittsburgh,2,PA,Philadelphia County,Philadelphia,19102,4705,76962,1.1598039781947105,1,22,8,0,1,3500,Sherry Quinn
Philadelphia / Pittsburgh,2,PA,Philadelphia County,Philadelphia,19107,14875,44402,0.8809427540670705,1,59,24,0,1,3500,Sherry Quinn
Philadelphia / Pittsburgh,2,PA,Philadelphia County,Philadelphia,19118,9808,77271,1.1621299340499711,1,2,1,0,1,3500,Sherry Quinn
Philadelphia / Pittsburgh,2,PA,Philadelphia County,Philadelphia,19122,21653,23509,0.6410080735038124,1,,,0,1,3500,Sherry Quinn
Philadelphia / Pittsburgh,2,PA,Philadelphia County,Philadelphia,19123,13416,48798,0.9235223981943625,1,2,2,0,1,3500,Sherry Quinn
Philadelphia / Pittsburgh,2,PA,Philadelphia County,Philadelphia,19126,15758,40031,0.836458966736962,1,1,1,0,1,3500,Sherry Quinn
Philadelphia / Pittsburgh,2,PA,Philadelphia County,Philadelphia,19127,5913,63849,1.0563880296133847,1,,,0,1,3500,Sherry Quinn
Philadelphia / Pittsburgh,2,PA,Philadelphia County,Philadelphia,19129,10975,49807,0.9330214182746809,1,,,0,1,3500,Sherry Quinn
Philadelphia / Pittsburgh,2,PA,Philadelphia County,Philadelphia,19133,26063,14185,0.5,1,,,0,1,3500,Sherry Quinn
Philadelphia / Pittsburgh,2,PA,Philadelphia County,Philadelphia,19137,8638,43522,0.8721693967933773,1,,,0,1,3500,Sherry Quinn
Philadelphia / Pittsburgh,2,PA,Philadelphia County,Philadelphia,19153,12259,47138,0.9076783934550249,1,,,0,1,3500,Sherry Quinn
Philadelphia / Pittsburgh,2,PA,Chester County,Paoli,19301,6402,98148,1.3097462046319264,1,11,6,0,1,3500,Sherry Quinn
Philadelphia / Pittsburgh,2,PA,Chester County,Avondale,19311,8584,93628,1.2792319410470574,1,,,0,1,3500,Sherry Quinn
Philadelphia / Pittsburgh,2,PA,Delaware County,Chadds Ford,19317,9530,106667,1.3654049151885648,1,2,1,0,1,3500,Sherry Quinn
Philadelphia / Pittsburgh,2,PA,Chester County,Cochranville,19330,5421,68772,1.0963576435787095,1,,,0,1,3500,Sherry Quinn
Philadelphia / Pittsburgh,2,PA,Chester County,Devon,19333,6895,96346,1.2976670159151762,1,2,1,0,1,3500,Sherry Quinn
Philadelphia / Pittsburgh,2,PA,Chester County,Glenmoore,19343,8142,109583,1.3839423978075631,1,,,0,1,3500,Sherry Quinn
Philadelphia / Pittsburgh,2,PA,Chester County,Honey Brook,19344,11919,59896,1.0231641895810306,1,,,0,1,3500,Sherry Quinn
Philadelphia / Pittsburgh,2,PA,Chester County,Nottingham,19362,5815,61920,1.0403078972562958,1,,,0,1,3500,Sherry Quinn
Philadelphia / Pittsburgh,2,PA,Chester County,Parkesburg,19365,7006,67829,1.088815083741889,1,,,0,1,3500,Sherry Quinn
Philadelphia / Pittsburgh,2,PA,Delaware County,Thornton,19373,4273,177813,1.5,1,,,0,1,3500,Sherry Quinn
Philadelphia / Pittsburgh,2,PA,Montgomery County,Lafayette Hill,19444,10519,115993,1.423843680422691,1,1,1,0,1,3500,Sherry Quinn
Philadelphia / Pittsburgh,2,PA,Chester County,Spring City,19475,11283,61117,1.0335403481659509,1,,,0,1,3500,Sherry Quinn
Philadelphia / Pittsburgh,2,PA,Allegheny County,Bakerstown,15007,323,73352,1.1322762590735764,0,,,0,0,0,Sherry Quinn
Philadelphia / Pittsburgh,2,PA,Allegheny County,Brackenridge,15014,3184,43500,0.8719489318313974,0,,,0,0,0,Sherry Quinn
Philadelphia / Pittsburgh,2,PA,Allegheny County,Bradfordwoods,15015,1175,106875,1.3667355324626942,0,,,0,0,0,Sherry Quinn
Philadelphia / Pittsburgh,2,PA,Allegheny County,Buena Vista,15018,821,50588,0.940308098330068,0,,,0,0,0,Sherry Quinn
Philadelphia / Pittsburgh,2,PA,Washington County,Bulger,15019,1719,49050,0.9259039297916801,0,,,0,0,0,Sherry Quinn
Philadelphia / Pittsburgh,2,PA,Beaver County,Clinton,15026,3390,62639,1.0463303661630805,0,,,0,0,0,Sherry Quinn
Philadelphia / Pittsburgh,2,PA,Beaver County,Conway,15027,2201,42742,0.8643185650682873,0,,,0,0,0,Sherry Quinn
Philadelphia / Pittsburgh,2,PA,Allegheny County,Creighton,15030,1128,34792,0.7798051855564961,0,,,0,0,0,Sherry Quinn
Philadelphia / Pittsburgh,2,PA,Allegheny County,Cuddy,15031,513,50259,0.9372454551047812,0,,,0,0,0,Sherry Quinn
Philadelphia / Pittsburgh,2,PA,Washington County,Donora,15033,4910,31107,0.737353058650895,0,,,0,0,0,Sherry Quinn
Philadelphia / Pittsburgh,2,PA,Allegheny County,Dravosburg,15034,1792,41786,0.8545979003557242,0,,,0,0,0,Sherry Quinn
Philadelphia / Pittsburgh,2,PA,Allegheny County,East Mc Keesport,15035,2129,40104,0.8372212970832931,0,,,0,0,0,Sherry Quinn
Philadelphia / Pittsburgh,2,PA,Beaver County,Georgetown,15043,2458,65625,1.0709793071318479,0,,,0,0,0,Sherry Quinn
Philadelphia / Pittsburgh,2,PA,Allegheny County,Glassport,15045,4483,33611,0.766455841362349,0,,,0,0,0,Sherry Quinn
Philadelphia / Pittsburgh,2,PA,Allegheny County,Crescent,15046,2640,56071,0.9899552708477554,0,,,0,0,0,Sherry Quinn
Philadelphia / Pittsburgh,2,PA,Allegheny County,Harwick,15049,895,43491,0.8718587255516762,0,,,0,0,0,Sherry Quinn
Philadelphia / Pittsburgh,2,PA,Beaver County,Hookstown,15050,2431,53587,0.9677788877189059,0,,,0,0,0,Sherry Quinn
Philadelphia / Pittsburgh,2,PA,Allegheny County,Indianola,15051,461,51023,0.9443422415535206,0,,,0,0,0,Sherry Quinn
Philadelphia / Pittsburgh,2,PA,Beaver County,Industry,15052,3483,53333,0.9654825488781505,0,,,0,0,0,Sherry Quinn
Philadelphia / Pittsburgh,2,PA,Washington County,Joffre,15053,154,32857,0.7578100759006967,0,,,0,0,0,Sherry Quinn
Philadelphia / Pittsburgh,2,PA,Washington County,Lawrence,15055,1360,54918,0.9797240697591716,0,,,0,0,0,Sherry Quinn
Philadelphia / Pittsburgh,2,PA,Allegheny County,Leetsdale,15056,1140,38889,0.8244414327964067,0,,,0,0,0,Sherry Quinn
Philadelphia / Pittsburgh,2,PA,Beaver County,Midland,15059,4193,35707,0.7899927456767237,0,,,0,0,0,Sherry Quinn
Philadelphia / Pittsburgh,2,PA,Allegheny County,Morgan,15064,382,28542,0.7062990504914501,0,,,0,0,0,Sherry Quinn
Philadelphia / Pittsburgh,2,PA,Washington County,New Eagle,15067,2281,37863,0.8134932097815627,0,,,0,0,0,Sherry Quinn
Philadelphia / Pittsburgh,2,PA,Allegheny County,Russellton,15076,849,37278,0.8071843322778225,0,,,0,0,0,Sherry Quinn
Philadelphia / Pittsburgh,2,PA,Washington County,Slovan,15078,523,20093,0.5926097788369337,0,,,0,0,0,Sherry Quinn
Philadelphia / Pittsburgh,2,PA,Westmoreland County,Sutersville,15083,952,43438,0.8713273213650848,0,,,0,0,0,Sherry Quinn
Philadelphia / Pittsburgh,2,PA,Allegheny County,Warrendale,15086,300,103889,1.3475075415545685,0,,,0,0,0,Sherry Quinn
Philadelphia / Pittsburgh,2,PA,Allegheny County,Duquesne,15110,5565,20152,0.5934791947524755,0,,,0,0,0,Sherry Quinn
Philadelphia / Pittsburgh,2,PA,Allegheny County,East Pittsburgh,15112,3292,40431,0.8406276350865403,0,,,0,0,0,Sherry Quinn
Philadelphia / Pittsburgh,2,PA,Allegheny County,Mckeesport,15135,5139,51870,0.9521481885458619,0,,,0,0,0,Sherry Quinn
Philadelphia / Pittsburgh,2,PA,Allegheny County,Pitcairn,15140,3294,35724,0.7901807799357694,0,,,0,0,0,Sherry Quinn
Philadelphia / Pittsburgh,2,PA,Allegheny County,Presto,15142,1163,124867,1.4773053150865276,0,,,0,0,0,Sherry Quinn
Philadelphia / Pittsburgh,2,PA,Allegheny County,Springdale,15144,4142,52059,0.9538812941760224,0,,,0,0,0,Sherry Quinn
Philadelphia / Pittsburgh,2,PA,Allegheny County,Wilmerding,15148,2814,26506,0.6806416457558413,0,,,0,0,0,Sherry Quinn
Philadelphia / Pittsburgh,2,PA,Allegheny County,Pittsburgh,15222,3294,63167,1.0507310039677982,0,1,1,0,0,0,Sherry Quinn
Philadelphia / Pittsburgh,2,PA,Allegheny County,Pittsburgh,15225,1084,36111,0.7944492861326878,0,,,0,0,0,Sherry Quinn
Philadelphia / Pittsburgh,2,PA,Allegheny County,Pittsburgh,15233,4451,33780,0.7683803396068886,0,,,0,0,0,Sherry Quinn
Philadelphia / Pittsburgh,2,PA,Delaware County,Crum Lynne,19022,3669,39243,0.8281853077039674,0,,,0,0,0,Sherry Quinn
Philadelphia / Pittsburgh,2,PA,Delaware County,Essington,19029,3971,50756,0.9418681602413623,0,,,0,0,0,Sherry Quinn
Philadelphia / Pittsburgh,2,PA,Delaware County,Holmes,19043,2664,49231,0.9276107013584434,0,,,0,0,0,Sherry Quinn
Philadelphia / Pittsburgh,2,PA,Delaware County,Woodlyn,19094,4406,47395,0.9101493962010089,0,,,0,0,0,Sherry Quinn
Philadelphia / Pittsburgh,2,PA,Delaware County,Philadelphia,19113,120,106250,1.3627333700421798,0,,,0,0,0,Sherry Quinn
Philadelphia / Pittsburgh,2,PA,Chester County,Atglen,19310,3066,66354,1.076911403417977,0,,,0,0,0,Sherry Quinn
Philadelphia / Pittsburgh,2,PA,Chester County,Thorndale,19372,1360,75347,1.1475705755295895,0,,,0,0,0,Sherry Quinn
Philadelphia / Pittsburgh,2,PA,Chester County,Toughkenamon,19374,1252,95519,1.2920856555651354,0,,,0,0,0,Sherry Quinn
Philadelphia / Pittsburgh,2,PA,Montgomery County,Bridgeport,19405,5127,50450,0.9390246799906317,0,,,0,0,0,Sherry Quinn
Philadelphia / Pittsburgh,2,PA,Montgomery County,Frederick,19435,100,34694,0.778706157064944,0,,,0,0,0,Sherry Quinn
Philadelphia / Pittsburgh,2,PA,Montgomery County,Gwynedd,19436,640,54519,0.9761585491473924,0,,,0,0,0,Sherry Quinn
Philadelphia / Pittsburgh,2,PA,Montgomery County,Mont Clare,19453,1483,50000,0.934827379554867,0,,,0,0,0,Sherry Quinn
Philadelphia / Pittsburgh,2,PA,Montgomery County,Zieglerville,19492,717,63269,1.0515790047578406,0,,,0,0,0,Sherry Quinn
Buffalo / Rochester / Albany,3,NY,Erie County,Buffalo,14221,53555,75189,1.1463667365969263,6,35,24,0,6,21000,Jim & Anne Weeks
Buffalo / Rochester / Albany,3,NY,Monroe County,Webster,14580,50587,69189,1.0996765102647397,6,,,0,6,21000,Jim & Anne Weeks
Buffalo / Rochester / Albany,3,NY,Saratoga County,Clifton Park,12065,41776,80908,1.1891650986274274,5,4,4,0,5,17500,Jim & Anne Weeks
Buffalo / Rochester / Albany,3,NY,Rensselaer County,Troy,12180,53606,47640,0.9124987914128608,5,10,6,0,5,17500,Jim & Anne Weeks
Buffalo / Rochester / Albany,3,NY,Niagara County,Lockport,14094,50666,49849,0.9334147228494588,5,2,2,0,5,17500,Jim & Anne Weeks
Buffalo / Rochester / Albany,3,NY,Monroe County,Fairport,14450,41104,76552,1.156710538360328,5,6,2,0,5,17500,Jim & Anne Weeks
Buffalo / Rochester / Albany,3,NY,Schenectady County,Schenectady,12309,29343,87374,1.2357696662893856,4,,,0,4,14000,Jim & Anne Weeks
Buffalo / Rochester / Albany,3,NY,Erie County,Lancaster,14086,31847,75819,1.1511593559835278,4,1,1,0,4,14000,Jim & Anne Weeks
Buffalo / Rochester / Albany,3,NY,Niagara County,North Tonawanda,14120,45100,52587,0.9587063841047133,4,2,1,0,4,14000,Jim & Anne Weeks
Buffalo / Rochester / Albany,3,NY,Erie County,Tonawanda,14150,41676,51852,0.9519829663121723,4,2,1,0,4,14000,Jim & Anne Weeks
Buffalo / Rochester / Albany,3,NY,Erie County,Buffalo,14224,39889,57375,1.0014004236200016,4,5,3,0,4,14000,Jim & Anne Weeks
Buffalo / Rochester / Albany,3,NY,Monroe County,Pittsford,14534,31426,106113,1.3618545244325868,4,11,7,0,4,14000,Jim & Anne Weeks
Buffalo / Rochester / Albany,3,NY,Monroe County,Rochester,14609,42571,42123,0.8580371042791117,4,3,2,0,4,14000,Jim & Anne Weeks
Buffalo / Rochester / Albany,3,NY,Monroe County,Rochester,14612,34515,59216,1.0173396131670671,4,,,0,4,14000,Jim & Anne Weeks
Buffalo / Rochester / Albany,3,NY,Monroe County,Rochester,14624,36296,61136,1.0337009887458897,4,2,1,0,4,14000,Jim & Anne Weeks
Buffalo / Rochester / Albany,3,NY,Montgomery County,Amsterdam,12010,28937,44256,0.8794932298960261,3,,,0,3,10500,Jim & Anne Weeks
Buffalo / Rochester / Albany,3,NY,Saratoga County,Ballston Spa,12020,31192,68252,1.0922048797940707,3,,,0,3,10500,Jim & Anne Weeks
Buffalo / Rochester / Albany,3,NY,Albany County,Albany,12203,29952,54059,0.9720316931877994,3,8,4,0,3,10500,Jim & Anne Weeks
Buffalo / Rochester / Albany,3,NY,Albany County,Albany,12205,26977,65090,1.0666048576901679,3,10,5,0,3,10500,Jim & Anne Weeks
Buffalo / Rochester / Albany,3,NY,Schenectady County,Schenectady,12302,27582,66021,1.0742057447075821,3,1,1,0,3,10500,Jim & Anne Weeks
Buffalo / Rochester / Albany,3,NY,Schenectady County,Schenectady,12303,29857,61267,1.034807884573601,3,,,0,3,10500,Jim & Anne Weeks
Buffalo / Rochester / Albany,3,NY,Schenectady County,Schenectady,12306,25636,58869,1.0143544780034905,3,,,0,3,10500,Jim & Anne Weeks
Buffalo / Rochester / Albany,3,NY,Ulster County,Kingston,12401,35040,47225,0.9085156332306774,3,5,4,0,3,10500,Jim & Anne Weeks
Buffalo / Rochester / Albany,3,NY,Erie County,East Amherst,14051,19533,101660,1.3329733730095328,3,3,3,0,3,10500,Jim & Anne Weeks
Buffalo / Rochester / Albany,3,NY,Erie County,Hamburg,14075,41937,62497,1.0451436996045091,4,4,3,1,3,10500,Jim & Anne Weeks
Buffalo / Rochester / Albany,3,NY,Erie County,Orchard Park,14127,29961,77636,1.164871439211563,3,8,5,0,3,10500,Jim & Anne Weeks
Buffalo / Rochester / Albany,3,NY,Erie County,Buffalo,14215,39999,31048,0.7366534656613942,3,3,2,0,3,10500,Jim & Anne Weeks
Buffalo / Rochester / Albany,3,NY,Erie County,Buffalo,14225,33385,45279,0.8896001242411404,3,1,1,0,3,10500,Jim & Anne Weeks
Buffalo / Rochester / Albany,3,NY,Erie County,Buffalo,14226,29267,60545,1.0286924758064317,3,10,6,0,3,10500,Jim & Anne Weeks
Buffalo / Rochester / Albany,3,NY,Niagara County,Niagara Falls,14304,30389,47878,0.9147752833033166,3,2,2,0,3,10500,Jim & Anne Weeks
Buffalo / Rochester / Albany,3,NY,Ontario County,Canandaigua,14424,27007,53231,0.9645588585669289,3,2,2,0,3,10500,Jim & Anne Weeks
Buffalo / Rochester / Albany,3,NY,Monroe County,Rochester,14616,28534,48975,0.9251957813670187,3,1,1,0,3,10500,Jim & Anne Weeks
Buffalo / Rochester / Albany,3,NY,Monroe County,Rochester,14618,22920,81902,1.1964475785078674,3,14,11,0,3,10500,Jim & Anne Weeks
Buffalo / Rochester / Albany,3,NY,Monroe County,Rochester,14626,30041,53944,0.9709972386333237,3,11,6,0,3,10500,Jim & Anne Weeks
Buffalo / Rochester / Albany,3,NY,Chautauqua County,Jamestown,14701,40730,35997,0.7931942833589561,3,2,2,0,3,10500,Jim & Anne Weeks
Buffalo / Rochester / Albany,3,NY,Saratoga County,Ballston Lake,12019,14740,90897,1.2604371540129078,2,,,0,2,7000,Jim & Anne Weeks
Buffalo / Rochester / Albany,3,NY,Albany County,Cohoes,12047,19664,47138,0.9076783934550249,2,,,0,2,7000,Jim & Anne Weeks
Buffalo / Rochester / Albany,3,NY,Albany County,Delmar,12054,16918,94874,1.2877158081485962,2,1,1,0,2,7000,Jim & Anne Weeks
Buffalo / Rochester / Albany,3,NY,Fulton County,Gloversville,12078,23773,37766,0.8124505105145498,2,,,0,2,7000,Jim & Anne Weeks
Buffalo / Rochester / Albany,3,NY,Albany County,Latham,12110,21908,76408,1.1556220970251008,3,14,10,1,2,7000,Jim & Anne Weeks
Buffalo / Rochester / Albany,3,NY,Rensselaer County,Rensselaer,12144,20555,63449,1.0530738109334625,2,,,0,2,7000,Jim & Anne Weeks
Buffalo / Rochester / Albany,3,NY,Albany County,Watervliet,12189,17568,47263,0.908881082165873,2,,,0,2,7000,Jim & Anne Weeks
Buffalo / Rochester / Albany,3,NY,Albany County,Albany,12208,20702,58825,1.0139753315952593,2,10,7,0,2,7000,Jim & Anne Weeks
Buffalo / Rochester / Albany,3,NY,Schenectady County,Schenectady,12304,21482,43743,0.8743809836436305,2,3,2,0,2,7000,Jim & Anne Weeks
Buffalo / Rochester / Albany,3,NY,Ulster County,Saugerties,12477,18787,60862,1.0313819612133088,2,,,0,2,7000,Jim & Anne Weeks
Buffalo / Rochester / Albany,3,NY,Genesee County,Batavia,14020,23306,42809,0.8649957288387734,2,3,3,0,2,7000,Jim & Anne Weeks
Buffalo / Rochester / Albany,3,NY,Erie County,Depew,14043,24742,49369,0.9289098898323259,2,4,3,0,2,7000,Jim & Anne Weeks
Buffalo / Rochester / Albany,3,NY,Erie County,East Aurora,14052,17329,71278,1.1161541391668444,2,1,1,0,2,7000,Jim & Anne Weeks
Buffalo / Rochester / Albany,3,NY,Erie County,Grand Island,14072,20374,80243,1.1842680153328295,2,,,0,2,7000,Jim & Anne Weeks
Buffalo / Rochester / Albany,3,NY,Erie County,Buffalo,14206,20751,34293,0.7741928591570311,2,,,0,2,7000,Jim & Anne Weeks
Buffalo / Rochester / Albany,3,NY,Erie County,Buffalo,14207,23552,26630,0.6822318722154092,2,,,0,2,7000,Jim & Anne Weeks
Buffalo / Rochester / Albany,3,NY,Erie County,Buffalo,14213,24465,25939,0.6733223586469919,2,,,0,2,7000,Jim & Anne Weeks
Buffalo / Rochester / Albany,3,NY,Erie County,Buffalo,14214,19775,38698,0.8224143539569649,2,3,3,0,2,7000,Jim & Anne Weeks
Buffalo / Rochester / Albany,3,NY,Erie County,Buffalo,14216,22431,45764,0.8943518506027911,2,,,0,2,7000,Jim & Anne Weeks
Buffalo / Rochester / Albany,3,NY,Erie County,Buffalo,14217,23480,50254,0.9371988331680806,2,1,1,0,2,7000,Jim & Anne Weeks
Buffalo / Rochester / Albany,3,NY,Erie County,Buffalo,14218,19039,36362,0.7972055302299124,2,,,0,2,7000,Jim & Anne Weeks
Buffalo / Rochester / Albany,3,NY,Erie County,Buffalo,14220,24227,45831,0.8950062914104319,2,3,2,0,2,7000,Jim & Anne Weeks
Buffalo / Rochester / Albany,3,NY,Erie County,Buffalo,14223,22665,57076,0.9987877017131908,2,2,2,0,2,7000,Jim & Anne Weeks
Buffalo / Rochester / Albany,3,NY,Erie County,Buffalo,14227,23426,49821,0.9331525382184711,2,,,0,2,7000,Jim & Anne Weeks
Buffalo / Rochester / Albany,3,NY,Erie County,Buffalo,14228,20857,47801,0.9140393916616134,2,,,0,2,7000,Jim & Anne Weeks
Buffalo / Rochester / Albany,3,NY,Monroe County,Brockport,14420,20467,54643,0.9772680239334879,2,1,1,0,2,7000,Jim & Anne Weeks
Buffalo / Rochester / Albany,3,NY,Ontario County,Geneva,14456,20087,48158,0.9174462771346502,2,4,3,0,2,7000,Jim & Anne Weeks
Buffalo / Rochester / Albany,3,NY,Monroe County,Hilton,14468,17813,64802,1.0642425689691077,2,,,0,2,7000,Jim & Anne Weeks
Buffalo / Rochester / Albany,3,NY,Monroe County,Penfield,14526,19804,77386,1.162994393255183,2,,,0,2,7000,Jim & Anne Weeks
Buffalo / Rochester / Albany,3,NY,Monroe County,Spencerport,14559,18057,69564,1.1026525717331714,2,,,0,2,7000,Jim & Anne Weeks
Buffalo / Rochester / Albany,3,NY,Ontario County,Victor,14564,14487,76231,1.1542828151021005,2,8,4,0,2,7000,Jim & Anne Weeks
Buffalo / Rochester / Albany,3,NY,Monroe County,Rochester,14606,28255,38545,0.8207869569943116,2,3,2,0,2,7000,Jim & Anne Weeks
Buffalo / Rochester / Albany,3,NY,Monroe County,Rochester,14617,22789,60650,1.0295840929534865,2,,,0,2,7000,Jim & Anne Weeks
Buffalo / Rochester / Albany,3,NY,Monroe County,Rochester,14620,25141,38554,0.8208827755369847,2,8,3,0,2,7000,Jim & Anne Weeks
Buffalo / Rochester / Albany,3,NY,Monroe County,Rochester,14621,33802,23735,0.644081818074928,2,4,4,0,2,7000,Jim & Anne Weeks
Buffalo / Rochester / Albany,3,NY,Monroe County,Rochester,14623,27173,46149,0.8981059402121171,2,14,5,0,2,7000,Jim & Anne Weeks
Buffalo / Rochester / Albany,3,NY,Cattaraugus County,Olean,14760,18775,41807,0.8548126170271645,2,3,3,0,2,7000,Jim & Anne Weeks
Buffalo / Rochester / Albany,3,NY,Albany County,Altamont,12009,7164,80750,1.1880034094008958,1,7,2,0,1,3500,Jim & Anne Weeks
Buffalo / Rochester / Albany,3,NY,Rensselaer County,Averill Park,12018,7930,80126,1.183404326898958,1,,,0,1,3500,Jim & Anne Weeks
Buffalo / Rochester / Albany,3,NY,Fulton County,Broadalbin,12025,5505,56938,0.9975795221133587,1,,,0,1,3500,Jim & Anne Weeks
Buffalo / Rochester / Albany,3,NY,Saratoga County,Burnt Hills,12027,3882,95690,1.2932416970320357,1,,,0,1,3500,Jim & Anne Weeks
Buffalo / Rochester / Albany,3,NY,Rensselaer County,Castleton On Hudson,12033,7851,68382,1.0932445496058283,1,6,2,0,1,3500,Jim & Anne Weeks
Buffalo / Rochester / Albany,3,NY,Schoharie County,Cobleskill,12043,8509,49589,0.9309773108075146,1,,,0,1,3500,Jim & Anne Weeks
Buffalo / Rochester / Albany,3,NY,Greene County,Coxsackie,12051,7070,49408,0.9292767226006282,1,,,0,1,3500,Jim & Anne Weeks
Buffalo / Rochester / Albany,3,NY,Schenectady County,Delanson,12053,4587,86250,1.2277953192614592,1,,,0,1,3500,Jim & Anne Weeks
Buffalo / Rochester / Albany,3,NY,Rensselaer County,East Greenbush,12061,9050,84714,1.2168134900255252,1,,,0,1,3500,Jim & Anne Weeks
Buffalo / Rochester / Albany,3,NY,Albany County,Glenmont,12077,6246,82966,1.2041941070950695,1,1,1,0,1,3500,Jim & Anne Weeks
Buffalo / Rochester / Albany,3,NY,Rensselaer County,Hoosick Falls,12090,6262,54716,0.9779205938408444,1,,,0,1,3500,Jim & Anne Weeks
Buffalo / Rochester / Albany,3,NY,Fulton County,Johnstown,12095,12606,43967,0.876616898391798,1,,,0,1,3500,Jim & Anne Weeks
Buffalo / Rochester / Albany,3,NY,Saratoga County,Mechanicville,12118,13897,61389,1.0358376703981327,1,,,0,1,3500,Jim & Anne Weeks
Buffalo / Rochester / Albany,3,NY,Rensselaer County,Nassau,12123,5124,65458,1.0696157454234978,1,,,0,1,3500,Jim & Anne Weeks
Buffalo / Rochester / Albany,3,NY,Albany County,Ravena,12143,5137,57371,1.0013655158072667,1,,,0,1,3500,Jim & Anne Weeks
Buffalo / Rochester / Albany,3,NY,Saratoga County,Rexford,12148,4569,107540,1.3709810047368651,1,,,0,1,3500,Jim & Anne Weeks
Buffalo / Rochester / Albany,3,NY,Albany County,Selkirk,12158,6309,79662,1.1799728760580934,1,,,0,1,3500,Jim & Anne Weeks
Buffalo / Rochester / Albany,3,NY,Albany County,Slingerlands,12159,7896,87794,1.2387362297314666,1,,,0,1,3500,Jim & Anne Weeks
Buffalo / Rochester / Albany,3,NY,Saratoga County,Stillwater,12170,4945,70377,1.1090772489788574,1,,,0,1,3500,Jim & Anne Weeks
Buffalo / Rochester / Albany,3,NY,Rensselaer County,Troy,12182,14733,45251,0.8893250225880839,1,,,0,1,3500,Jim & Anne Weeks
Buffalo / Rochester / Albany,3,NY,Columbia County,Valatie,12184,7148,78247,1.169446260046227,1,1,1,0,1,3500,Jim & Anne Weeks
Buffalo / Rochester / Albany,3,NY,Albany County,Voorheesville,12186,6277,83846,1.210563557523042,1,,,0,1,3500,Jim & Anne Weeks
Buffalo / Rochester / Albany,3,NY,Saratoga County,Waterford,12188,10980,66211,1.075750347634208,1,,,0,1,3500,Jim & Anne Weeks
Buffalo / Rochester / Albany,3,NY,Rensselaer County,Wynantskill,12198,7903,82188,1.1985347424544914,1,,,0,1,3500,Jim & Anne Weeks
Buffalo / Rochester / Albany,3,NY,Albany County,Albany,12202,9628,29214,0.714565318701155,1,,,0,1,3500,Jim & Anne Weeks
Buffalo / Rochester / Albany,3,NY,Albany County,Albany,12204,7349,49993,0.9347619393478108,1,,,0,1,3500,Jim & Anne Weeks
Buffalo / Rochester / Albany,3,NY,Albany County,Albany,12206,16395,26883,0.6854650047581885,1,,,0,1,3500,Jim & Anne Weeks
Buffalo / Rochester / Albany,3,NY,Albany County,Albany,12209,10121,56972,0.9978773253541847,1,,,0,1,3500,Jim & Anne Weeks
Buffalo / Rochester / Albany,3,NY,Albany County,Albany,12210,10158,32813,0.7573025004412716,1,,,0,1,3500,Jim & Anne Weeks
Buffalo / Rochester / Albany,3,NY,Albany County,Albany,12211,11303,95554,1.2923223564103044,1,,,0,1,3500,Jim & Anne Weeks
Buffalo / Rochester / Albany,3,NY,Schenectady County,Schenectady,12308,15335,40598,0.8423619497092315,1,4,2,0,1,3500,Jim & Anne Weeks
Buffalo / Rochester / Albany,3,NY,Greene County,Catskill,12414,10510,49396,0.9291638664047742,1,,,0,1,3500,Jim & Anne Weeks
Buffalo / Rochester / Albany,3,NY,Ulster County,Ellenville,12428,6602,44718,0.8840719416620622,1,,,0,1,3500,Jim & Anne Weeks
Buffalo / Rochester / Albany,3,NY,Ulster County,Woodstock,12498,4851,65676,1.0713953782702115,1,,,0,1,3500,Jim & Anne Weeks
Buffalo / Rochester / Albany,3,NY,Erie County,Akron,14001,9464,54052,0.971968757856651,1,,,0,1,3500,Jim & Anne Weeks
Buffalo / Rochester / Albany,3,NY,Erie County,Alden,14004,12704,56163,0.9907670858388732,1,,,0,1,3500,Jim & Anne Weeks
Buffalo / Rochester / Albany,3,NY,Erie County,Angola,14006,9858,58511,1.011265478043251,1,,,0,1,3500,Jim & Anne Weeks
Buffalo / Rochester / Albany,3,NY,Wyoming County,Arcade,14009,5672,46287,0.8994477472304278,1,,,0,1,3500,Jim & Anne Weeks
Buffalo / Rochester / Albany,3,NY,Wyoming County,Attica,14011,9822,61196,1.0342081109765617,1,,,0,1,3500,Jim & Anne Weeks
Buffalo / Rochester / Albany,3,NY,Erie County,Clarence,14031,9392,68137,1.0912843462260327,1,1,1,0,1,3500,Jim & Anne Weeks
Buffalo / Rochester / Albany,3,NY,Erie County,Clarence Center,14032,7989,94092,1.282397821148098,1,,,0,1,3500,Jim & Anne Weeks
Buffalo / Rochester / Albany,3,NY,Erie County,Derby,14047,6440,65554,1.0703998015408216,1,,,0,1,3500,Jim & Anne Weeks
Buffalo / Rochester / Albany,3,NY,Chautauqua County,Dunkirk,14048,15072,39566,0.8315866234492397,1,1,1,0,1,3500,Jim & Anne Weeks
Buffalo / Rochester / Albany,3,NY,Erie County,Eden,14057,8116,61292,1.035018989724572,1,,,0,1,3500,Jim & Anne Weeks
Buffalo / Rochester / Albany,3,NY,Erie County,Elma,14059,8933,75511,1.1488187956045495,1,,,0,1,3500,Jim & Anne Weeks
Buffalo / Rochester / Albany,3,NY,Chautauqua County,Fredonia,14063,14870,47982,0.9157682761376696,1,,,0,1,3500,Jim & Anne Weeks
Buffalo / Rochester / Albany,3,NY,Erie County,Getzville,14068,7150,71452,1.1175156563279849,1,,,0,1,3500,Jim & Anne Weeks
Buffalo / Rochester / Albany,3,NY,Erie County,Gowanda,14070,6732,45192,0.8887450653423673,1,,,0,1,3500,Jim & Anne Weeks
Buffalo / Rochester / Albany,3,NY,Erie County,Lake View,14085,7353,86092,1.2266702144239592,1,,,0,1,3500,Jim & Anne Weeks
Buffalo / Rochester / Albany,3,NY,Niagara County,Lewiston,14092,11086,60689,1.0299150684410414,1,2,1,0,1,3500,Jim & Anne Weeks
Buffalo / Rochester / Albany,3,NY,Orleans County,Medina,14103,11183,43478,0.8717284111126046,1,,,0,1,3500,Jim & Anne Weeks
Buffalo / Rochester / Albany,3,NY,Niagara County,Newfane,14108,5882,57349,1.0011735010810787,1,,,0,1,3500,Jim & Anne Weeks
Buffalo / Rochester / Albany,3,NY,Niagara County,Ransomville,14131,5283,57500,1.0024906802560472,1,,,0,1,3500,Jim & Anne Weeks
Buffalo / Rochester / Albany,3,NY,Niagara County,Sanborn,14132,6218,59286,1.0179407407311631,1,,,0,1,3500,Jim & Anne Weeks
Buffalo / Rochester / Albany,3,NY,Erie County,Springville,14141,7728,51310,0.9469944392550748,1,,,0,1,3500,Jim & Anne Weeks
Buffalo / Rochester / Albany,3,NY,Niagara County,Youngstown,14174,5794,64554,1.0622041661315973,1,,,0,1,3500,Jim & Anne Weeks
Buffalo / Rochester / Albany,3,NY,Erie County,Buffalo,14201,11549,21594,0.6143459081858634,1,,,0,1,3500,Jim & Anne Weeks
Buffalo / Rochester / Albany,3,NY,Erie County,Buffalo,14204,8691,23259,0.6375906517109875,1,,,0,1,3500,Jim & Anne Weeks
Buffalo / Rochester / Albany,3,NY,Erie County,Buffalo,14208,11125,24809,0.6584928308385519,1,,,0,1,3500,Jim & Anne Weeks
Buffalo / Rochester / Albany,3,NY,Erie County,Buffalo,14209,7926,30086,0.7251513287404941,1,2,2,0,1,3500,Jim & Anne Weeks
Buffalo / Rochester / Albany,3,NY,Erie County,Buffalo,14210,14694,32197,0.7501603839888882,1,,,0,1,3500,Jim & Anne Weeks
Buffalo / Rochester / Albany,3,NY,Erie County,Buffalo,14211,22611,20983,0.6055921149250739,1,,,0,1,3500,Jim & Anne Weeks
Buffalo / Rochester / Albany,3,NY,Erie County,Buffalo,14212,10641,25660,0.6696914395547947,1,,,0,1,3500,Jim & Anne Weeks
Buffalo / Rochester / Albany,3,NY,Erie County,Buffalo,14219,11536,48952,0.924978507227994,1,,,0,1,3500,Jim & Anne Weeks
Buffalo / Rochester / Albany,3,NY,Erie County,Buffalo,14222,14046,52073,0.9540095471237181,1,1,1,0,1,3500,Jim & Anne Weeks
Buffalo / Rochester / Albany,3,NY,Niagara County,Niagara Falls,14301,12817,21945,0.6193187293762902,1,,,0,1,3500,Jim & Anne Weeks
Buffalo / Rochester / Albany,3,NY,Niagara County,Niagara Falls,14305,16898,34085,0.771841402034606,1,,,0,1,3500,Jim & Anne Weeks
Buffalo / Rochester / Albany,3,NY,Orleans County,Albion,14411,14491,42967,0.8665905272703756,1,,,0,1,3500,Jim & Anne Weeks
Buffalo / Rochester / Albany,3,NY,Livingston County,Avon,14414,7142,63083,1.0500321361527498,1,,,0,1,3500,Jim & Anne Weeks
Buffalo / Rochester / Albany,3,NY,Ontario County,Farmington,14425,10717,58496,1.0111358446881287,1,,,0,1,3500,Jim & Anne Weeks
Buffalo / Rochester / Albany,3,NY,Monroe County,Churchville,14428,8096,59587,1.0205215544329738,1,,,0,1,3500,Jim & Anne Weeks
Buffalo / Rochester / Albany,3,NY,Ontario County,Clifton Springs,14432,5726,53819,0.9698715800865733,1,,,0,1,3500,Jim & Anne Weeks
Buffalo / Rochester / Albany,3,NY,Livingston County,Dansville,14437,11415,42938,0.8662980310849145,1,,,0,1,3500,Jim & Anne Weeks
Buffalo / Rochester / Albany,3,NY,Monroe County,East Rochester,14445,8019,49683,0.9318592648195192,1,,,0,1,3500,Jim & Anne Weeks
Buffalo / Rochester / Albany,3,NY,Livingston County,Geneseo,14454,11073,51625,0.9498968638890728,1,,,0,1,3500,Jim & Anne Weeks
Buffalo / Rochester / Albany,3,NY,Monroe County,Hamlin,14464,7524,62783,1.0475323735217517,1,,,0,1,3500,Jim & Anne Weeks
Buffalo / Rochester / Albany,3,NY,Monroe County,Henrietta,14467,9105,65649,1.0711751254462571,1,,,0,1,3500,Jim & Anne Weeks
Buffalo / Rochester / Albany,3,NY,Ontario County,Bloomfield,14469,6220,61694,1.038407667063461,1,,,0,1,3500,Jim & Anne Weeks
Buffalo / Rochester / Albany,3,NY,Orleans County,Holley,14470,8016,51918,0.9525886410678793,1,,,0,1,3500,Jim & Anne Weeks
Buffalo / Rochester / Albany,3,NY,Monroe County,Honeoye Falls,14472,8598,91477,1.2644520888824209,1,,,0,1,3500,Jim & Anne Weeks
Buffalo / Rochester / Albany,3,NY,Genesee County,Le Roy,14482,8275,55470,0.9846355333217852,1,,,0,1,3500,Jim & Anne Weeks
Buffalo / Rochester / Albany,3,NY,Livingston County,Livonia,14487,6025,67542,1.0865091291775468,1,,,0,1,3500,Jim & Anne Weeks
Buffalo / Rochester / Albany,3,NY,Wayne County,Lyons,14489,7192,42778,0.8646824801781231,1,,,0,1,3500,Jim & Anne Weeks
Buffalo / Rochester / Albany,3,NY,Wayne County,Macedon,14502,10691,65601,1.0707834530073863,1,,,0,1,3500,Jim & Anne Weeks
Buffalo / Rochester / Albany,3,NY,Wayne County,Marion,14505,5393,60000,1.0240520863112887,1,,,0,1,3500,Jim & Anne Weeks
Buffalo / Rochester / Albany,3,NY,Wayne County,Newark,14513,13976,45583,0.8925814845747195,1,2,2,0,1,3500,Jim & Anne Weeks
Buffalo / Rochester / Albany,3,NY,Monroe County,North Chili,14514,6389,63798,1.0559660453046265,1,,,0,1,3500,Jim & Anne Weeks
Buffalo / Rochester / Albany,3,NY,Wayne County,Ontario,14519,11581,63538,1.0538121261603286,1,,,0,1,3500,Jim & Anne Weeks
Buffalo / Rochester / Albany,3,NY,Wayne County,Palmyra,14522,9565,50612,0.9405311227467702,1,,,0,1,3500,Jim & Anne Weeks
Buffalo / Rochester / Albany,3,NY,Yates County,Penn Yan,14527,12820,47697,0.9130445185595477,1,,,0,1,3500,Jim & Anne Weeks
Buffalo / Rochester / Albany,3,NY,Wyoming County,Perry,14530,5575,48153,0.9173986490099454,1,,,0,1,3500,Jim & Anne Weeks
Buffalo / Rochester / Albany,3,NY,Wayne County,Sodus,14551,5651,47239,0.9086502894121682,1,2,1,0,1,3500,Jim & Anne Weeks
Buffalo / Rochester / Albany,3,NY,Wayne County,Walworth,14568,6048,76042,1.1528510167459942,1,,,0,1,3500,Jim & Anne Weeks
Buffalo / Rochester / Albany,3,NY,Wyoming County,Warsaw,14569,6211,42313,0.8599700580787867,1,,,0,1,3500,Jim & Anne Weeks
Buffalo / Rochester / Albany,3,NY,Monroe County,West Henrietta,14586,10256,70027,1.1063159714094128,1,,,0,1,3500,Jim & Anne Weeks
Buffalo / Rochester / Albany,3,NY,Wayne County,Williamson,14589,7854,55558,0.9854162579356561,1,,,0,1,3500,Jim & Anne Weeks
Buffalo / Rochester / Albany,3,NY,Monroe County,Rochester,14605,12610,18569,0.5696927329850763,1,,,0,1,3500,Jim & Anne Weeks
Buffalo / Rochester / Albany,3,NY,Monroe County,Rochester,14607,16223,40502,0.8413654152846861,1,11,3,0,1,3500,Jim & Anne Weeks
Buffalo / Rochester / Albany,3,NY,Monroe County,Rochester,14608,12268,20796,0.6028875644105203,1,,,0,1,3500,Jim & Anne Weeks
Buffalo / Rochester / Albany,3,NY,Monroe County,Rochester,14610,14233,56629,0.994868929639077,1,,,0,1,3500,Jim & Anne Weeks
Buffalo / Rochester / Albany,3,NY,Monroe County,Rochester,14611,17396,24664,0.6565656797305431,1,,,0,1,3500,Jim & Anne Weeks
Buffalo / Rochester / Albany,3,NY,Monroe County,Rochester,14613,14730,28425,0.7048499255216963,1,,,0,1,3500,Jim & Anne Weeks
Buffalo / Rochester / Albany,3,NY,Monroe County,Rochester,14615,16099,38620,0.8215851033924179,1,,,0,1,3500,Jim & Anne Weeks
Buffalo / Rochester / Albany,3,NY,Monroe County,Rochester,14619,14749,39494,0.8308296414362776,1,,,0,1,3500,Jim & Anne Weeks
Buffalo / Rochester / Albany,3,NY,Monroe County,Rochester,14622,12108,51875,0.9521940785229253,1,1,1,0,1,3500,Jim & Anne Weeks
Buffalo / Rochester / Albany,3,NY,Monroe County,Rochester,14625,10387,70114,1.1070029893703974,1,19,7,0,1,3500,Jim & Anne Weeks
Buffalo / Rochester / Albany,3,NY,Cattaraugus County,Allegany,14706,6356,50647,0.9408562719225483,1,,,0,1,3500,Jim & Anne Weeks
Buffalo / Rochester / Albany,3,NY,Cattaraugus County,Salamanca,14779,6932,31537,0.7424318771955395,1,,,0,1,3500,Jim & Anne Weeks
Buffalo / Rochester / Albany,3,NY,Albany County,Alcove,12007,60,80000,1.182473495392041,0,,,0,0,0,Jim & Anne Weeks
Buffalo / Rochester / Albany,3,NY,Schenectady County,Alplaus,12008,497,58375,1.0100895272289616,0,,,0,0,0,Jim & Anne Weeks
Buffalo / Rochester / Albany,3,NY,Greene County,Athens,12015,3010,61164,1.0339376767401343,0,,,0,0,0,Jim & Anne Weeks
Buffalo / Rochester / Albany,3,NY,Columbia County,Austerlitz,12017,435,67917,1.0895211583571436,0,,,0,0,0,Jim & Anne Weeks
Buffalo / Rochester / Albany,3,NY,Rensselaer County,Berlin,12022,929,68438,1.0936921028058872,0,,,0,0,0,Jim & Anne Weeks
Buffalo / Rochester / Albany,3,NY,Albany County,Berne,12023,2196,56250,0.9915341689831455,0,,,0,0,0,Jim & Anne Weeks
Buffalo / Rochester / Albany,3,NY,Rensselaer County,Buskirk,12028,1172,77143,1.161166996563071,0,,,0,0,0,Jim & Anne Weeks
Buffalo / Rochester / Albany,3,NY,Columbia County,Canaan,12029,1113,78365,1.170327716666525,0,,,0,0,0,Jim & Anne Weeks
Buffalo / Rochester / Albany,3,NY,Schoharie County,Carlisle,12031,175,52813,0.9607642629702512,0,,,0,0,0,Jim & Anne Weeks
Buffalo / Rochester / Albany,3,NY,Fulton County,Caroga Lake,12032,836,45938,0.8960504519476148,0,,,0,0,0,Jim & Anne Weeks
Buffalo / Rochester / Albany,3,NY,Schoharie County,Central Bridge,12035,802,39813,0.834178271902212,0,,,0,0,0,Jim & Anne Weeks
Buffalo / Rochester / Albany,3,NY,Schoharie County,Charlotteville,12036,228,45982,0.8964794734948159,0,,,0,0,0,Jim & Anne Weeks
Buffalo / Rochester / Albany,3,NY,Columbia County,Chatham,12037,4015,56354,0.9924503639470303,0,1,1,0,0,0,Jim & Anne Weeks
Buffalo / Rochester / Albany,3,NY,Albany County,Clarksville,12041,481,46944,0.9058086582134115,0,,,0,0,0,Jim & Anne Weeks
Buffalo / Rochester / Albany,3,NY,Greene County,Climax,12042,271,68750,1.0961822684446467,0,,,0,0,0,Jim & Anne Weeks
Buffalo / Rochester / Albany,3,NY,Albany County,Coeymans Hollow,12046,817,75263,1.1469307172081682,0,,,0,0,0,Jim & Anne Weeks
Buffalo / Rochester / Albany,3,NY,Rensselaer County,Cropseyville,12052,1568,68500,1.0941873946014113,0,,,0,0,0,Jim & Anne Weeks
Buffalo / Rochester / Albany,3,NY,Schenectady County,Duanesburg,12056,2310,91300,1.2632281944235,0,,,0,0,0,Jim & Anne Weeks
Buffalo / Rochester / Albany,3,NY,Washington County,Eagle Bridge,12057,1835,53194,0.964223575728191,0,,,0,0,0,Jim & Anne Weeks
Buffalo / Rochester / Albany,3,NY,Greene County,Earlton,12058,1445,49479,0.9299441748477958,0,,,0,0,0,Jim & Anne Weeks
Buffalo / Rochester / Albany,3,NY,Albany County,East Berne,12059,1632,83409,1.2074047462704631,0,,,0,0,0,Jim & Anne Weeks
Buffalo / Rochester / Albany,3,NY,Columbia County,East Chatham,12060,1507,79219,1.1766873902948307,0,,,0,0,0,Jim & Anne Weeks
Buffalo / Rochester / Albany,3,NY,Rensselaer County,East Nassau,12062,1776,65294,1.0682749849850879,0,,,0,0,0,Jim & Anne Weeks
Buffalo / Rochester / Albany,3,NY,Rensselaer County,East Schodack,12063,444,125109,1.478736176866584,0,,,0,0,0,Jim & Anne Weeks
Buffalo / Rochester / Albany,3,NY,Otsego County,East Worcester,12064,563,37500,0.8095842588477524,0,,,0,0,0,Jim & Anne Weeks
Buffalo / Rochester / Albany,3,NY,Schoharie County,Esperance,12066,2143,63750,1.0555687294988942,0,,,0,0,0,Jim & Anne Weeks
Buffalo / Rochester / Albany,3,NY,Albany County,Feura Bush,12067,1506,68125,1.09118824580495,0,,,0,0,0,Jim & Anne Weeks
Buffalo / Rochester / Albany,3,NY,Montgomery County,Fonda,12068,3201,47813,0.9141541150398154,0,,,0,0,0,Jim & Anne Weeks
Buffalo / Rochester / Albany,3,NY,Montgomery County,Fort Johnson,12070,1410,69643,1.1032785049444633,0,,,0,0,0,Jim & Anne Weeks
Buffalo / Rochester / Albany,3,NY,Schoharie County,Fultonham,12071,270,56500,0.9937351354404874,0,,,0,0,0,Jim & Anne Weeks
Buffalo / Rochester / Albany,3,NY,Montgomery County,Fultonville,12072,2890,53387,0.9659712038131266,0,,,0,0,0,Jim & Anne Weeks
Buffalo / Rochester / Albany,3,NY,Saratoga County,Galway,12074,2963,72328,1.1243451468299908,0,,,0,0,0,Jim & Anne Weeks
Buffalo / Rochester / Albany,3,NY,Columbia County,Ghent,12075,3418,67755,1.088220984581762,0,,,0,0,0,Jim & Anne Weeks
Buffalo / Rochester / Albany,3,NY,Schoharie County,Gilboa,12076,1500,57868,1.0056935340399846,0,,,0,0,0,Jim & Anne Weeks
Buffalo / Rochester / Albany,3,NY,Greene County,Greenville,12083,3795,49375,0.9289663350713263,0,,,0,0,0,Jim & Anne Weeks
Buffalo / Rochester / Albany,3,NY,Albany County,Guilderland,12084,4271,71750,1.119843604895959,0,,,0,0,0,Jim & Anne Weeks
Buffalo / Rochester / Albany,3,NY,Albany County,Guilderland Center,12085,479,50673,0.9410977385879588,0,,,0,0,0,Jim & Anne Weeks
Buffalo / Rochester / Albany,3,NY,Montgomery County,Hagaman,12086,1865,52036,0.9536705554610163,0,,,0,0,0,Jim & Anne Weeks
Buffalo / Rochester / Albany,3,NY,Greene County,Hannacroix,12087,1073,51667,0.950283184055748,0,,,0,0,0,Jim & Anne Weeks
Buffalo / Rochester / Albany,3,NY,Schoharie County,Howes Cave,12092,1304,41757,0.8543012981374103,0,,,0,0,0,Jim & Anne Weeks
Buffalo / Rochester / Albany,3,NY,Schoharie County,Jefferson,12093,1666,56563,0.9942890104080284,0,,,0,0,0,Jim & Anne Weeks
Buffalo / Rochester / Albany,3,NY,Rensselaer County,Johnsonville,12094,2268,54594,0.9768297530367767,0,,,0,0,0,Jim & Anne Weeks
Buffalo / Rochester / Albany,3,NY,Columbia County,Kinderhook,12106,2193,70156,1.1073345006581485,0,,,0,0,0,Jim & Anne Weeks
Buffalo / Rochester / Albany,3,NY,Hamilton County,Lake Pleasant,12108,416,51563,0.9493262944117973,0,,,0,0,0,Jim & Anne Weeks
Buffalo / Rochester / Albany,3,NY,Columbia County,Malden Bridge,12115,189,81167,1.1910669357104695,0,,,0,0,0,Jim & Anne Weeks
Buffalo / Rochester / Albany,3,NY,Otsego County,Maryland,12116,1920,51736,0.9509175121828027,0,,,0,0,0,Jim & Anne Weeks
Buffalo / Rochester / Albany,3,NY,Fulton County,Mayfield,12117,3256,55032,0.9807404090527132,0,,,0,0,0,Jim & Anne Weeks
Buffalo / Rochester / Albany,3,NY,Albany County,Medusa,12120,613,47083,0.9071487052807676,0,,,0,0,0,Jim & Anne Weeks
Buffalo / Rochester / Albany,3,NY,Rensselaer County,Melrose,12121,1916,70365,1.108982690427319,0,,,0,0,0,Jim & Anne Weeks
Buffalo / Rochester / Albany,3,NY,Schoharie County,Middleburgh,12122,4582,50532,0.9397875021982339,0,,,0,0,0,Jim & Anne Weeks
Buffalo / Rochester / Albany,3,NY,Columbia County,New Lebanon,12125,1373,50726,0.9415897673290154,0,,,0,0,0,Jim & Anne Weeks
Buffalo / Rochester / Albany,3,NY,Columbia County,Niverville,12130,987,87643,1.2376704982005675,0,,,0,0,0,Jim & Anne Weeks
Buffalo / Rochester / Albany,3,NY,Schoharie County,North Blenheim,12131,115,37917,0.8140731028406726,0,,,0,0,0,Jim & Anne Weeks
Buffalo / Rochester / Albany,3,NY,Fulton County,Northville,12134,3516,48547,0.9211441965155338,0,,,0,0,0,Jim & Anne Weeks
Buffalo / Rochester / Albany,3,NY,Columbia County,Old Chatham,12136,804,88594,1.2443672619136101,0,,,0,0,0,Jim & Anne Weeks
Buffalo / Rochester / Albany,3,NY,Schenectady County,Pattersonville,12137,1679,63542,1.053845296720974,0,,,0,0,0,Jim & Anne Weeks
Buffalo / Rochester / Albany,3,NY,Rensselaer County,Petersburg,12138,3168,65857,1.072870720380511,0,,,0,0,0,Jim & Anne Weeks
Buffalo / Rochester / Albany,3,NY,Hamilton County,Piseco,12139,295,44063,0.877573403668788,0,,,0,0,0,Jim & Anne Weeks
Buffalo / Rochester / Albany,3,NY,Rensselaer County,Poestenkill,12140,1702,80083,1.183086744497524,0,,,0,0,0,Jim & Anne Weeks
Buffalo / Rochester / Albany,3,NY,Albany County,Rensselaerville,12147,499,60875,1.0314921058815225,0,,,0,0,0,Jim & Anne Weeks
Buffalo / Rochester / Albany,3,NY,Schoharie County,Richmondville,12149,2474,49357,0.9287969890633841,0,,,0,0,0,Jim & Anne Weeks
Buffalo / Rochester / Albany,3,NY,Schenectady County,Rotterdam Junction,12150,914,76151,1.1536769797793163,0,,,0,0,0,Jim & Anne Weeks
Buffalo / Rochester / Albany,3,NY,Saratoga County,Round Lake,12151,708,73304,1.1319057296088177,0,,,0,0,0,Jim & Anne Weeks
Buffalo / Rochester / Albany,3,NY,Rensselaer County,Sand Lake,12153,814,82724,1.20243659324365,0,,,0,0,0,Jim & Anne Weeks
Buffalo / Rochester / Albany,3,NY,Rensselaer County,Schaghticoke,12154,2818,67721,1.0879479113303152,0,,,0,0,0,Jim & Anne Weeks
Buffalo / Rochester / Albany,3,NY,Otsego County,Schenevus,12155,1977,45938,0.8960504519476148,0,,,0,0,0,Jim & Anne Weeks
Buffalo / Rochester / Albany,3,NY,Rensselaer County,Schodack Landing,12156,848,64107,1.0585201956576014,0,,,0,0,0,Jim & Anne Weeks
Buffalo / Rochester / Albany,3,NY,Schoharie County,Schoharie,12157,4061,60560,1.0288198969934612,0,,,0,0,0,Jim & Anne Weeks
Buffalo / Rochester / Albany,3,NY,Schoharie County,Sloansville,12160,944,56923,0.997448110064402,0,,,0,0,0,Jim & Anne Weeks
Buffalo / Rochester / Albany,3,NY,Hamilton County,Speculator,12164,365,57083,0.9988489472416021,0,,,0,0,0,Jim & Anne Weeks
Buffalo / Rochester / Albany,3,NY,Columbia County,Spencertown,12165,175,56111,0.9903083156587674,0,,,0,0,0,Jim & Anne Weeks
Buffalo / Rochester / Albany,3,NY,Montgomery County,Sprakers,12166,1363,55341,0.9834899418538035,0,,,0,0,0,Jim & Anne Weeks
Buffalo / Rochester / Albany,3,NY,Delaware County,Stamford,12167,2438,49605,0.9311274896338593,0,,,0,0,0,Jim & Anne Weeks
Buffalo / Rochester / Albany,3,NY,Rensselaer County,Stephentown,12168,1952,59688,1.0213860805621031,0,,,0,0,0,Jim & Anne Weeks
Buffalo / Rochester / Albany,3,NY,Rensselaer County,Stephentown,12169,306,45000,0.8868551215440308,0,,,0,0,0,Jim & Anne Weeks
Buffalo / Rochester / Albany,3,NY,Columbia County,Stuyvesant,12173,1753,68137,1.0912843462260327,0,,,0,0,0,Jim & Anne Weeks
Buffalo / Rochester / Albany,3,NY,Schoharie County,Summit,12175,797,51094,0.9449990530938699,0,,,0,0,0,Jim & Anne Weeks
Buffalo / Rochester / Albany,3,NY,Greene County,Surprise,12176,198,73750,1.1353439076372382,0,,,0,0,0,Jim & Anne Weeks
Buffalo / Rochester / Albany,3,NY,Albany County,Troy,12183,2620,52292,0.956013549992205,0,,,0,0,0,Jim & Anne Weeks
Buffalo / Rochester / Albany,3,NY,Rensselaer County,Valley Falls,12185,2037,73684,1.134835775637148,0,,,0,0,0,Jim & Anne Weeks
Buffalo / Rochester / Albany,3,NY,Schoharie County,Warnerville,12187,697,67500,1.086171261778416,0,,,0,0,0,Jim & Anne Weeks
Buffalo / Rochester / Albany,3,NY,Hamilton County,Wells,12190,674,40208,0.8383061594234696,0,,,0,0,0,Jim & Anne Weeks
Buffalo / Rochester / Albany,3,NY,Greene County,West Coxsackie,12192,1722,55167,0.9819426082866095,0,,,0,0,0,Jim & Anne Weeks
Buffalo / Rochester / Albany,3,NY,Albany County,Westerlo,12193,2016,72396,1.1248735556640854,0,,,0,0,0,Jim & Anne Weeks
Buffalo / Rochester / Albany,3,NY,Schoharie County,West Fulton,12194,207,41875,0.8555075202831585,0,,,0,0,0,Jim & Anne Weeks
Buffalo / Rochester / Albany,3,NY,Rensselaer County,West Sand Lake,12196,3031,92521,1.2716470279257697,0,,,0,0,0,Jim & Anne Weeks
Buffalo / Rochester / Albany,3,NY,Otsego County,Worcester,12197,2233,50897,0.9431755062361528,0,,,0,0,0,Jim & Anne Weeks
Buffalo / Rochester / Albany,3,NY,Albany County,Albany,12207,1948,11879,0.5,0,2,2,0,0,0,Jim & Anne Weeks
Buffalo / Rochester / Albany,3,NY,Schenectady County,Schenectady,12305,5716,28156,0.7015068235682951,0,3,3,0,0,0,Jim & Anne Weeks
Buffalo / Rochester / Albany,3,NY,Schenectady County,Schenectady,12307,7692,21875,0.6183301912690913,0,,,0,0,0,Jim & Anne Weeks
Buffalo / Rochester / Albany,3,NY,Ulster County,Accord,12404,3385,67639,1.0872890407391718,0,,,0,0,0,Jim & Anne Weeks
Buffalo / Rochester / Albany,3,NY,Greene County,Acra,12405,780,46019,0.8968400827613698,0,,,0,0,0,Jim & Anne Weeks
Buffalo / Rochester / Albany,3,NY,Delaware County,Arkville,12406,823,40750,0.8439373893221089,0,,,0,0,0,Jim & Anne Weeks
Buffalo / Rochester / Albany,3,NY,Greene County,Ashland,12407,173,28750,0.708867958085366,0,,,0,0,0,Jim & Anne Weeks
Buffalo / Rochester / Albany,3,NY,Ulster County,Bearsville,12409,804,53750,0.9692496565812267,0,,,0,0,0,Jim & Anne Weeks
Buffalo / Rochester / Albany,3,NY,Ulster County,Big Indian,12410,397,60469,1.0280466324013844,0,,,0,0,0,Jim & Anne Weeks
Buffalo / Rochester / Albany,3,NY,Ulster County,Bloomington,12411,497,63618,1.0544753391188706,0,,,0,0,0,Jim & Anne Weeks
Buffalo / Rochester / Albany,3,NY,Ulster County,Boiceville,12412,673,52250,0.9556295463702781,0,,,0,0,0,Jim & Anne Weeks
Buffalo / Rochester / Albany,3,NY,Greene County,Cairo,12413,2948,43370,0.8706450447369725,0,,,0,0,0,Jim & Anne Weeks
Buffalo / Rochester / Albany,3,NY,Ulster County,Chichester,12416,277,33295,0.762844344979769,0,,,0,0,0,Jim & Anne Weeks
Buffalo / Rochester / Albany,3,NY,Greene County,Cornwallville,12418,537,63958,1.0572893530017704,0,,,0,0,0,Jim & Anne Weeks
Buffalo / Rochester / Albany,3,NY,Ulster County,Cottekill,12419,722,48807,0.9236075586351535,0,,,0,0,0,Jim & Anne Weeks
Buffalo / Rochester / Albany,3,NY,Delaware County,Denver,12421,470,58315,1.0095702899462469,0,,,0,0,0,Jim & Anne Weeks
Buffalo / Rochester / Albany,3,NY,Greene County,Durham,12422,339,30208,0.7266201008878325,0,,,0,0,0,Jim & Anne Weeks
Buffalo / Rochester / Albany,3,NY,Greene County,East Durham,12423,1097,48813,0.9236643279003127,0,,,0,0,0,Jim & Anne Weeks
Buffalo / Rochester / Albany,3,NY,Greene County,East Jewett,12424,250,34844,0.7803877150106538,0,,,0,0,0,Jim & Anne Weeks
Buffalo / Rochester / Albany,3,NY,Greene County,Elka Park,12427,576,110292,1.3884122205111078,0,,,0,0,0,Jim & Anne Weeks
Buffalo / Rochester / Albany,3,NY,Delaware County,Fleischmanns,12430,1194,48333,0.9191117066122639,0,,,0,0,0,Jim & Anne Weeks
Buffalo / Rochester / Albany,3,NY,Greene County,Freehold,12431,1381,56842,0.9967381856130282,0,,,0,0,0,Jim & Anne Weeks
Buffalo / Rochester / Albany,3,NY,Ulster County,Glenford,12433,483,64063,1.0581568743116445,0,,,0,0,0,Jim & Anne Weeks
Buffalo / Rochester / Albany,3,NY,Delaware County,Grand Gorge,12434,751,32857,0.7578100759006967,0,,,0,0,0,Jim & Anne Weeks
Buffalo / Rochester / Albany,3,NY,Ulster County,Greenfield Park,12435,326,62727,1.0470650901825547,0,,,0,0,0,Jim & Anne Weeks
Buffalo / Rochester / Albany,3,NY,Greene County,Hensonville,12439,305,39167,0.8273829660488399,0,,,0,0,0,Jim & Anne Weeks
Buffalo / Rochester / Albany,3,NY,Ulster County,High Falls,12440,1980,64482,1.0616116386592356,0,,,0,0,0,Jim & Anne Weeks
Buffalo / Rochester / Albany,3,NY,Greene County,Hunter,12442,953,36164,0.7950320777176708,0,,,0,0,0,Jim & Anne Weeks
Buffalo / Rochester / Albany,3,NY,Ulster County,Hurley,12443,3825,76814,1.1586882744020337,0,,,0,0,0,Jim & Anne Weeks
Buffalo / Rochester / Albany,3,NY,Greene County,Jewett,12444,497,28365,0.7041056276102773,0,,,0,0,0,Jim & Anne Weeks
Buffalo / Rochester / Albany,3,NY,Ulster County,Kerhonkson,12446,5061,51696,0.9505498373006428,0,,,0,0,0,Jim & Anne Weeks
Buffalo / Rochester / Albany,3,NY,Ulster County,Lake Hill,12448,388,61310,1.035170958775949,0,,,0,0,0,Jim & Anne Weeks
Buffalo / Rochester / Albany,3,NY,Ulster County,Lake Katrine,12449,3367,50236,0.9370309749890706,0,2,2,0,0,0,Jim & Anne Weeks
Buffalo / Rochester / Albany,3,NY,Greene County,Lanesville,12450,183,22200,0.6229065659688026,0,,,0,0,0,Jim & Anne Weeks
Buffalo / Rochester / Albany,3,NY,Greene County,Leeds,12451,1674,60665,1.0297114038077482,0,,,0,0,0,Jim & Anne Weeks
Buffalo / Rochester / Albany,3,NY,Greene County,Maplecrest,12454,297,73125,1.1305228926206785,0,,,0,0,0,Jim & Anne Weeks
Buffalo / Rochester / Albany,3,NY,Delaware County,Margaretville,12455,1988,47519,0.9113392348266277,0,,,0,0,0,Jim & Anne Weeks
Buffalo / Rochester / Albany,3,NY,Ulster County,Mount Marion,12456,639,48993,0.9253657864120393,0,,,0,0,0,Jim & Anne Weeks
Buffalo / Rochester / Albany,3,NY,Ulster County,Mount Tremper,12457,763,53594,0.9678420955024543,0,,,0,0,0,Jim & Anne Weeks
Buffalo / Rochester / Albany,3,NY,Ulster County,Napanoch,12458,3232,52442,0.957383734172142,0,,,0,0,0,Jim & Anne Weeks
Buffalo / Rochester / Albany,3,NY,Greene County,Oak Hill,12460,277,52237,0.9555106568302503,0,,,0,0,0,Jim & Anne Weeks
Buffalo / Rochester / Albany,3,NY,Ulster County,Olivebridge,12461,1634,61793,1.0392404964351223,0,,,0,0,0,Jim & Anne Weeks
Buffalo / Rochester / Albany,3,NY,Greene County,Palenville,12463,1484,44938,0.8862439663231657,0,,,0,0,0,Jim & Anne Weeks
Buffalo / Rochester / Albany,3,NY,Ulster County,Phoenicia,12464,1020,49911,0.9339950126188004,0,,,0,0,0,Jim & Anne Weeks
Buffalo / Rochester / Albany,3,NY,Ulster County,Pine Hill,12465,266,50833,0.9425823256936124,0,,,0,0,0,Jim & Anne Weeks
Buffalo / Rochester / Albany,3,NY,Ulster County,Port Ewen,12466,2471,59873,1.022967723740787,0,,,0,0,0,Jim & Anne Weeks
Buffalo / Rochester / Albany,3,NY,Greene County,Prattsville,12468,1036,41696,0.8536770743549311,0,,,0,0,0,Jim & Anne Weeks
Buffalo / Rochester / Albany,3,NY,Albany County,Preston Hollow,12469,677,51324,0.9471236247736151,0,,,0,0,0,Jim & Anne Weeks
Buffalo / Rochester / Albany,3,NY,Greene County,Purling,12470,536,24722,0.657337218166084,0,,,0,0,0,Jim & Anne Weeks
Buffalo / Rochester / Albany,3,NY,Ulster County,Rosendale,12472,1572,41224,0.8488314969604374,0,,,0,0,0,Jim & Anne Weeks
Buffalo / Rochester / Albany,3,NY,Greene County,Round Top,12473,861,71702,1.1194689603941657,0,,,0,0,0,Jim & Anne Weeks
Buffalo / Rochester / Albany,3,NY,Delaware County,Roxbury,12474,1162,51750,0.95104616481021,0,,,0,0,0,Jim & Anne Weeks
Buffalo / Rochester / Albany,3,NY,Ulster County,Shandaken,12480,634,23125,0.6357513516886979,0,,,0,0,0,Jim & Anne Weeks
Buffalo / Rochester / Albany,3,NY,Ulster County,Shokan,12481,1356,54362,0.9747519992658167,0,,,0,0,0,Jim & Anne Weeks
Buffalo / Rochester / Albany,3,NY,Greene County,South Cairo,12482,680,29750,0.721090720084113,0,,,0,0,0,Jim & Anne Weeks
Buffalo / Rochester / Albany,3,NY,Ulster County,Stone Ridge,12484,2733,84241,1.2134117002964864,0,,,0,0,0,Jim & Anne Weeks
Buffalo / Rochester / Albany,3,NY,Greene County,Tannersville,12485,865,41591,0.8526015204051112,0,,,0,0,0,Jim & Anne Weeks
Buffalo / Rochester / Albany,3,NY,Ulster County,Tillson,12486,1523,72135,1.1228440437540872,0,,,0,0,0,Jim & Anne Weeks
Buffalo / Rochester / Albany,3,NY,Ulster County,Ulster Park,12487,3268,67350,1.0849637335987872,0,,,0,0,0,Jim & Anne Weeks
Buffalo / Rochester / Albany,3,NY,Ulster County,West Hurley,12491,1675,61667,1.038180415829645,0,,,0,0,0,Jim & Anne Weeks
Buffalo / Rochester / Albany,3,NY,Greene County,West Kill,12492,271,52212,0.9552819815119479,0,,,0,0,0,Jim & Anne Weeks
Buffalo / Rochester / Albany,3,NY,Ulster County,West Shokan,12494,764,66875,1.081130996708423,0,,,0,0,0,Jim & Anne Weeks
Buffalo / Rochester / Albany,3,NY,Ulster County,Willow,12495,265,50156,0.9362845745400613,0,,,0,0,0,Jim & Anne Weeks
Buffalo / Rochester / Albany,3,NY,Greene County,Windham,12496,1634,50536,0.9398246971996218,0,,,0,0,0,Jim & Anne Weeks
Buffalo / Rochester / Albany,3,NY,Genesee County,Alexander,14005,1986,57409,1.0016970909124292,0,,,0,0,0,Jim & Anne Weeks
Buffalo / Rochester / Albany,3,NY,Niagara County,Appleton,14008,1467,46889,0.9052778760368879,0,,,0,0,0,Jim & Anne Weeks
Buffalo / Rochester / Albany,3,NY,Niagara County,Barker,14012,2362,52188,0.9550624016948851,0,,,0,0,0,Jim & Anne Weeks
Buffalo / Rochester / Albany,3,NY,Genesee County,Basom,14013,1751,42663,0.8635194360285064,0,,,0,0,0,Jim & Anne Weeks
Buffalo / Rochester / Albany,3,NY,Wyoming County,Bliss,14024,1688,50577,0.9402058611254263,0,,,0,0,0,Jim & Anne Weeks
Buffalo / Rochester / Albany,3,NY,Erie County,Boston,14025,3039,67326,1.0847704043503532,0,,,0,0,0,Jim & Anne Weeks
Buffalo / Rochester / Albany,3,NY,Erie County,Bowmansville,14026,674,64792,1.0641604508531846,0,,,0,0,0,Jim & Anne Weeks
Buffalo / Rochester / Albany,3,NY,Niagara County,Burt,14028,1595,53750,0.9692496565812267,0,,,0,0,0,Jim & Anne Weeks
Buffalo / Rochester / Albany,3,NY,Erie County,Chaffee,14030,1807,66750,1.080120121315141,0,,,0,0,0,Jim & Anne Weeks
Buffalo / Rochester / Albany,3,NY,Erie County,Colden,14033,2219,81979,1.1970098652688166,0,,,0,0,0,Jim & Anne Weeks
Buffalo / Rochester / Albany,3,NY,Erie County,Collins,14034,2742,58224,1.008782270008915,0,,,0,0,0,Jim & Anne Weeks
Buffalo / Rochester / Albany,3,NY,Genesee County,Corfu,14036,5201,49276,0.9280345496161834,0,,,0,0,0,Jim & Anne Weeks
Buffalo / Rochester / Albany,3,NY,Wyoming County,Cowlesville,14037,1166,74063,1.1377505950629396,0,,,0,0,0,Jim & Anne Weeks
Buffalo / Rochester / Albany,3,NY,Wyoming County,Dale,14039,101,44583,0.8827364623795155,0,,,0,0,0,Jim & Anne Weeks
Buffalo / Rochester / Albany,3,NY,Genesee County,Darien Center,14040,2217,59716,1.0216256216513815,0,,,0,0,0,Jim & Anne Weeks
Buffalo / Rochester / Albany,3,NY,Cattaraugus County,Dayton,14041,237,40000,0.8361350271650719,0,,,0,0,0,Jim & Anne Weeks
Buffalo / Rochester / Albany,3,NY,Cattaraugus County,Delevan,14042,3969,32740,0.7564596353536893,0,,,0,0,0,Jim & Anne Weeks
Buffalo / Rochester / Albany,3,NY,Genesee County,East Bethany,14054,1344,48250,0.9183221937482671,0,,,0,0,0,Jim & Anne Weeks
Buffalo / Rochester / Albany,3,NY,Erie County,East Concord,14055,1405,50673,0.9410977385879588,0,,,0,0,0,Jim & Anne Weeks
Buffalo / Rochester / Albany,3,NY,Genesee County,Elba,14058,2285,67069,1.0826980062300209,0,,,0,0,0,Jim & Anne Weeks
Buffalo / Rochester / Albany,3,NY,Cattaraugus County,Farmersville Station,14060,443,46842,0.9048240518167427,0,,,0,0,0,Jim & Anne Weeks
Buffalo / Rochester / Albany,3,NY,Chautauqua County,Forestville,14062,3329,50745,0.9417660923955291,0,,,0,0,0,Jim & Anne Weeks
Buffalo / Rochester / Albany,3,NY,Cattaraugus County,Freedom,14065,1896,40848,0.8449515758111615,0,,,0,0,0,Jim & Anne Weeks
Buffalo / Rochester / Albany,3,NY,Wyoming County,Gainesville,14066,1318,46060,0.8972395075316648,0,,,0,0,0,Jim & Anne Weeks
Buffalo / Rochester / Albany,3,NY,Niagara County,Gasport,14067,5040,53009,0.9625454097031819,0,,,0,0,0,Jim & Anne Weeks
Buffalo / Rochester / Albany,3,NY,Erie County,Glenwood,14069,844,62768,1.0474072287831724,0,,,0,0,0,Jim & Anne Weeks
Buffalo / Rochester / Albany,3,NY,Erie County,Holland,14080,4330,61569,1.0373551597414774,0,,,0,0,0,Jim & Anne Weeks
Buffalo / Rochester / Albany,3,NY,Chautauqua County,Irving,14081,3095,52583,0.9586699216856494,0,,,0,0,0,Jim & Anne Weeks
Buffalo / Rochester / Albany,3,NY,Wyoming County,Java Center,14082,426,45104,0.8878793404772822,0,,,0,0,0,Jim & Anne Weeks
Buffalo / Rochester / Albany,3,NY,Erie County,Lawtons,14091,1079,48750,0.9230680764853066,0,,,0,0,0,Jim & Anne Weeks
Buffalo / Rochester / Albany,3,NY,Orleans County,Lyndonville,14098,2958,54543,0.9763733845940975,0,,,0,0,0,Jim & Anne Weeks
Buffalo / Rochester / Albany,3,NY,Cattaraugus County,Machias,14101,1905,51250,0.9464405873083397,0,,,0,0,0,Jim & Anne Weeks
Buffalo / Rochester / Albany,3,NY,Erie County,Marilla,14102,1281,89722,1.2522639964565663,0,,,0,0,0,Jim & Anne Weeks
Buffalo / Rochester / Albany,3,NY,Niagara County,Middleport,14105,4566,56474,0.993506462107595,0,,,0,0,0,Jim & Anne Weeks
Buffalo / Rochester / Albany,3,NY,Erie County,North Collins,14111,3352,56413,0.992969752575314,0,,,0,0,0,Jim & Anne Weeks
Buffalo / Rochester / Albany,3,NY,Wyoming County,North Java,14113,703,47500,0.9111570216417961,0,,,0,0,0,Jim & Anne Weeks
Buffalo / Rochester / Albany,3,NY,Genesee County,Oakfield,14125,3782,49356,0.928787580046491,0,,,0,0,0,Jim & Anne Weeks
Buffalo / Rochester / Albany,3,NY,Cattaraugus County,Perrysburg,14129,1591,50417,0.9387175156350258,0,,,0,0,0,Jim & Anne Weeks
Buffalo / Rochester / Albany,3,NY,Erie County,Sardinia,14134,104,56786,0.9962470778687575,0,,,0,0,0,Jim & Anne Weeks
Buffalo / Rochester / Albany,3,NY,Chautauqua County,Silver Creek,14136,5033,43914,0.8760883803491042,0,,,0,0,0,Jim & Anne Weeks
Buffalo / Rochester / Albany,3,NY,Cattaraugus County,South Dayton,14138,2018,46250,0.8990881838551839,0,,,0,0,0,Jim & Anne Weeks
Buffalo / Rochester / Albany,3,NY,Erie County,South Wales,14139,2125,54593,0.976820806685289,0,,,0,0,0,Jim & Anne Weeks
Buffalo / Rochester / Albany,3,NY,Genesee County,Stafford,14143,1214,53185,0.9641420028132457,0,,,0,0,0,Jim & Anne Weeks
Buffalo / Rochester / Albany,3,NY,Wyoming County,Strykersville,14145,1618,56938,0.9975795221133587,0,,,0,0,0,Jim & Anne Weeks
Buffalo / Rochester / Albany,3,NY,Wyoming County,Varysburg,14167,1663,52888,0.9614462139636923,0,,,0,0,0,Jim & Anne Weeks
Buffalo / Rochester / Albany,3,NY,Erie County,West Falls,14170,2286,62396,1.0442988414813443,0,,,0,0,0,Jim & Anne Weeks
Buffalo / Rochester / Albany,3,NY,Cattaraugus County,West Valley,14171,2077,43793,0.8748805671559794,0,,,0,0,0,Jim & Anne Weeks
Buffalo / Rochester / Albany,3,NY,Niagara County,Wilson,14172,3200,58750,1.0133287323170936,0,,,0,0,0,Jim & Anne Weeks
Buffalo / Rochester / Albany,3,NY,Erie County,Buffalo,14202,3911,40525,0.8416042758106522,0,,,0,0,0,Jim & Anne Weeks
Buffalo / Rochester / Albany,3,NY,Niagara County,Niagara Falls,14303,5981,27567,0.694130575071145,0,,,0,0,0,Jim & Anne Weeks
Buffalo / Rochester / Albany,3,NY,Yates County,Bellona,14415,132,31765,0.745110788032834,0,,,0,0,0,Jim & Anne Weeks
Buffalo / Rochester / Albany,3,NY,Genesee County,Bergen,14416,3817,58750,1.0133287323170936,0,,,0,0,0,Jim & Anne Weeks
Buffalo / Rochester / Albany,3,NY,Yates County,Branchport,14418,1325,50156,0.9362845745400613,0,,,0,0,0,Jim & Anne Weeks
Buffalo / Rochester / Albany,3,NY,Genesee County,Byron,14422,2468,64286,1.059996969145125,0,,,0,0,0,Jim & Anne Weeks
Buffalo / Rochester / Albany,3,NY,Livingston County,Caledonia,14423,4799,54665,0.9774647347008858,0,,,0,0,0,Jim & Anne Weeks
Buffalo / Rochester / Albany,3,NY,Wyoming County,Castile,14427,1964,49922,0.9340979296022968,0,,,0,0,0,Jim & Anne Weeks
Buffalo / Rochester / Albany,3,NY,Wayne County,Clyde,14433,4629,44688,0.8837753428877665,0,,,0,0,0,Jim & Anne Weeks
Buffalo / Rochester / Albany,3,NY,Livingston County,Conesus,14435,2941,63250,1.0514210956606567,0,,,0,0,0,Jim & Anne Weeks
Buffalo / Rochester / Albany,3,NY,Yates County,Dresden,14441,325,45313,0.8899340619202959,0,,,0,0,0,Jim & Anne Weeks
Buffalo / Rochester / Albany,3,NY,Livingston County,Groveland,14462,655,50677,0.9411348818069253,0,,,0,0,0,Jim & Anne Weeks
Buffalo / Rochester / Albany,3,NY,Ontario County,Hemlock,14466,1719,67365,1.0850845468872412,0,,,0,0,0,Jim & Anne Weeks
Buffalo / Rochester / Albany,3,NY,Ontario County,Honeoye,14471,2672,53939,0.9709522373477406,0,,,0,0,0,Jim & Anne Weeks
Buffalo / Rochester / Albany,3,NY,Ontario County,Ionia,14475,234,72708,1.1272948443707398,0,,,0,0,0,Jim & Anne Weeks
Buffalo / Rochester / Albany,3,NY,Orleans County,Kendall,14476,2288,59179,1.0170217307752274,0,,,0,0,0,Jim & Anne Weeks
Buffalo / Rochester / Albany,3,NY,Orleans County,Kent,14477,1732,54375,0.9748685422416674,0,,,0,0,0,Jim & Anne Weeks
Buffalo / Rochester / Albany,3,NY,Yates County,Keuka Park,14478,1595,49417,0.9293613557538782,0,,,0,0,0,Jim & Anne Weeks
Buffalo / Rochester / Albany,3,NY,Orleans County,Knowlesville,14479,275,47143,0.9077265315986149,0,,,0,0,0,Jim & Anne Weeks
Buffalo / Rochester / Albany,3,NY,Livingston County,Lakeville,14480,833,45865,0.8953382127332438,0,,,0,0,0,Jim & Anne Weeks
Buffalo / Rochester / Albany,3,NY,Livingston County,Leicester,14481,1820,57071,0.9987439526077547,0,,,0,0,0,Jim & Anne Weeks
Buffalo / Rochester / Albany,3,NY,Livingston County,Lima,14485,4267,44316,0.8800892137212127,0,,,0,0,0,Jim & Anne Weeks
Buffalo / Rochester / Albany,3,NY,Livingston County,Linwood,14486,308,51250,0.9464405873083397,0,,,0,0,0,Jim & Anne Weeks
Buffalo / Rochester / Albany,3,NY,Ontario County,Manchester,14504,1701,52566,0.9585149409303523,0,,,0,0,0,Jim & Anne Weeks
Buffalo / Rochester / Albany,3,NY,Monroe County,Mendon,14506,1325,96538,1.298959379178475,0,,,0,0,0,Jim & Anne Weeks
Buffalo / Rochester / Albany,3,NY,Yates County,Middlesex,14507,1351,55625,0.9860102587658656,0,,,0,0,0,Jim & Anne Weeks
Buffalo / Rochester / Albany,3,NY,Livingston County,Mount Morris,14510,4895,43750,0.8744509425174988,0,,,0,0,0,Jim & Anne Weeks
Buffalo / Rochester / Albany,3,NY,Ontario County,Naples,14512,4721,50682,0.9411813087692996,0,,,0,0,0,Jim & Anne Weeks
Buffalo / Rochester / Albany,3,NY,Wayne County,North Rose,14516,2365,54779,0.9784834207421617,0,,,0,0,0,Jim & Anne Weeks
Buffalo / Rochester / Albany,3,NY,Livingston County,Nunda,14517,2883,39970,0.8358214177170841,0,,,0,0,0,Jim & Anne Weeks
Buffalo / Rochester / Albany,3,NY,Seneca County,Ovid,14521,2761,44907,0.8859382306131087,0,,,0,0,0,Jim & Anne Weeks
Buffalo / Rochester / Albany,3,NY,Genesee County,Pavilion,14525,2865,63179,1.050830804285006,0,,,0,0,0,Jim & Anne Weeks
Buffalo / Rochester / Albany,3,NY,Ontario County,Phelps,14532,4431,52500,0.9579130132969749,0,,,0,0,0,Jim & Anne Weeks
Buffalo / Rochester / Albany,3,NY,Livingston County,Piffard,14533,2000,56058,0.9898405041720437,0,,,0,0,0,Jim & Anne Weeks
Buffalo / Rochester / Albany,3,NY,Wyoming County,Portageville,14536,687,44688,0.8837753428877665,0,,,0,0,0,Jim & Anne Weeks
Buffalo / Rochester / Albany,3,NY,Seneca County,Romulus,14541,4129,59740,1.0218308978910176,0,,,0,0,0,Jim & Anne Weeks
Buffalo / Rochester / Albany,3,NY,Monroe County,Rush,14543,3152,86875,1.2322358231563941,0,,,0,0,0,Jim & Anne Weeks
Buffalo / Rochester / Albany,3,NY,Yates County,Rushville,14544,2101,58558,1.0116715549909647,0,,,0,0,0,Jim & Anne Weeks
Buffalo / Rochester / Albany,3,NY,Livingston County,Scottsburg,14545,173,58750,1.0133287323170936,0,,,0,0,0,Jim & Anne Weeks
Buffalo / Rochester / Albany,3,NY,Monroe County,Scottsville,14546,4695,57295,1.000702036002233,0,,,0,0,0,Jim & Anne Weeks
Buffalo / Rochester / Albany,3,NY,Ontario County,Shortsville,14548,4249,62031,1.0412399262626508,0,,,0,0,0,Jim & Anne Weeks
Buffalo / Rochester / Albany,3,NY,Wyoming County,Silver Springs,14550,1537,62951,1.0489329745352916,0,,,0,0,0,Jim & Anne Weeks
Buffalo / Rochester / Albany,3,NY,Wayne County,Sodus Point,14555,974,57500,1.0024906802560472,0,,,0,0,0,Jim & Anne Weeks
Buffalo / Rochester / Albany,3,NY,Livingston County,Springwater,14560,2164,56858,0.9968784576730567,0,,,0,0,0,Jim & Anne Weeks
Buffalo / Rochester / Albany,3,NY,Ontario County,Stanley,14561,3086,60578,1.02897278158962,0,,,0,0,0,Jim & Anne Weeks
Buffalo / Rochester / Albany,3,NY,Orleans County,Waterport,14571,1176,54659,0.9774110902359996,0,,,0,0,0,Jim & Anne Weeks
Buffalo / Rochester / Albany,3,NY,Steuben County,Wayland,14572,5081,42660,0.8634890747804607,0,,,0,0,0,Jim & Anne Weeks
Buffalo / Rochester / Albany,3,NY,Ontario County,West Bloomfield,14585,120,29063,0.712716219793822,0,,,0,0,0,Jim & Anne Weeks
Buffalo / Rochester / Albany,3,NY,Wayne County,Wolcott,14590,5446,42439,0.8612495192512659,0,,,0,0,0,Jim & Anne Weeks
Buffalo / Rochester / Albany,3,NY,Wyoming County,Wyoming,14591,1748,62768,1.0474072287831724,0,,,0,0,0,Jim & Anne Weeks
Buffalo / Rochester / Albany,3,NY,Allegany County,Alma,14708,183,43333,0.870273581280718,0,,,0,0,0,Jim & Anne Weeks
Buffalo / Rochester / Albany,3,NY,Allegany County,Angelica,14709,1535,43173,0.8686654241654591,0,,,0,0,0,Jim & Anne Weeks
Buffalo / Rochester / Albany,3,NY,Chautauqua County,Ashville,14710,3540,51156,0.9455722336833776,0,,,0,0,0,Jim & Anne Weeks
Buffalo / Rochester / Albany,3,NY,Allegany County,Belfast,14711,1766,41000,0.846522195954509,0,,,0,0,0,Jim & Anne Weeks
Buffalo / Rochester / Albany,3,NY,Chautauqua County,Bemus Point,14712,3342,57931,1.0062408266509,0,,,0,0,0,Jim & Anne Weeks
Buffalo / Rochester / Albany,3,NY,Allegany County,Black Creek,14714,487,40750,0.8439373893221089,0,,,0,0,0,Jim & Anne Weeks
Buffalo / Rochester / Albany,3,NY,Allegany County,Bolivar,14715,2747,45030,0.8871506906645662,0,1,1,0,0,0,Jim & Anne Weeks
Buffalo / Rochester / Albany,3,NY,Chautauqua County,Brocton,14716,3104,35708,0.7900038077543929,0,,,0,0,0,Jim & Anne Weeks
Buffalo / Rochester / Albany,3,NY,Allegany County,Caneadea,14717,636,38333,0.8185266540062238,0,,,0,0,0,Jim & Anne Weeks
Buffalo / Rochester / Albany,3,NY,Chautauqua County,Cassadaga,14718,2163,57813,1.0052154952831318,0,,,0,0,0,Jim & Anne Weeks
Buffalo / Rochester / Albany,3,NY,Cattaraugus County,Cattaraugus,14719,3497,43036,0.8672860698936354,0,,,0,0,0,Jim & Anne Weeks
Buffalo / Rochester / Albany,3,NY,Allegany County,Ceres,14721,230,25227,0.6640170411254042,0,,,0,0,0,Jim & Anne Weeks
Buffalo / Rochester / Albany,3,NY,Chautauqua County,Cherry Creek,14723,1295,44861,0.8854843637302048,0,,,0,0,0,Jim & Anne Weeks
Buffalo / Rochester / Albany,3,NY,Chautauqua County,Clymer,14724,2540,45667,0.8934035271652335,0,,,0,0,0,Jim & Anne Weeks
Buffalo / Rochester / Albany,3,NY,Cattaraugus County,Conewango Valley,14726,2156,41336,0.849983794684536,0,,,0,0,0,Jim & Anne Weeks
Buffalo / Rochester / Albany,3,NY,Allegany County,Cuba,14727,5450,48077,0.9166743968369212,0,,,0,0,0,Jim & Anne Weeks
Buffalo / Rochester / Albany,3,NY,Chautauqua County,Dewittville,14728,1031,62736,1.0471402033540318,0,,,0,0,0,Jim & Anne Weeks
Buffalo / Rochester / Albany,3,NY,Cattaraugus County,East Otto,14729,948,52961,0.9621095153880787,0,,,0,0,0,Jim & Anne Weeks
Buffalo / Rochester / Albany,3,NY,Cattaraugus County,Ellicottville,14731,1576,54625,0.9771070493043332,0,,,0,0,0,Jim & Anne Weeks
Buffalo / Rochester / Albany,3,NY,Chautauqua County,Falconer,14733,3833,42891,0.8658237756990784,0,,,0,0,0,Jim & Anne Weeks
Buffalo / Rochester / Albany,3,NY,Allegany County,Fillmore,14735,2751,38278,0.8179392342137053,0,,,0,0,0,Jim & Anne Weeks
Buffalo / Rochester / Albany,3,NY,Chautauqua County,Findley Lake,14736,282,34107,0.7720904525220832,0,,,0,0,0,Jim & Anne Weeks
Buffalo / Rochester / Albany,3,NY,Cattaraugus County,Franklinville,14737,4252,37113,0.8053959702638375,0,,,0,0,0,Jim & Anne Weeks
Buffalo / Rochester / Albany,3,NY,Chautauqua County,Frewsburg,14738,3651,47956,0.915520128899843,0,,,0,0,0,Jim & Anne Weeks
Buffalo / Rochester / Albany,3,NY,Allegany County,Friendship,14739,2903,38872,0.8242612142721139,0,,,0,0,0,Jim & Anne Weeks
Buffalo / Rochester / Albany,3,NY,Chautauqua County,Gerry,14740,1431,49345,0.9286840745690175,0,,,0,0,0,Jim & Anne Weeks
Buffalo / Rochester / Albany,3,NY,Cattaraugus County,Great Valley,14741,1873,55966,0.9890279286234365,0,,,0,0,0,Jim & Anne Weeks
Buffalo / Rochester / Albany,3,NY,Cattaraugus County,Hinsdale,14743,1783,42799,0.8648946932797124,0,,,0,0,0,Jim & Anne Weeks
Buffalo / Rochester / Albany,3,NY,Allegany County,Houghton,14744,2094,50298,0.9376090266489703,0,,,0,0,0,Jim & Anne Weeks
Buffalo / Rochester / Albany,3,NY,Chautauqua County,Kennedy,14747,2289,43482,0.8717685099378569,0,,,0,0,0,Jim & Anne Weeks
Buffalo / Rochester / Albany,3,NY,Cattaraugus County,Kill Buck,14748,746,31667,0.7439605084095275,0,,,0,0,0,Jim & Anne Weeks
Buffalo / Rochester / Albany,3,NY,Chautauqua County,Lakewood,14750,4426,53176,0.9640604229960977,0,,,0,0,0,Jim & Anne Weeks
Buffalo / Rochester / Albany,3,NY,Cattaraugus County,Limestone,14753,1166,32708,0.7560898640323879,0,,,0,0,0,Jim & Anne Weeks
Buffalo / Rochester / Albany,3,NY,Allegany County,Little Genesee,14754,667,43750,0.8744509425174988,0,,,0,0,0,Jim & Anne Weeks
Buffalo / Rochester / Albany,3,NY,Cattaraugus County,Little Valley,14755,2916,46037,0.8970154618790382,0,,,0,0,0,Jim & Anne Weeks
Buffalo / Rochester / Albany,3,NY,Chautauqua County,Mayville,14757,3487,44698,0.8838742202046072,0,,,0,0,0,Jim & Anne Weeks
Buffalo / Rochester / Albany,3,NY,Chautauqua County,Panama,14767,2088,42986,0.8667821091842992,0,,,0,0,0,Jim & Anne Weeks
Buffalo / Rochester / Albany,3,NY,Chautauqua County,Portland,14769,919,48977,0.9252146723590753,0,,,0,0,0,Jim & Anne Weeks
Buffalo / Rochester / Albany,3,NY,Cattaraugus County,Portville,14770,2963,50816,0.9424246993537081,0,,,0,0,0,Jim & Anne Weeks
Buffalo / Rochester / Albany,3,NY,Cattaraugus County,Randolph,14772,4255,43494,0.8718887953485622,0,,,0,0,0,Jim & Anne Weeks
Buffalo / Rochester / Albany,3,NY,Chautauqua County,Ripley,14775,2537,40769,0.8441341125336966,0,,,0,0,0,Jim & Anne Weeks
Buffalo / Rochester / Albany,3,NY,Allegany County,Rushford,14777,667,47917,0.9151477818810053,0,,,0,0,0,Jim & Anne Weeks
Buffalo / Rochester / Albany,3,NY,Chautauqua County,Sherman,14781,2225,48452,0.9202424770342185,0,,,0,0,0,Jim & Anne Weeks
Buffalo / Rochester / Albany,3,NY,Chautauqua County,Sinclairville,14782,2401,44926,0.8861256295295384,0,,,0,0,0,Jim & Anne Weeks
Buffalo / Rochester / Albany,3,NY,Chautauqua County,Stockton,14784,1033,29583,0.7190639701338651,0,,,0,0,0,Jim & Anne Weeks
Buffalo / Rochester / Albany,3,NY,Chautauqua County,Westfield,14787,5121,42455,0.8614118545295262,0,,,0,0,0,Jim & Anne Weeks
Mississippi / Alabama,3,AL,Shelby County,Birmingham,35242,49545,83616,1.208902054157756,6,33,14,0,6,21000,Taylor Bates
Mississippi / Alabama,3,AL,Madison County,Madison,35758,41875,90256,1.2559850288252363,5,10,6,0,5,17500,Taylor Bates
Mississippi / Alabama,3,AL,Montgomery County,Montgomery,36117,50268,62260,1.0431601297283464,5,10,5,0,5,17500,Taylor Bates
Mississippi / Alabama,3,AL,Mobile County,Mobile,36695,45118,67911,1.0894730314424237,5,8,3,0,5,17500,Taylor Bates
Mississippi / Alabama,3,AL,Jefferson County,Birmingham,35215,46951,41762,0.8543524437971843,4,,,0,4,14000,Taylor Bates
Mississippi / Alabama,3,AL,Jefferson County,Birmingham,35226,31471,83644,1.209104446189575,4,3,2,0,4,14000,Taylor Bates
Mississippi / Alabama,3,AL,Montgomery County,Montgomery,36116,43790,42861,0.8655209236223402,4,1,1,0,4,14000,Taylor Bates
Mississippi / Alabama,3,MS,DeSoto County,Olive Branch,38654,45956,68998,1.0981576028563005,5,1,1,1,4,14000,Taylor Bates
Mississippi / Alabama,3,MS,Rankin County,Brandon,39042,34198,61696,1.0384244985098157,4,2,1,0,4,14000,Taylor Bates
Mississippi / Alabama,3,MS,Rankin County,Brandon,39047,34539,74353,1.1399758986476656,4,,,0,4,14000,Taylor Bates
Mississippi / Alabama,3,MS,Madison County,Madison,39110,36143,97322,1.3042232384508854,5,7,6,1,4,14000,Taylor Bates
Mississippi / Alabama,3,MS,Lamar County,Hattiesburg,39402,37492,54592,0.9768118602518643,4,12,5,0,4,14000,Taylor Bates
Mississippi / Alabama,3,MS,Harrison County,Gulfport,39503,45309,46853,0.9049302863959034,4,3,3,0,4,14000,Taylor Bates
Mississippi / Alabama,3,MS,Jackson County,Ocean Springs,39564,36952,59528,1.020016195180942,4,9,5,0,4,14000,Taylor Bates
Mississippi / Alabama,3,AL,Shelby County,Alabaster,35007,26225,64299,1.0601041407222869,3,4,3,0,3,10500,Taylor Bates
Mississippi / Alabama,3,AL,Shelby County,Pelham,35124,23020,71871,1.1207874655000052,3,,,0,3,10500,Taylor Bates
Mississippi / Alabama,3,AL,Jefferson County,Trussville,35173,25176,76698,1.157813052294787,3,,,0,3,10500,Taylor Bates
Mississippi / Alabama,3,AL,Jefferson County,Birmingham,35216,36408,53846,0.9701148329262838,4,8,4,1,3,10500,Taylor Bates
Mississippi / Alabama,3,AL,Jefferson County,Birmingham,35244,32390,82465,1.2005527673627037,4,14,8,1,3,10500,Taylor Bates
Mississippi / Alabama,3,AL,Tuscaloosa County,Tuscaloosa,35401,39878,23372,0.6391375894031422,3,,,0,3,10500,Taylor Bates
Mississippi / Alabama,3,AL,Tuscaloosa County,Tuscaloosa,35405,37661,46433,0.9008651644437266,3,,,0,3,10500,Taylor Bates
Mississippi / Alabama,3,AL,Morgan County,Decatur,35601,34434,35087,0.7831041760680615,3,9,7,0,3,10500,Taylor Bates
Mississippi / Alabama,3,AL,Morgan County,Decatur,35603,30545,52382,0.9568358959518168,3,1,1,0,3,10500,Taylor Bates
Mississippi / Alabama,3,AL,Madison County,Huntsville,35803,25471,71904,1.1210447441085651,3,,,0,3,10500,Taylor Bates
Mississippi / Alabama,3,AL,Madison County,Huntsville,35811,25955,54949,0.9800005470650538,3,,,0,3,10500,Taylor Bates
Mississippi / Alabama,3,AL,Autauga County,Prattville,36067,26954,51204,0.9460157478886674,3,,,0,3,10500,Taylor Bates
Mississippi / Alabama,3,AL,Houston County,Dothan,36301,35759,37708,0.8118264010544722,3,10,7,0,3,10500,Taylor Bates
Mississippi / Alabama,3,AL,Coffee County,Enterprise,36330,35530,50835,0.9426008682359475,3,2,2,0,3,10500,Taylor Bates
Mississippi / Alabama,3,AL,Baldwin County,Daphne,36526,27890,64613,1.062689463191486,3,6,5,0,3,10500,Taylor Bates
Mississippi / Alabama,3,AL,Baldwin County,Fairhope,36532,27829,57584,1.0032226670813924,3,13,7,0,3,10500,Taylor Bates
Mississippi / Alabama,3,AL,Mobile County,Mobile,36608,36864,45438,0.8911606982693249,3,21,14,0,3,10500,Taylor Bates
Mississippi / Alabama,3,AL,Lee County,Auburn,36830,33201,50693,0.9412834400260084,3,9,8,0,3,10500,Taylor Bates
Mississippi / Alabama,3,MS,DeSoto County,Hernando,38632,24377,64018,1.057785166584586,3,,,0,3,10500,Taylor Bates
Mississippi / Alabama,3,MS,Lafayette County,Oxford,38655,36699,43929,0.8762379932709984,3,5,5,0,3,10500,Taylor Bates
Mississippi / Alabama,3,MS,DeSoto County,Southaven,38671,35712,50335,0.9379538232255934,3,3,2,0,3,10500,Taylor Bates
Mississippi / Alabama,3,MS,Hinds County,Clinton,39056,25621,59988,1.0239496759818851,3,3,1,0,3,10500,Taylor Bates
Mississippi / Alabama,3,MS,Warren County,Vicksburg,39180,32603,40661,0.8430152852274924,3,1,1,0,3,10500,Taylor Bates
Mississippi / Alabama,3,MS,Rankin County,Pearl,39208,31371,44150,0.8784393369529084,3,,,0,3,10500,Taylor Bates
Mississippi / Alabama,3,MS,Hinds County,Jackson,39212,33263,37678,0.8115033974736751,3,,,0,3,10500,Taylor Bates
Mississippi / Alabama,3,MS,Harrison County,Biloxi,39532,32716,55108,0.9814173838575628,3,6,3,0,3,10500,Taylor Bates
Mississippi / Alabama,3,MS,Oktibbeha County,Starkville,39759,42108,30625,0.7316181487694379,3,1,1,0,3,10500,Taylor Bates
Mississippi / Alabama,3,AL,Tallapoosa County,Alexander City,35010,20816,37380,0.8082878861043926,2,4,2,0,2,7000,Taylor Bates
Mississippi / Alabama,3,AL,Jefferson County,Bessemer,35020,27139,24570,0.6553133262863248,2,,,0,2,7000,Taylor Bates
Mississippi / Alabama,3,AL,Jefferson County,Bessemer,35022,18888,57765,1.00479811196923,2,1,1,0,2,7000,Taylor Bates
Mississippi / Alabama,3,AL,Jefferson County,Bessemer,35023,25436,46460,0.9011270452673074,2,,,0,2,7000,Taylor Bates
Mississippi / Alabama,3,AL,Shelby County,Calera,35040,14965,60838,1.0311785863011411,2,,,0,2,7000,Taylor Bates
Mississippi / Alabama,3,AL,Cullman County,Cullman,35055,19427,35726,0.7902028986716535,2,4,3,0,2,7000,Taylor Bates
Mississippi / Alabama,3,AL,Jefferson County,Gardendale,35071,15661,58875,1.0144061688067958,2,,,0,2,7000,Taylor Bates
Mississippi / Alabama,3,AL,Shelby County,Helena,35080,15881,79570,1.1792913160582539,2,,,0,2,7000,Taylor Bates
Mississippi / Alabama,3,AL,Tuscaloosa County,Mc Calla,35111,16140,79311,1.1773704576645618,2,,,0,2,7000,Taylor Bates
Mississippi / Alabama,3,AL,Jefferson County,Pinson,35126,21725,62154,1.0422717416912834,2,,,0,2,7000,Taylor Bates
Mississippi / Alabama,3,AL,Talladega County,Talladega,35160,26822,32004,0.7479086435522949,2,,,0,2,7000,Taylor Bates
Mississippi / Alabama,3,AL,Jefferson County,Birmingham,35211,26236,25729,0.6705912386020068,2,2,2,0,2,7000,Taylor Bates
Mississippi / Alabama,3,AL,Jefferson County,Birmingham,35213,13185,94504,1.2852023677448652,2,13,7,0,2,7000,Taylor Bates
Mississippi / Alabama,3,AL,Jefferson County,Birmingham,35214,19592,43263,0.8695703784937564,2,,,0,2,7000,Taylor Bates
Mississippi / Alabama,3,AL,Jefferson County,Birmingham,35243,17328,68700,1.0957835842094397,2,14,8,0,2,7000,Taylor Bates
Mississippi / Alabama,3,AL,Tuscaloosa County,Tuscaloosa,35404,21251,39024,0.825871183739461,2,2,2,0,2,7000,Taylor Bates
Mississippi / Alabama,3,AL,Tuscaloosa County,Northport,35475,14507,69924,1.1055020533688067,2,,,0,2,7000,Taylor Bates
Mississippi / Alabama,3,AL,Limestone County,Athens,35611,25251,39507,0.8309663697580189,2,1,1,0,2,7000,Taylor Bates
Mississippi / Alabama,3,AL,Limestone County,Athens,35613,20546,70542,1.1103766124878875,2,,,0,2,7000,Taylor Bates
Mississippi / Alabama,3,AL,Lauderdale County,Florence,35630,32629,31100,0.7372700908009837,2,5,1,0,2,7000,Taylor Bates
Mississippi / Alabama,3,AL,Lauderdale County,Florence,35633,20877,45877,0.8954553320604299,2,,,0,2,7000,Taylor Bates
Mississippi / Alabama,3,AL,Morgan County,Hartselle,35640,24267,50889,0.9431013790717796,2,,,0,2,7000,Taylor Bates
Mississippi / Alabama,3,AL,Colbert County,Muscle Shoals,35661,16617,48865,0.9241561821219855,2,2,1,0,2,7000,Taylor Bates
Mississippi / Alabama,3,AL,Madison County,Harvest,35749,20575,83463,1.2077955272828145,2,,,0,2,7000,Taylor Bates
Mississippi / Alabama,3,AL,Madison County,Madison,35757,12840,88578,1.2442548910126552,2,,,0,2,7000,Taylor Bates
Mississippi / Alabama,3,AL,Madison County,Owens Cross Roads,35763,14216,101759,1.333622262699206,2,,,0,2,7000,Taylor Bates
Mississippi / Alabama,3,AL,Madison County,Huntsville,35801,21509,59352,1.0185071931917493,2,19,14,0,2,7000,Taylor Bates
Mississippi / Alabama,3,AL,Madison County,Huntsville,35802,21297,62784,1.0475407159727521,2,5,3,0,2,7000,Taylor Bates
Mississippi / Alabama,3,AL,Madison County,Huntsville,35806,18951,69644,1.1032864258736628,2,,,0,2,7000,Taylor Bates
Mississippi / Alabama,3,AL,Madison County,Huntsville,35810,30617,36194,0.7953617704779479,2,,,0,2,7000,Taylor Bates
Mississippi / Alabama,3,AL,Etowah County,Gadsden,35901,20045,32213,0.7503467534545726,2,2,2,0,2,7000,Taylor Bates
Mississippi / Alabama,3,AL,Marshall County,Albertville,35950,20826,34274,0.773978359078924,2,,,0,2,7000,Taylor Bates
Mississippi / Alabama,3,AL,Autauga County,Prattville,36066,19089,63828,1.0562142917864878,2,,,0,2,7000,Taylor Bates
Mississippi / Alabama,3,AL,Elmore County,Wetumpka,36092,20274,49012,0.9255452023046777,2,,,0,2,7000,Taylor Bates
Mississippi / Alabama,3,AL,Montgomery County,Montgomery,36106,15211,58185,1.0084443586759155,2,8,5,0,2,7000,Taylor Bates
Mississippi / Alabama,3,AL,Montgomery County,Montgomery,36109,24777,50310,0.9377208664569244,2,,,0,2,7000,Taylor Bates
Mississippi / Alabama,3,AL,Calhoun County,Oxford,36203,18799,49490,0.9300475400880603,2,4,2,0,2,7000,Taylor Bates
Mississippi / Alabama,3,AL,Calhoun County,Anniston,36207,19801,44176,0.8786979559926377,2,,,0,2,7000,Taylor Bates
Mississippi / Alabama,3,AL,Calhoun County,Jacksonville,36265,21060,39753,0.8335494626225143,2,1,1,0,2,7000,Taylor Bates
Mississippi / Alabama,3,AL,Houston County,Dothan,36303,30217,38694,0.8223718486281536,2,5,4,0,2,7000,Taylor Bates
Mississippi / Alabama,3,AL,Houston County,Dothan,36305,14470,62592,1.0459377453076137,2,5,2,0,2,7000,Taylor Bates
Mississippi / Alabama,3,AL,Dale County,Ozark,36360,20157,41725,0.8539738933786809,2,,,0,2,7000,Taylor Bates
Mississippi / Alabama,3,AL,Baldwin County,Bay Minette,36507,19090,39539,0.8313028359723924,2,,,0,2,7000,Taylor Bates
Mississippi / Alabama,3,AL,Baldwin County,Foley,36535,26767,43039,0.8673162982241955,2,5,4,0,2,7000,Taylor Bates
Mississippi / Alabama,3,AL,Mobile County,Semmes,36575,18345,52738,0.9600818275836814,2,,,0,2,7000,Taylor Bates
Mississippi / Alabama,3,AL,Mobile County,Theodore,36582,24624,42956,0.866479592064489,2,,,0,2,7000,Taylor Bates
Mississippi / Alabama,3,AL,Mobile County,Mobile,36605,30111,27641,0.695061601980972,2,,,0,2,7000,Taylor Bates
Mississippi / Alabama,3,AL,Mobile County,Mobile,36606,18733,37447,0.8090119503509977,2,6,3,0,2,7000,Taylor Bates
Mississippi / Alabama,3,AL,Mobile County,Mobile,36609,25846,40817,0.8446308933986695,2,6,3,0,2,7000,Taylor Bates
Mississippi / Alabama,3,AL,Mobile County,Mobile,36618,16737,47733,0.913389020339594,2,,,0,2,7000,Taylor Bates
Mississippi / Alabama,3,AL,Mobile County,Mobile,36693,17847,55560,0.9854339944882631,2,,,0,2,7000,Taylor Bates
Mississippi / Alabama,3,AL,Dallas County,Selma,36701,24268,32136,0.7494494252358103,2,1,1,0,2,7000,Taylor Bates
Mississippi / Alabama,3,AL,Lee County,Opelika,36801,22214,37451,0.8090551575690562,2,2,2,0,2,7000,Taylor Bates
Mississippi / Alabama,3,AL,Russell County,Phenix City,36867,22210,37202,0.8063610946008337,2,,,0,2,7000,Taylor Bates
Mississippi / Alabama,3,AL,Lee County,Phenix City,36870,18783,60009,1.0241288873378318,2,,,0,2,7000,Taylor Bates
Mississippi / Alabama,3,MS,DeSoto County,Horn Lake,38637,26066,46322,0.8997877425029679,2,,,0,2,7000,Taylor Bates
Mississippi / Alabama,3,MS,Washington County,Greenville,38701,24187,28645,0.7075723194967627,2,4,3,0,2,7000,Taylor Bates
Mississippi / Alabama,3,MS,Lee County,Tupelo,38804,17285,43935,0.8762978312874762,2,2,2,0,2,7000,Taylor Bates
Mississippi / Alabama,3,MS,Alcorn County,Corinth,38834,29133,34267,0.7738993177477058,2,3,3,0,2,7000,Taylor Bates
Mississippi / Alabama,3,MS,Pontotoc County,Pontotoc,38863,19788,41305,0.8496650115451342,2,,,0,2,7000,Taylor Bates
Mississippi / Alabama,3,MS,Leflore County,Greenwood,38930,25297,26552,0.6812320015886074,2,,,0,2,7000,Taylor Bates
Mississippi / Alabama,3,MS,Madison County,Canton,39046,26398,37586,0.8105120505019756,2,,,0,2,7000,Taylor Bates
Mississippi / Alabama,3,MS,Rankin County,Florence,39073,19685,48713,0.9227177174934952,2,,,0,2,7000,Taylor Bates
Mississippi / Alabama,3,MS,Adams County,Natchez,39120,32334,27476,0.6929839487252135,2,1,1,0,2,7000,Taylor Bates
Mississippi / Alabama,3,MS,Madison County,Ridgeland,39157,24645,52146,0.9546780154891843,2,15,10,0,2,7000,Taylor Bates
Mississippi / Alabama,3,MS,Hinds County,Jackson,39206,25341,34923,0.7812718805014442,2,,,0,2,7000,Taylor Bates
Mississippi / Alabama,3,MS,Hinds County,Jackson,39209,29617,25885,0.6726211297944911,2,,,0,2,7000,Taylor Bates
Mississippi / Alabama,3,MS,Hinds County,Jackson,39211,24515,56453,0.9933217259846543,2,,,0,2,7000,Taylor Bates
Mississippi / Alabama,3,MS,Lauderdale County,Meridian,39301,27449,30821,0.7339555928996766,2,12,6,0,2,7000,Taylor Bates
Mississippi / Alabama,3,MS,Lauderdale County,Meridian,39305,20431,49664,0.9316810648407211,2,7,3,0,2,7000,Taylor Bates
Mississippi / Alabama,3,MS,Neshoba County,Philadelphia,39350,24865,37280,0.8072059850892935,2,,,0,2,7000,Taylor Bates
Mississippi / Alabama,3,MS,Forrest County,Hattiesburg,39401,43366,27342,0.6912920477016599,3,8,3,1,2,7000,Taylor Bates
Mississippi / Alabama,3,MS,Pearl River County,Carriere,39426,16301,49264,0.9279215423440802,2,,,0,2,7000,Taylor Bates
Mississippi / Alabama,3,MS,Jones County,Laurel,39440,21305,29326,0.7159337509048654,2,6,3,0,2,7000,Taylor Bates
Mississippi / Alabama,3,MS,Jones County,Laurel,39443,21939,43546,0.8724098404838835,2,,,0,2,7000,Taylor Bates
Mississippi / Alabama,3,MS,George County,Lucedale,39452,26964,47533,0.9114734738645232,2,,,0,2,7000,Taylor Bates
Mississippi / Alabama,3,MS,Forrest County,Petal,39465,21386,52021,0.9535330920762287,2,7,3,0,2,7000,Taylor Bates
Mississippi / Alabama,3,MS,Pearl River County,Picayune,39466,27738,40047,0.8366261122796295,2,2,2,0,2,7000,Taylor Bates
Mississippi / Alabama,3,MS,Jackson County,Gautier,39553,17174,44475,0.8816666224817863,2,2,2,0,2,7000,Taylor Bates
Mississippi / Alabama,3,MS,Harrison County,Long Beach,39560,16844,50177,0.9364805622425278,2,,,0,2,7000,Taylor Bates
Mississippi / Alabama,3,MS,Jackson County,Moss Point,39562,17912,46290,0.8994768947180719,2,,,0,2,7000,Taylor Bates
Mississippi / Alabama,3,MS,Jackson County,Vancleave,39565,19453,54159,0.9729303248540827,2,,,0,2,7000,Taylor Bates
Mississippi / Alabama,3,MS,Lincoln County,Brookhaven,39601,23536,33346,0.7634283692277681,2,,,0,2,7000,Taylor Bates
Mississippi / Alabama,3,MS,Pike County,Mccomb,39648,21710,34111,0.7721357257983342,2,3,1,0,2,7000,Taylor Bates
Mississippi / Alabama,3,MS,Lowndes County,Columbus,39702,22883,36598,0.7997883944848815,2,,,0,2,7000,Taylor Bates
Mississippi / Alabama,3,AL,St. Clair County,Moody,35004,10427,58832,1.0140356598245719,1,,,0,1,3500,Taylor Bates
Mississippi / Alabama,3,AL,Jefferson County,Adamsville,35005,7942,46059,0.8972297675796724,1,,,0,1,3500,Taylor Bates
Mississippi / Alabama,3,AL,Marshall County,Arab,35016,16778,42771,0.8646117309028667,1,,,0,1,3500,Taylor Bates
Mississippi / Alabama,3,AL,Blount County,Blountsville,35031,7933,32492,0.7535891618519949,1,,,0,1,3500,Taylor Bates
Mississippi / Alabama,3,AL,Shelby County,Chelsea,35043,9234,90106,1.2549409093437163,1,,,0,1,3500,Taylor Bates
Mississippi / Alabama,3,AL,Talladega County,Childersburg,35044,7713,29883,0.722700772465388,1,,,0,1,3500,Taylor Bates
Mississippi / Alabama,3,AL,Chilton County,Clanton,35045,14870,38011,0.8150815621520482,1,,,0,1,3500,Taylor Bates
Mississippi / Alabama,3,AL,Shelby County,Columbiana,35051,8787,36601,0.7998211738172967,1,,,0,1,3500,Taylor Bates
Mississippi / Alabama,3,AL,Cullman County,Cullman,35057,12630,41938,0.8561508243705026,1,,,0,1,3500,Taylor Bates
Mississippi / Alabama,3,AL,Cullman County,Cullman,35058,9936,37292,0.8073358897627879,1,4,2,0,1,3500,Taylor Bates
Mississippi / Alabama,3,AL,Jefferson County,Dora,35062,7944,51653,0.9501544281193727,1,,,0,1,3500,Taylor Bates
Mississippi / Alabama,3,AL,Jefferson County,Fairfield,35064,11458,34938,0.7814396470176903,1,,,0,1,3500,Taylor Bates
Mississippi / Alabama,3,AL,Jefferson County,Fultondale,35068,7232,46170,0.8983102575283822,1,,,0,1,3500,Taylor Bates
Mississippi / Alabama,3,AL,Cullman County,Hanceville,35077,13142,35091,0.783148812649041,1,,,0,1,3500,Taylor Bates
Mississippi / Alabama,3,AL,Blount County,Hayden,35079,8810,47599,0.9121060489338332,1,,,0,1,3500,Taylor Bates
Mississippi / Alabama,3,AL,Chilton County,Jemison,35085,8933,42779,0.8646925867448972,1,,,0,1,3500,Taylor Bates
Mississippi / Alabama,3,AL,Jefferson County,Leeds,35094,14212,51912,0.9525335956405954,1,,,0,1,3500,Taylor Bates
Mississippi / Alabama,3,AL,Talladega County,Lincoln,35096,7815,45233,0.8891481265788352,1,,,0,1,3500,Taylor Bates
Mississippi / Alabama,3,AL,Shelby County,Alabaster,35114,7172,83658,1.2092056295021445,1,,,0,1,3500,Taylor Bates
Mississippi / Alabama,3,AL,Shelby County,Montevallo,35115,14118,40032,0.8364694143118787,1,,,0,1,3500,Taylor Bates
Mississippi / Alabama,3,AL,Jefferson County,Mount Olive,35117,5367,72500,1.1256812305754496,1,,,0,1,3500,Taylor Bates
Mississippi / Alabama,3,AL,St. Clair County,Odenville,35120,13842,52939,0.9619096644796095,1,,,0,1,3500,Taylor Bates
Mississippi / Alabama,3,AL,Blount County,Oneonta,35121,15570,41418,0.8508264516826043,1,,,0,1,3500,Taylor Bates
Mississippi / Alabama,3,AL,St. Clair County,Pell City,35125,10456,38146,0.8165277025184448,1,,,0,1,3500,Taylor Bates
Mississippi / Alabama,3,AL,Jefferson County,Pleasant Grove,35127,10099,62381,1.044173309202265,1,,,0,1,3500,Taylor Bates
Mississippi / Alabama,3,AL,St. Clair County,Pell City,35128,10197,45331,0.8901108017368403,1,1,1,0,1,3500,Taylor Bates
Mississippi / Alabama,3,AL,St. Clair County,Springville,35146,10948,68036,1.0904752366808965,1,,,0,1,3500,Taylor Bates
Mississippi / Alabama,3,AL,Shelby County,Sterrett,35147,5468,74150,1.1384186428750704,1,,,0,1,3500,Taylor Bates
Mississippi / Alabama,3,AL,Talladega County,Sylacauga,35150,18472,32767,0.7567714893700753,1,1,1,0,1,3500,Taylor Bates
Mississippi / Alabama,3,AL,Talladega County,Sylacauga,35151,7632,45122,0.8880564892218383,1,,,0,1,3500,Taylor Bates
Mississippi / Alabama,3,AL,Cullman County,Vinemont,35179,8958,43252,0.8694598234900048,1,,,0,1,3500,Taylor Bates
Mississippi / Alabama,3,AL,Jefferson County,Warrior,35180,13794,52030,0.9536155724849377,1,,,0,1,3500,Taylor Bates
Mississippi / Alabama,3,AL,Jefferson County,Birmingham,35204,10337,20894,0.6043064319455796,1,,,0,1,3500,Taylor Bates
Mississippi / Alabama,3,AL,Jefferson County,Birmingham,35205,19686,32131,0.749391120018999,1,16,8,0,1,3500,Taylor Bates
Mississippi / Alabama,3,AL,Jefferson County,Birmingham,35206,17177,32001,0.7478735888948478,1,,,0,1,3500,Taylor Bates
Mississippi / Alabama,3,AL,Jefferson County,Birmingham,35207,9010,23167,0.6363284207442266,1,,,0,1,3500,Taylor Bates
Mississippi / Alabama,3,AL,Jefferson County,Birmingham,35208,14855,34720,0.7789978871667287,1,,,0,1,3500,Taylor Bates
Mississippi / Alabama,3,AL,Jefferson County,Birmingham,35209,29544,45224,0.8890596653753507,3,16,11,2,1,3500,Taylor Bates
Mississippi / Alabama,3,AL,Jefferson County,Birmingham,35212,11539,28010,0.6996856644254961,1,,,0,1,3500,Taylor Bates
Mississippi / Alabama,3,AL,Jefferson County,Birmingham,35217,13729,27013,0.6871203814070818,1,,,0,1,3500,Taylor Bates
Mississippi / Alabama,3,AL,Jefferson County,Birmingham,35222,7884,44214,0.8790758008045205,1,,,0,1,3500,Taylor Bates
Mississippi / Alabama,3,AL,Jefferson County,Birmingham,35228,10419,32013,0.748013797667901,1,,,0,1,3500,Taylor Bates
Mississippi / Alabama,3,AL,Jefferson County,Birmingham,35235,19484,49336,0.9285993796879205,2,12,6,1,1,3500,Taylor Bates
Mississippi / Alabama,3,AL,Tuscaloosa County,Cottondale,35453,11127,50338,0.9379817741498401,1,,,0,1,3500,Taylor Bates
Mississippi / Alabama,3,AL,Tuscaloosa County,Northport,35473,14909,53700,0.9687987378982595,1,11,2,0,1,3500,Taylor Bates
Mississippi / Alabama,3,AL,Hale County,Moundville,35474,6180,43432,0.8712671419775372,1,,,0,1,3500,Taylor Bates
Mississippi / Alabama,3,AL,Tuscaloosa County,Northport,35476,8106,34057,0.7715243124141907,1,,,0,1,3500,Taylor Bates
Mississippi / Alabama,3,AL,Walker County,Jasper,35501,10424,38181,0.8169022099007601,1,6,4,0,1,3500,Taylor Bates
Mississippi / Alabama,3,AL,Walker County,Jasper,35503,9068,38493,0.8202331195783512,1,,,0,1,3500,Taylor Bates
Mississippi / Alabama,3,AL,Walker County,Jasper,35504,13596,40483,0.8411680445606202,1,,,0,1,3500,Taylor Bates
Mississippi / Alabama,3,AL,Fayette County,Fayette,35555,10177,34026,0.7711730968231836,1,,,0,1,3500,Taylor Bates
Mississippi / Alabama,3,AL,Winston County,Haleyville,35565,13485,26928,0.6860384717745444,1,,,0,1,3500,Taylor Bates
Mississippi / Alabama,3,AL,Marion County,Hamilton,35570,11145,31910,0.7468094823371291,1,,,0,1,3500,Taylor Bates
Mississippi / Alabama,3,AL,Marion County,Winfield,35594,7794,35200,0.784364181751089,1,,,0,1,3500,Taylor Bates
Mississippi / Alabama,3,AL,Limestone County,Athens,35614,7456,42619,0.8630740306815935,1,,,0,1,3500,Taylor Bates
Mississippi / Alabama,3,AL,Limestone County,Elkmont,35620,8868,43605,0.8730006497156817,1,,,0,1,3500,Taylor Bates
Mississippi / Alabama,3,AL,Morgan County,Falkville,35622,7388,40603,0.8424138202456644,1,,,0,1,3500,Taylor Bates
Mississippi / Alabama,3,AL,Lauderdale County,Florence,35634,9711,56162,0.9907582653387564,1,,,0,1,3500,Taylor Bates
Mississippi / Alabama,3,AL,Lauderdale County,Killen,35645,14060,55715,0.9868076075936721,1,,,0,1,3500,Taylor Bates
Mississippi / Alabama,3,AL,Lawrence County,Moulton,35650,13971,36534,0.7990887817375868,1,1,1,0,1,3500,Taylor Bates
Mississippi / Alabama,3,AL,Lauderdale County,Rogersville,35652,8190,44880,0.8856718586801324,1,,,0,1,3500,Taylor Bates
Mississippi / Alabama,3,AL,Franklin County,Russellville,35653,11150,34217,0.7733345018688867,1,,,0,1,3500,Taylor Bates
Mississippi / Alabama,3,AL,Franklin County,Russellville,35654,8685,38032,0.8153066857916969,1,,,0,1,3500,Taylor Bates
Mississippi / Alabama,3,AL,Colbert County,Sheffield,35660,9042,34304,0.7743170162538358,1,1,1,0,1,3500,Taylor Bates
Mississippi / Alabama,3,AL,Morgan County,Somerville,35670,7676,44741,0.8842992666850564,1,,,0,1,3500,Taylor Bates
Mississippi / Alabama,3,AL,Lawrence County,Town Creek,35672,6445,42019,0.856977220048577,1,,,0,1,3500,Taylor Bates
Mississippi / Alabama,3,AL,Morgan County,Trinity,35673,8199,47339,0.9096115395639767,1,,,0,1,3500,Taylor Bates
Mississippi / Alabama,3,AL,Colbert County,Tuscumbia,35674,18475,37586,0.8105120505019756,1,,,0,1,3500,Taylor Bates
Mississippi / Alabama,3,AL,Marshall County,Grant,35747,5901,52740,0.9601000321558188,1,,,0,1,3500,Taylor Bates
Mississippi / Alabama,3,AL,Madison County,Gurley,35748,6276,62787,1.0475657429271348,1,,,0,1,3500,Taylor Bates
Mississippi / Alabama,3,AL,Madison County,Hazel Green,35750,12783,49826,0.9331993623050392,1,,,0,1,3500,Taylor Bates
Mississippi / Alabama,3,AL,Morgan County,Laceys Spring,35754,5362,51178,0.945775536844753,1,,,0,1,3500,Taylor Bates
Mississippi / Alabama,3,AL,Limestone County,Madison,35756,9016,77449,1.1634676942452005,1,,,0,1,3500,Taylor Bates
Mississippi / Alabama,3,AL,Madison County,Meridianville,35759,6406,81044,1.1901641255969686,1,,,0,1,3500,Taylor Bates
Mississippi / Alabama,3,AL,Madison County,New Market,35761,11630,54856,0.9791708809502114,1,,,0,1,3500,Taylor Bates
Mississippi / Alabama,3,AL,Jackson County,Scottsboro,35768,11581,36108,0.7944162851446106,1,,,0,1,3500,Taylor Bates
Mississippi / Alabama,3,AL,Jackson County,Scottsboro,35769,9537,49583,0.9309209875015408,1,,,0,1,3500,Taylor Bates
Mississippi / Alabama,3,AL,Madison County,Toney,35773,13018,51595,0.9496208246919169,1,,,0,1,3500,Taylor Bates
Mississippi / Alabama,3,AL,Madison County,Huntsville,35805,22498,24873,0.6593416437019685,1,,,0,1,3500,Taylor Bates
Mississippi / Alabama,3,AL,Madison County,Huntsville,35816,15228,25749,0.6708518243111512,1,,,0,1,3500,Taylor Bates
Mississippi / Alabama,3,AL,Madison County,Huntsville,35824,6070,75313,1.147311628244571,1,,,0,1,3500,Taylor Bates
Mississippi / Alabama,3,AL,Etowah County,Gadsden,35903,18088,34444,0.7758954619683158,1,2,1,0,1,3500,Taylor Bates
Mississippi / Alabama,3,AL,Etowah County,Gadsden,35904,14194,32741,0.756471187795033,1,,,0,1,3500,Taylor Bates
Mississippi / Alabama,3,AL,Etowah County,Gadsden,35905,6410,46309,0.8996614735437437,1,,,0,1,3500,Taylor Bates
Mississippi / Alabama,3,AL,Etowah County,Rainbow City,35906,9897,45111,0.8879482358552849,1,,,0,1,3500,Taylor Bates
Mississippi / Alabama,3,AL,Etowah County,Gadsden,35907,8345,70147,1.1072634708805802,1,,,0,1,3500,Taylor Bates
Mississippi / Alabama,3,AL,Marshall County,Albertville,35951,13098,37210,0.8064477907729584,1,,,0,1,3500,Taylor Bates
Mississippi / Alabama,3,AL,Etowah County,Altoona,35952,7727,35650,0.7893619509959573,1,,,0,1,3500,Taylor Bates
Mississippi / Alabama,3,AL,St. Clair County,Ashville,35953,7319,46500,0.9015148770241344,1,,,0,1,3500,Taylor Bates
Mississippi / Alabama,3,AL,Etowah County,Attalla,35954,12416,33533,0.7655659797041299,1,,,0,1,3500,Taylor Bates
Mississippi / Alabama,3,AL,Etowah County,Boaz,35956,8842,46844,0.904843368122489,1,,,0,1,3500,Taylor Bates
Mississippi / Alabama,3,AL,Marshall County,Boaz,35957,15693,37546,0.810080651679365,1,,,0,1,3500,Taylor Bates
Mississippi / Alabama,3,AL,Cherokee County,Centre,35960,10087,37287,0.807281765355886,1,,,0,1,3500,Taylor Bates
Mississippi / Alabama,3,AL,DeKalb County,Collinsville,35961,6514,34583,0.7774594626739184,1,,,0,1,3500,Taylor Bates
Mississippi / Alabama,3,AL,DeKalb County,Crossville,35962,8300,36730,0.8012294164836667,1,,,0,1,3500,Taylor Bates
Mississippi / Alabama,3,AL,DeKalb County,Fort Payne,35967,16630,37527,0.8098756567387551,1,,,0,1,3500,Taylor Bates
Mississippi / Alabama,3,AL,Marshall County,Guntersville,35976,16272,42240,0.8592279112883068,1,3,2,0,1,3500,Taylor Bates
Mississippi / Alabama,3,AL,DeKalb County,Rainsville,35986,7744,39882,0.8349008170977923,1,,,0,1,3500,Taylor Bates
Mississippi / Alabama,3,AL,Elmore County,Deatsville,36022,13092,64167,1.0590154329803156,1,,,0,1,3500,Taylor Bates
Mississippi / Alabama,3,AL,Elmore County,Eclectic,36024,5428,50325,0.9378606474618683,1,,,0,1,3500,Taylor Bates
Mississippi / Alabama,3,AL,Elmore County,Elmore,36025,5729,43750,0.8744509425174988,1,,,0,1,3500,Taylor Bates
Mississippi / Alabama,3,AL,Barbour County,Eufaula,36027,16261,35891,0.7920255667758771,1,,,0,1,3500,Taylor Bates
Mississippi / Alabama,3,AL,Butler County,Greenville,36037,14074,30256,0.7271971652548067,1,,,0,1,3500,Taylor Bates
Mississippi / Alabama,3,AL,Elmore County,Millbrook,36054,15066,55593,0.9857266015303672,1,,,0,1,3500,Taylor Bates
Mississippi / Alabama,3,AL,Montgomery County,Pike Road,36064,6753,90636,1.2586262549215423,1,,,0,1,3500,Taylor Bates
Mississippi / Alabama,3,AL,Elmore County,Tallassee,36078,13179,45500,0.8917684839152659,1,,,0,1,3500,Taylor Bates
Mississippi / Alabama,3,AL,Pike County,Troy,36079,9339,37886,0.8137402517918784,1,,,0,1,3500,Taylor Bates
Mississippi / Alabama,3,AL,Pike County,Troy,36081,15267,30657,0.7320002821281841,1,,,0,1,3500,Taylor Bates
Mississippi / Alabama,3,AL,Macon County,Tuskegee,36083,9563,27249,0.6901153795334243,1,,,0,1,3500,Taylor Bates
Mississippi / Alabama,3,AL,Bullock County,Union Springs,36089,8760,28627,0.7073499717363289,1,,,0,1,3500,Taylor Bates
Mississippi / Alabama,3,AL,Elmore County,Wetumpka,36093,9456,78375,1.1704023858672687,1,,,0,1,3500,Taylor Bates
Mississippi / Alabama,3,AL,Montgomery County,Montgomery,36104,9468,18043,0.5615659877173628,1,,,0,1,3500,Taylor Bates
Mississippi / Alabama,3,AL,Montgomery County,Montgomery,36105,12043,34125,0.7722941613649548,1,,,0,1,3500,Taylor Bates
Mississippi / Alabama,3,AL,Montgomery County,Montgomery,36107,9589,30062,0.7248620396350693,1,,,0,1,3500,Taylor Bates
Mississippi / Alabama,3,AL,Montgomery County,Montgomery,36108,21306,23925,0.6466546349072688,1,,,0,1,3500,Taylor Bates
Mississippi / Alabama,3,AL,Montgomery County,Montgomery,36110,12997,31281,0.7394124105400975,1,,,0,1,3500,Taylor Bates
Mississippi / Alabama,3,AL,Montgomery County,Montgomery,36111,12176,53339,0.9655368560835977,1,,,0,1,3500,Taylor Bates
Mississippi / Alabama,3,AL,Calhoun County,Anniston,36201,20156,22054,0.6208548907890757,1,,,0,1,3500,Taylor Bates
Mississippi / Alabama,3,AL,Calhoun County,Anniston,36206,11427,41020,0.8467286396098045,1,,,0,1,3500,Taylor Bates
Mississippi / Alabama,3,AL,Cleburne County,Heflin,36264,8659,33399,0.7640348233589284,1,,,0,1,3500,Taylor Bates
Mississippi / Alabama,3,AL,Calhoun County,Ohatchee,36271,6023,46861,0.9050075400753866,1,,,0,1,3500,Taylor Bates
Mississippi / Alabama,3,AL,Calhoun County,Piedmont,36272,13389,37973,0.8146740374319986,1,,,0,1,3500,Taylor Bates
Mississippi / Alabama,3,AL,Randolph County,Roanoke,36274,11199,33826,0.7689033335508421,1,,,0,1,3500,Taylor Bates
Mississippi / Alabama,3,AL,Henry County,Abbeville,36310,6783,33882,0.7695395420917048,1,,,0,1,3500,Taylor Bates
Mississippi / Alabama,3,AL,Houston County,Ashford,36312,6187,42108,0.8578843171726673,1,,,0,1,3500,Taylor Bates
Mississippi / Alabama,3,AL,Dale County,Daleville,36322,9072,43015,0.8670744420723808,1,,,0,1,3500,Taylor Bates
Mississippi / Alabama,3,AL,Coffee County,Elba,36323,8255,35658,0.7894505139886062,1,,,0,1,3500,Taylor Bates
Mississippi / Alabama,3,AL,Henry County,Headland,36345,7822,53114,0.9634982410065697,1,,,0,1,3500,Taylor Bates
Mississippi / Alabama,3,AL,Dale County,Midland City,36350,6540,43406,0.8710063165846341,1,,,0,1,3500,Taylor Bates
Mississippi / Alabama,3,AL,Geneva County,Slocomb,36375,7390,43047,0.8673969019555305,1,,,0,1,3500,Taylor Bates
Mississippi / Alabama,3,AL,Conecuh County,Evergreen,36401,8314,22131,0.6219377821376074,1,,,0,1,3500,Taylor Bates
Mississippi / Alabama,3,AL,Covington County,Andalusia,36420,10673,36213,0.7955705052256844,1,,,0,1,3500,Taylor Bates
Mississippi / Alabama,3,AL,Covington County,Andalusia,36421,9241,40030,0.8364485190315509,1,,,0,1,3500,Taylor Bates
Mississippi / Alabama,3,AL,Escambia County,Brewton,36426,16202,31815,0.7456969818045909,1,2,2,0,1,3500,Taylor Bates
Mississippi / Alabama,3,AL,Monroe County,Monroeville,36460,10738,29352,0.7162510487560098,1,,,0,1,3500,Taylor Bates
Mississippi / Alabama,3,AL,Covington County,Opp,36467,10058,36029,0.7935467652131474,1,,,0,1,3500,Taylor Bates
Mississippi / Alabama,3,AL,Escambia County,Atmore,36502,18355,29236,0.7148343246315835,1,,,0,1,3500,Taylor Bates
Mississippi / Alabama,3,AL,Mobile County,Citronelle,36522,7183,40290,0.8391605427948904,1,,,0,1,3500,Taylor Bates
Mississippi / Alabama,3,AL,Baldwin County,Daphne,36527,12109,75657,1.1499288759069488,1,,,0,1,3500,Taylor Bates
Mississippi / Alabama,3,AL,Baldwin County,Elberta,36530,6873,38363,0.81884688718732,1,,,0,1,3500,Taylor Bates
Mississippi / Alabama,3,AL,Mobile County,Grand Bay,36541,15647,48531,0.9209923897952618,1,,,0,1,3500,Taylor Bates
Mississippi / Alabama,3,AL,Baldwin County,Gulf Shores,36542,12705,47892,0.9149090181908479,1,2,1,0,1,3500,Taylor Bates
Mississippi / Alabama,3,AL,Mobile County,Irvington,36544,12476,38265,0.8178003278835339,1,,,0,1,3500,Taylor Bates
Mississippi / Alabama,3,AL,Clarke County,Jackson,36545,9941,26903,0.6857199381963234,1,,,0,1,3500,Taylor Bates
Mississippi / Alabama,3,AL,Baldwin County,Loxley,36551,8258,43537,0.8723196818665697,1,,,0,1,3500,Taylor Bates
Mississippi / Alabama,3,AL,Baldwin County,Orange Beach,36561,5808,62829,1.0479160575290918,1,,,0,1,3500,Taylor Bates
Mississippi / Alabama,3,AL,Baldwin County,Robertsdale,36567,12672,42285,0.8596854747775347,1,,,0,1,3500,Taylor Bates
Mississippi / Alabama,3,AL,Mobile County,Saraland,36571,14423,51875,0.9521940785229253,1,,,0,1,3500,Taylor Bates
Mississippi / Alabama,3,AL,Mobile County,Satsuma,36572,6340,61652,1.0380541436473074,1,,,0,1,3500,Taylor Bates
Mississippi / Alabama,3,AL,Mobile County,Wilmer,36587,12053,46480,0.9013209820058634,1,,,0,1,3500,Taylor Bates
Mississippi / Alabama,3,AL,Mobile County,Mobile,36604,10456,40037,0.8365216502292179,1,1,1,0,1,3500,Taylor Bates
Mississippi / Alabama,3,AL,Mobile County,Mobile,36607,6852,30509,0.7302312390169484,1,2,2,0,1,3500,Taylor Bates
Mississippi / Alabama,3,AL,Mobile County,Mobile,36610,13209,16611,0.5388207482143051,1,,,0,1,3500,Taylor Bates
Mississippi / Alabama,3,AL,Mobile County,Eight Mile,36613,12749,41644,0.8531445885431417,1,,,0,1,3500,Taylor Bates
Mississippi / Alabama,3,AL,Mobile County,Mobile,36617,13967,24146,0.6496344084958342,1,1,1,0,1,3500,Taylor Bates
Mississippi / Alabama,3,AL,Mobile County,Mobile,36619,14269,55962,0.9889925841070802,1,,,0,1,3500,Taylor Bates
Mississippi / Alabama,3,AL,Dallas County,Selma,36703,13643,19181,0.5790046401419303,1,,,0,1,3500,Taylor Bates
Mississippi / Alabama,3,AL,Marengo County,Demopolis,36732,8395,36649,0.8003454605524174,1,,,0,1,3500,Taylor Bates
Mississippi / Alabama,3,AL,Hale County,Greensboro,36744,7419,28083,0.7005968357462896,1,,,0,1,3500,Taylor Bates
Mississippi / Alabama,3,AL,Clarke County,Thomasville,36784,7754,37575,0.8103934387187576,1,,,0,1,3500,Taylor Bates
Mississippi / Alabama,3,AL,Lee County,Opelika,36804,16861,44938,0.8862439663231657,1,,,0,1,3500,Taylor Bates
Mississippi / Alabama,3,AL,Lee County,Auburn,36832,22071,21387,0.6113942587842255,1,,,0,1,3500,Taylor Bates
Mississippi / Alabama,3,AL,Tallapoosa County,Dadeville,36853,8269,45688,0.8936089196554037,1,,,0,1,3500,Taylor Bates
Mississippi / Alabama,3,AL,Chambers County,Valley,36854,14576,36465,0.7983338249266785,1,,,0,1,3500,Taylor Bates
Mississippi / Alabama,3,AL,Chambers County,Lanett,36863,11672,30786,0.7335387384371871,1,,,0,1,3500,Taylor Bates
Mississippi / Alabama,3,AL,Russell County,Phenix City,36869,18751,32202,0.7502186294203262,1,,,0,1,3500,Taylor Bates
Mississippi / Alabama,3,AL,Lee County,Salem,36874,7901,49872,0.9336300337166388,1,,,0,1,3500,Taylor Bates
Mississippi / Alabama,3,AL,Lee County,Smiths Station,36877,11414,46073,0.8973661172873374,1,,,0,1,3500,Taylor Bates
Mississippi / Alabama,3,MS,Panola County,Batesville,38606,16127,40282,0.8390772266168857,1,,,0,1,3500,Taylor Bates
Mississippi / Alabama,3,MS,Marshall County,Byhalia,38611,17202,37892,0.8138046852002374,1,,,0,1,3500,Taylor Bates
Mississippi / Alabama,3,MS,Coahoma County,Clarksdale,38614,20418,26958,0.6864205169518839,1,,,0,1,3500,Taylor Bates
Mississippi / Alabama,3,MS,Tate County,Coldwater,38618,12031,38616,0.8215425551594785,1,,,0,1,3500,Taylor Bates
Mississippi / Alabama,3,MS,Marshall County,Holly Springs,38635,15941,33912,0.7698801518291338,1,,,0,1,3500,Taylor Bates
Mississippi / Alabama,3,MS,DeSoto County,Nesbit,38651,7103,65861,1.0729033017137015,1,,,0,1,3500,Taylor Bates
Mississippi / Alabama,3,MS,Union County,New Albany,38652,16600,39984,0.835967783433593,1,,,0,1,3500,Taylor Bates
Mississippi / Alabama,3,MS,Tippah County,Ripley,38663,11950,35107,0.7833273335375599,1,,,0,1,3500,Taylor Bates
Mississippi / Alabama,3,MS,Tate County,Senatobia,38668,14462,42380,0.8606506432807969,1,,,0,1,3500,Taylor Bates
Mississippi / Alabama,3,MS,DeSoto County,Southaven,38672,11249,91218,1.2626607903669016,1,,,0,1,3500,Taylor Bates
Mississippi / Alabama,3,MS,DeSoto County,Walls,38680,6194,55469,0.9846266578938867,1,,,0,1,3500,Taylor Bates
Mississippi / Alabama,3,MS,Washington County,Greenville,38703,14568,26767,0.6839845170583554,1,1,1,0,1,3500,Taylor Bates
Mississippi / Alabama,3,MS,Bolivar County,Cleveland,38732,17981,33161,0.7613077148514767,1,,,0,1,3500,Taylor Bates
Mississippi / Alabama,3,MS,Sunflower County,Indianola,38751,11638,26483,0.6803462757387742,1,,,0,1,3500,Taylor Bates
Mississippi / Alabama,3,MS,Lee County,Tupelo,38801,29871,39516,0.8310610146494313,2,13,9,1,1,3500,Taylor Bates
Mississippi / Alabama,3,MS,Monroe County,Amory,38821,12528,35350,0.7860336356052148,1,,,0,1,3500,Taylor Bates
Mississippi / Alabama,3,MS,Prentiss County,Baldwyn,38824,7832,32344,0.7518709159565081,1,,,0,1,3500,Taylor Bates
Mississippi / Alabama,3,MS,Prentiss County,Booneville,38829,18707,33953,0.7703454082479455,1,,,0,1,3500,Taylor Bates
Mississippi / Alabama,3,MS,Itawamba County,Fulton,38843,11467,40100,0.8371795435338028,1,,,0,1,3500,Taylor Bates
Mississippi / Alabama,3,MS,Chickasaw County,Houston,38851,8408,32692,0.755904910540376,1,,,0,1,3500,Taylor Bates
Mississippi / Alabama,3,MS,Tishomingo County,Iuka,38852,9449,35196,0.7843196143382429,1,,,0,1,3500,Taylor Bates
Mississippi / Alabama,3,MS,Monroe County,Nettleton,38858,7176,38586,0.8212233731453492,1,,,0,1,3500,Taylor Bates
Mississippi / Alabama,3,MS,Lee County,Saltillo,38866,11897,55403,0.9840407026603415,1,,,0,1,3500,Taylor Bates
Mississippi / Alabama,3,MS,Grenada County,Grenada,38901,18403,34811,0.7800180832955325,1,5,3,0,1,3500,Taylor Bates
Mississippi / Alabama,3,MS,Yalobusha County,Water Valley,38965,9135,37073,0.8049618296127935,1,,,0,1,3500,Taylor Bates
Mississippi / Alabama,3,MS,Montgomery County,Winona,38967,7755,31793,0.745439113336205,1,,,0,1,3500,Taylor Bates
Mississippi / Alabama,3,MS,Leake County,Carthage,39051,16569,31922,0.7469498908519543,1,1,1,0,1,3500,Taylor Bates
Mississippi / Alabama,3,MS,Copiah County,Crystal Springs,39059,12073,37068,0.8049075455669548,1,,,0,1,3500,Taylor Bates
Mississippi / Alabama,3,MS,Scott County,Forest,39074,14896,33665,0.7670712947089058,1,,,0,1,3500,Taylor Bates
Mississippi / Alabama,3,MS,Copiah County,Hazlehurst,39083,10626,30000,0.724114174518944,1,,,0,1,3500,Taylor Bates
Mississippi / Alabama,3,MS,Attala County,Kosciusko,39090,13398,33874,0.7694486873638686,1,,,0,1,3500,Taylor Bates
Mississippi / Alabama,3,MS,Simpson County,Magee,39111,10460,35680,0.7896940110054548,1,,,0,1,3500,Taylor Bates
Mississippi / Alabama,3,MS,Simpson County,Mendenhall,39114,9998,39688,0.8328677168313389,1,,,0,1,3500,Taylor Bates
Mississippi / Alabama,3,MS,Scott County,Morton,39117,10697,39930,0.8354030886529832,1,,,0,1,3500,Taylor Bates
Mississippi / Alabama,3,MS,Hinds County,Raymond,39154,10526,55625,0.9860102587658656,1,,,0,1,3500,Taylor Bates
Mississippi / Alabama,3,MS,Smith County,Taylorsville,39168,6643,36234,0.7958011483539517,1,,,0,1,3500,Taylor Bates
Mississippi / Alabama,3,MS,Hinds County,Terry,39170,9407,60023,1.024248344154924,1,,,0,1,3500,Taylor Bates
Mississippi / Alabama,3,MS,Warren County,Vicksburg,39183,15661,41659,0.8532982243209675,1,1,1,0,1,3500,Taylor Bates
Mississippi / Alabama,3,MS,Copiah County,Wesson,39191,8074,42366,0.8605084759346483,1,,,0,1,3500,Taylor Bates
Mississippi / Alabama,3,MS,Yazoo County,Yazoo City,39194,20925,24798,0.6583468309145761,1,,,0,1,3500,Taylor Bates
Mississippi / Alabama,3,MS,Hinds County,Jackson,39202,8411,32411,0.7526492564594057,1,4,4,0,1,3500,Taylor Bates
Mississippi / Alabama,3,MS,Hinds County,Jackson,39204,19468,25565,0.6684506039916479,1,1,1,0,1,3500,Taylor Bates
Mississippi / Alabama,3,MS,Hinds County,Jackson,39213,22328,23255,0.6375358240686374,1,,,0,1,3500,Taylor Bates
Mississippi / Alabama,3,MS,Rankin County,Richland,39218,6943,43769,0.8746408026824365,1,,,0,1,3500,Taylor Bates
Mississippi / Alabama,3,MS,Rankin County,Flowood,39232,7068,51750,0.95104616481021,1,16,10,0,1,3500,Taylor Bates
Mississippi / Alabama,3,MS,Hinds County,Byram,39272,12551,56382,0.9926968873463589,1,,,0,1,3500,Taylor Bates
Mississippi / Alabama,3,MS,Lauderdale County,Meridian,39307,18603,28216,0.7022538758799111,1,,,0,1,3500,Taylor Bates
Mississippi / Alabama,3,MS,Lauderdale County,Collinsville,39325,5983,54543,0.9763733845940975,1,,,0,1,3500,Taylor Bates
Mississippi / Alabama,3,MS,Winston County,Louisville,39339,15619,28947,0.7112924551719946,1,1,1,0,1,3500,Taylor Bates
Mississippi / Alabama,3,MS,Newton County,Newton,39345,6127,40833,0.8447964221023284,1,,,0,1,3500,Taylor Bates
Mississippi / Alabama,3,MS,Clarke County,Quitman,39355,7131,29710,0.7206057901569847,1,,,0,1,3500,Taylor Bates
Mississippi / Alabama,3,MS,Neshoba County,Union,39365,7547,33491,0.7650863947342871,1,,,0,1,3500,Taylor Bates
Mississippi / Alabama,3,MS,Wayne County,Waynesboro,39367,15096,31505,0.7420551157758908,1,2,2,0,1,3500,Taylor Bates
Mississippi / Alabama,3,MS,Covington County,Collins,39428,9761,32030,0.7482123817871552,1,,,0,1,3500,Taylor Bates
Mississippi / Alabama,3,MS,Marion County,Columbia,39429,17657,29058,0.7126549092893693,1,,,0,1,3500,Taylor Bates
Mississippi / Alabama,3,MS,Jones County,Ellisville,39437,12917,35782,0.7908219721063627,1,,,0,1,3500,Taylor Bates
Mississippi / Alabama,3,MS,Greene County,Leakesville,39451,7181,43250,0.8694397210698899,1,,,0,1,3500,Taylor Bates
Mississippi / Alabama,3,MS,Lamar County,Lumberton,39455,9721,28806,0.7095579979798899,1,,,0,1,3500,Taylor Bates
Mississippi / Alabama,3,MS,Pearl River County,Poplarville,39470,13011,38561,0.820957293338358,1,,,0,1,3500,Taylor Bates
Mississippi / Alabama,3,MS,Lamar County,Purvis,39475,12225,51124,0.9452764419396318,1,,,0,1,3500,Taylor Bates
Mississippi / Alabama,3,MS,Perry County,Richton,39476,7582,36195,0.7953727578829987,1,,,0,1,3500,Taylor Bates
Mississippi / Alabama,3,MS,Lamar County,Sumrall,39482,9746,47550,0.9116364518363195,1,,,0,1,3500,Taylor Bates
Mississippi / Alabama,3,MS,Harrison County,Gulfport,39501,21987,25435,0.6667488763994499,1,9,5,0,1,3500,Taylor Bates
Mississippi / Alabama,3,MS,Harrison County,Gulfport,39507,16234,44392,0.8808435476844694,1,,,0,1,3500,Taylor Bates
Mississippi / Alabama,3,MS,Hancock County,Bay Saint Louis,39520,14681,38471,0.819998691140556,1,1,1,0,1,3500,Taylor Bates
Mississippi / Alabama,3,MS,Hancock County,Diamondhead,39525,8383,68161,1.0914765216843516,1,,,0,1,3500,Taylor Bates
Mississippi / Alabama,3,MS,Harrison County,Biloxi,39530,8086,29732,0.7208725419856002,1,,,0,1,3500,Taylor Bates
Mississippi / Alabama,3,MS,Harrison County,Biloxi,39531,17736,37639,0.8110833005137367,1,2,2,0,1,3500,Taylor Bates
Mississippi / Alabama,3,MS,Harrison County,Diberville,39540,8522,45245,0.8892660611615334,1,,,0,1,3500,Taylor Bates
Mississippi / Alabama,3,MS,Hancock County,Kiln,39556,7705,46066,0.8972979450233975,1,,,0,1,3500,Taylor Bates
Mississippi / Alabama,3,MS,Jackson County,Moss Point,39563,13790,38086,0.8158852899179954,1,,,0,1,3500,Taylor Bates
Mississippi / Alabama,3,MS,Jackson County,Pascagoula,39567,10740,39659,0.8325633732315513,1,,,0,1,3500,Taylor Bates
Mississippi / Alabama,3,MS,Harrison County,Pass Christian,39571,13179,52426,0.9572376746367297,1,,,0,1,3500,Taylor Bates
Mississippi / Alabama,3,MS,Stone County,Perkinston,39573,8828,44573,0.8826374576055499,1,,,0,1,3500,Taylor Bates
Mississippi / Alabama,3,MS,Harrison County,Saucier,39574,13613,47242,0.9086791417120738,1,,,0,1,3500,Taylor Bates
Mississippi / Alabama,3,MS,Stone County,Wiggins,39577,10374,37857,0.8134287517005787,1,,,0,1,3500,Taylor Bates
Mississippi / Alabama,3,MS,Jackson County,Pascagoula,39581,11595,39050,0.8261462590186998,1,,,0,1,3500,Taylor Bates
Mississippi / Alabama,3,MS,Lincoln County,Bogue Chitto,39629,6519,43293,0.8698718207250503,1,,,0,1,3500,Taylor Bates
Mississippi / Alabama,3,MS,Pike County,Magnolia,39652,8315,26345,0.6785713556863563,1,1,1,0,1,3500,Taylor Bates
Mississippi / Alabama,3,MS,Pike County,Summit,39666,9588,42969,0.8666106957820969,1,,,0,1,3500,Taylor Bates
Mississippi / Alabama,3,MS,Walthall County,Tylertown,39667,12837,32430,0.7528698334347917,1,,,0,1,3500,Taylor Bates
Mississippi / Alabama,3,MS,Wilkinson County,Woodville,39669,6045,41069,0.8472342139694573,1,,,0,1,3500,Taylor Bates
Mississippi / Alabama,3,MS,Lowndes County,Columbus,39701,13997,21043,0.6064573293603619,1,,,0,1,3500,Taylor Bates
Mississippi / Alabama,3,MS,Monroe County,Aberdeen,39730,11805,32958,0.7589739084055143,1,,,0,1,3500,Taylor Bates
Mississippi / Alabama,3,MS,Clay County,West Point,39773,16670,30389,0.7287937273915512,1,,,0,1,3500,Taylor Bates
Mississippi / Alabama,3,AL,Jefferson County,Adger,35006,3121,51929,0.9526895494241833,0,,,0,0,0,Taylor Bates
Mississippi / Alabama,3,AL,Talladega County,Alpine,35014,4546,36286,0.7963719771816535,0,,,0,0,0,Taylor Bates
Mississippi / Alabama,3,AL,Cullman County,Baileyton,35019,2117,54342,0.974572675166342,0,,,0,0,0,Taylor Bates
Mississippi / Alabama,3,AL,Cullman County,Bremen,35033,3403,45137,0.8882040861862136,0,,,0,0,0,Taylor Bates
Mississippi / Alabama,3,AL,Bibb County,Brent,35034,5541,23085,0.6352012747077529,0,,,0,0,0,Taylor Bates
Mississippi / Alabama,3,AL,Bibb County,Brierfield,35035,1581,55586,0.9856645406285386,0,,,0,0,0,Taylor Bates
Mississippi / Alabama,3,AL,Bibb County,Centreville,35042,5831,33603,0.766364621053018,0,,,0,0,0,Taylor Bates
Mississippi / Alabama,3,AL,Chilton County,Clanton,35046,5108,45410,0.8908860785147077,0,,,0,0,0,Taylor Bates
Mississippi / Alabama,3,AL,Blount County,Cleveland,35049,3996,42005,0.8568344432023661,0,,,0,0,0,Taylor Bates
Mississippi / Alabama,3,AL,Cullman County,Crane Hill,35053,2617,38885,0.8243990319821018,0,,,0,0,0,Taylor Bates
Mississippi / Alabama,3,AL,St. Clair County,Cropwell,35054,4101,46148,0.8980962096566824,0,,,0,0,0,Taylor Bates
Mississippi / Alabama,3,AL,Jefferson County,Dolomite,35061,1465,39272,0.8284912595736077,0,,,0,0,0,Taylor Bates
Mississippi / Alabama,3,AL,Walker County,Empire,35063,3866,31182,0.7382414147460018,0,,,0,0,0,Taylor Bates
Mississippi / Alabama,3,AL,Coosa County,Goodwater,35072,5193,28546,0.7063485406677706,0,,,0,0,0,Taylor Bates
Mississippi / Alabama,3,AL,Jefferson County,Graysville,35073,2382,39954,0.8356541112213446,0,,,0,0,0,Taylor Bates
Mississippi / Alabama,3,AL,Shelby County,Harpersville,35078,2082,34525,0.7768072409001618,0,,,0,0,0,Taylor Bates
Mississippi / Alabama,3,AL,Cullman County,Holly Pond,35083,3268,36966,0.8037993508098311,0,,,0,0,0,Taylor Bates
Mississippi / Alabama,3,AL,Cullman County,Joppa,35087,2115,39375,0.829577004130881,0,,,0,0,0,Taylor Bates
Mississippi / Alabama,3,AL,Coosa County,Kellyton,35089,2238,26155,0.6761200013944795,0,,,0,0,0,Taylor Bates
Mississippi / Alabama,3,AL,Jefferson County,Kimberly,35091,2719,78194,1.1690501352691287,0,,,0,0,0,Taylor Bates
Mississippi / Alabama,3,AL,Blount County,Locust Fork,35097,1748,40317,0.8394416738450505,0,,,0,0,0,Taylor Bates
Mississippi / Alabama,3,AL,Cullman County,Logan,35098,1375,30500,0.7301235238197068,0,,,0,0,0,Taylor Bates
Mississippi / Alabama,3,AL,Jefferson County,Morris,35116,4240,68222,1.0919648154167976,0,,,0,0,0,Taylor Bates
Mississippi / Alabama,3,AL,Jefferson County,Mulga,35118,3138,50063,0.9354161354042766,0,,,0,0,0,Taylor Bates
Mississippi / Alabama,3,AL,Walker County,Quinton,35130,3233,39556,0.8314815282697473,0,,,0,0,0,Taylor Bates
Mississippi / Alabama,3,AL,St. Clair County,Ragland,35131,4159,32748,0.7565520499451225,0,,,0,0,0,Taylor Bates
Mississippi / Alabama,3,AL,Blount County,Remlap,35133,3907,54263,0.9738640221602639,0,,,0,0,0,Taylor Bates
Mississippi / Alabama,3,AL,St. Clair County,Riverside,35135,1812,60353,1.0270600884170484,0,,,0,0,0,Taylor Bates
Mississippi / Alabama,3,AL,Coosa County,Rockford,35136,1796,36645,0.8003017831096566,0,,,0,0,0,Taylor Bates
Mississippi / Alabama,3,AL,Shelby County,Shelby,35143,3281,44340,0.8803274942762006,0,,,0,0,0,Taylor Bates
Mississippi / Alabama,3,AL,Walker County,Sumiton,35148,2702,38704,0.8224781078314486,0,,,0,0,0,Taylor Bates
Mississippi / Alabama,3,AL,Chilton County,Thorsby,35171,3281,49141,0.9267624233111125,0,,,0,0,0,Taylor Bates
Mississippi / Alabama,3,AL,Blount County,Trafford,35172,2986,40833,0.8447964221023284,0,,,0,0,0,Taylor Bates
Mississippi / Alabama,3,AL,Marshall County,Union Grove,35175,5041,49597,0.931052403248669,0,,,0,0,0,Taylor Bates
Mississippi / Alabama,3,AL,Shelby County,Vandiver,35176,921,30069,0.7249464275489962,0,,,0,0,0,Taylor Bates
Mississippi / Alabama,3,AL,Shelby County,Vincent,35178,3378,51434,0.9481380413786569,0,,,0,0,0,Taylor Bates
Mississippi / Alabama,3,AL,Coosa County,Weogufka,35183,706,48295,0.9187503270950377,0,,,0,0,0,Taylor Bates
Mississippi / Alabama,3,AL,Bibb County,West Blocton,35184,5841,41122,0.8477807202831306,0,,,0,0,0,Taylor Bates
Mississippi / Alabama,3,AL,Shelby County,Wilsonville,35186,4931,52097,0.9542293692154906,0,,,0,0,0,Taylor Bates
Mississippi / Alabama,3,AL,Bibb County,Woodstock,35188,2715,48942,0.9248840242905135,0,,,0,0,0,Taylor Bates
Mississippi / Alabama,3,AL,Jefferson County,Birmingham,35203,3798,18894,0.574656570925784,0,5,2,1,0,0,Taylor Bates
Mississippi / Alabama,3,AL,Jefferson County,Birmingham,35210,13952,51546,0.9491697880271908,1,,,1,0,0,Taylor Bates
Mississippi / Alabama,3,AL,Jefferson County,Birmingham,35218,7353,23415,0.6397252645514994,0,,,0,0,0,Taylor Bates
Mississippi / Alabama,3,AL,Jefferson County,Birmingham,35221,4834,25150,0.6630028819480395,0,,,0,0,0,Taylor Bates
Mississippi / Alabama,3,AL,Jefferson County,Birmingham,35223,11043,120943,1.4539075441741853,2,11,5,2,0,0,Taylor Bates
Mississippi / Alabama,3,AL,Jefferson County,Birmingham,35224,6094,31408,0.7409118871524562,0,,,0,0,0,Taylor Bates
Mississippi / Alabama,3,AL,Jefferson County,Birmingham,35233,1308,49423,0.929417773574529,0,29,12,0,0,0,Taylor Bates
Mississippi / Alabama,3,AL,Jefferson County,Birmingham,35234,6311,21867,0.6182171148376115,0,,,0,0,0,Taylor Bates
Mississippi / Alabama,3,AL,Tuscaloosa County,Tuscaloosa,35406,13864,75081,1.1455431314271955,2,6,4,2,0,0,Taylor Bates
Mississippi / Alabama,3,AL,Hale County,Akron,35441,1060,30052,0.72474146842719,0,,,0,0,0,Taylor Bates
Mississippi / Alabama,3,AL,Pickens County,Aliceville,35442,4972,20648,0.6007384328651993,0,,,0,0,0,Taylor Bates
Mississippi / Alabama,3,AL,Greene County,Boligee,35443,2009,18788,0.573042321108574,0,,,0,0,0,Taylor Bates
Mississippi / Alabama,3,AL,Tuscaloosa County,Brookwood,35444,3699,51083,0.9448973234472656,0,,,0,0,0,Taylor Bates
Mississippi / Alabama,3,AL,Tuscaloosa County,Buhl,35446,2234,37750,0.812278390283708,0,,,0,0,0,Taylor Bates
Mississippi / Alabama,3,AL,Pickens County,Carrollton,35447,3460,30821,0.7339555928996766,0,,,0,0,0,Taylor Bates
Mississippi / Alabama,3,AL,Tuscaloosa County,Coker,35452,3880,54274,0.9739627262624949,0,,,0,0,0,Taylor Bates
Mississippi / Alabama,3,AL,Tuscaloosa County,Duncanville,35456,3759,41967,0.8564467860663844,0,,,0,0,0,Taylor Bates
Mississippi / Alabama,3,AL,Tuscaloosa County,Elrod,35458,594,55250,0.9826810080945844,0,,,0,0,0,Taylor Bates
Mississippi / Alabama,3,AL,Sumter County,Emelle,35459,872,31667,0.7439605084095275,0,,,0,0,0,Taylor Bates
Mississippi / Alabama,3,AL,Sumter County,Epes,35460,834,23750,0.6442853087286519,0,,,0,0,0,Taylor Bates
Mississippi / Alabama,3,AL,Pickens County,Ethelsville,35461,1952,36343,0.7969972236977496,0,,,0,0,0,Taylor Bates
Mississippi / Alabama,3,AL,Greene County,Eutaw,35462,5061,28462,0.7053085177125109,0,,,0,0,0,Taylor Bates
Mississippi / Alabama,3,AL,Tuscaloosa County,Fosters,35463,1749,58750,1.0133287323170936,0,,,0,0,0,Taylor Bates
Mississippi / Alabama,3,AL,Sumter County,Gainesville,35464,654,18879,0.5744284148954603,0,,,0,0,0,Taylor Bates
Mississippi / Alabama,3,AL,Pickens County,Gordo,35466,6075,38256,0.8177041481398353,0,,,0,0,0,Taylor Bates
Mississippi / Alabama,3,AL,Greene County,Knoxville,35469,221,24653,0.6564192511722411,0,,,0,0,0,Taylor Bates
Mississippi / Alabama,3,AL,Sumter County,Livingston,35470,5468,21150,0.6079972393902561,0,,,0,0,0,Taylor Bates
Mississippi / Alabama,3,AL,Tuscaloosa County,Ralph,35480,1343,51923,0.9526345098276177,0,,,0,0,0,Taylor Bates
Mississippi / Alabama,3,AL,Pickens County,Reform,35481,3668,28846,0.7100504730516569,0,,,0,0,0,Taylor Bates
Mississippi / Alabama,3,AL,Tuscaloosa County,Vance,35490,3857,54284,0.9740524485850773,0,,,0,0,0,Taylor Bates
Mississippi / Alabama,3,AL,Winston County,Addison,35540,2415,40086,0.8370333897086711,0,,,0,0,0,Taylor Bates
Mississippi / Alabama,3,AL,Winston County,Arley,35541,3597,44625,0.8831521612310853,0,,,0,0,0,Taylor Bates
Mississippi / Alabama,3,AL,Fayette County,Bankston,35542,1021,44759,0.8844771324700103,0,,,0,0,0,Taylor Bates
Mississippi / Alabama,3,AL,Marion County,Bear Creek,35543,1137,25143,0.6629106087243338,0,,,0,0,0,Taylor Bates
Mississippi / Alabama,3,AL,Lamar County,Beaverton,35544,673,49188,0.927205509775086,0,,,0,0,0,Taylor Bates
Mississippi / Alabama,3,AL,Fayette County,Berry,35546,3901,32623,0.7551067796691098,0,,,0,0,0,Taylor Bates
Mississippi / Alabama,3,AL,Marion County,Brilliant,35548,1558,32179,0.749950662979714,0,,,0,0,0,Taylor Bates
Mississippi / Alabama,3,AL,Walker County,Carbon Hill,35549,4341,34963,0.7817191778675481,0,,,0,0,0,Taylor Bates
Mississippi / Alabama,3,AL,Walker County,Cordova,35550,5605,34714,0.7789305745332376,0,,,0,0,0,Taylor Bates
Mississippi / Alabama,3,AL,Lamar County,Detroit,35552,1044,30806,0.7337769699846448,0,,,0,0,0,Taylor Bates
Mississippi / Alabama,3,AL,Winston County,Double Springs,35553,4680,33180,0.7615257838967846,0,,,0,0,0,Taylor Bates
Mississippi / Alabama,3,AL,Fayette County,Eldridge,35554,1186,29135,0.7135985069825819,0,,,0,0,0,Taylor Bates
Mississippi / Alabama,3,AL,Marion County,Guin,35563,4340,42083,0.8576296115083895,0,,,0,0,0,Taylor Bates
Mississippi / Alabama,3,AL,Marion County,Hackleburg,35564,2361,25957,0.6735559393670223,0,,,0,0,0,Taylor Bates
Mississippi / Alabama,3,AL,Franklin County,Hodges,35571,895,26716,0.6833325978624135,0,,,0,0,0,Taylor Bates
Mississippi / Alabama,3,AL,Winston County,Houston,35572,1131,35540,0.7881432006780875,0,,,0,0,0,Taylor Bates
Mississippi / Alabama,3,AL,Lamar County,Kennedy,35574,1507,33036,0.7598714898707966,0,,,0,0,0,Taylor Bates
Mississippi / Alabama,3,AL,Winston County,Lynn,35575,1018,55074,0.9811145844506227,0,,,0,0,0,Taylor Bates
Mississippi / Alabama,3,AL,Lamar County,Millport,35576,3217,33302,0.7629245316410739,0,,,0,0,0,Taylor Bates
Mississippi / Alabama,3,AL,Walker County,Nauvoo,35578,5833,30474,0.729812257279591,0,,,0,0,0,Taylor Bates
Mississippi / Alabama,3,AL,Walker County,Oakman,35579,3136,42974,0.8666611150079867,0,,,0,0,0,Taylor Bates
Mississippi / Alabama,3,AL,Walker County,Parrish,35580,3791,38966,0.8252572238671545,0,,,0,0,0,Taylor Bates
Mississippi / Alabama,3,AL,Franklin County,Phil Campbell,35581,5778,35889,0.7920034989426921,0,,,0,0,0,Taylor Bates
Mississippi / Alabama,3,AL,Franklin County,Red Bay,35582,4093,34447,0.7759292506645178,0,,,0,0,0,Taylor Bates
Mississippi / Alabama,3,AL,Franklin County,Spruce Pine,35585,1418,49662,0.9316623049654618,0,,,0,0,0,Taylor Bates
Mississippi / Alabama,3,AL,Lamar County,Sulligent,35586,4469,32373,0.7522079084630967,0,,,0,0,0,Taylor Bates
Mississippi / Alabama,3,AL,Walker County,Townley,35587,1025,42791,0.8648138563336489,0,,,0,0,0,Taylor Bates
Mississippi / Alabama,3,AL,Lamar County,Vernon,35592,4664,36374,0.7973370642107711,0,,,0,0,0,Taylor Bates
Mississippi / Alabama,3,AL,Franklin County,Vina,35593,1931,48261,0.9184268669965694,0,,,0,0,0,Taylor Bates
Mississippi / Alabama,3,AL,Lauderdale County,Anderson,35610,2252,37381,0.8082986978015608,0,,,0,0,0,Taylor Bates
Mississippi / Alabama,3,AL,Colbert County,Cherokee,35616,4043,34519,0.7767397384242513,0,,,0,0,0,Taylor Bates
Mississippi / Alabama,3,AL,Lawrence County,Courtland,35618,1870,27128,0.6885814357597901,0,,,0,0,0,Taylor Bates
Mississippi / Alabama,3,AL,Morgan County,Danville,35619,5135,46696,0.9034128459545705,0,,,0,0,0,Taylor Bates
Mississippi / Alabama,3,AL,Morgan County,Eva,35621,2852,39360,0.8294189744115444,0,,,0,0,0,Taylor Bates
Mississippi / Alabama,3,AL,Lawrence County,Hillsboro,35643,2941,32267,0.7509754089367692,0,,,0,0,0,Taylor Bates
Mississippi / Alabama,3,AL,Colbert County,Leighton,35646,4635,33545,0.7657029488094191,0,,,0,0,0,Taylor Bates
Mississippi / Alabama,3,AL,Limestone County,Lester,35647,1030,39444,0.830303553442696,0,,,0,0,0,Taylor Bates
Mississippi / Alabama,3,AL,Lauderdale County,Lexington,35648,3635,52951,0.9620186792128158,0,,,0,0,0,Taylor Bates
Mississippi / Alabama,3,AL,Lawrence County,Mount Hope,35651,1312,45766,0.8943713930833318,0,,,0,0,0,Taylor Bates
Mississippi / Alabama,3,AL,Limestone County,Tanner,35671,2107,41038,0.8469143958736997,0,,,0,0,0,Taylor Bates
Mississippi / Alabama,3,AL,Lauderdale County,Waterloo,35677,1921,46146,0.8980767482295245,0,,,0,0,0,Taylor Bates
Mississippi / Alabama,3,AL,Limestone County,Ardmore,35739,5146,42985,0.866772026981369,0,,,0,0,0,Taylor Bates
Mississippi / Alabama,3,AL,Jackson County,Bridgeport,35740,3482,37538,0.809994344343548,0,,,0,0,0,Taylor Bates
Mississippi / Alabama,3,AL,Madison County,Brownsboro,35741,2933,92198,1.2694253641823339,0,,,0,0,0,Taylor Bates
Mississippi / Alabama,3,AL,Jackson County,Dutton,35744,2570,28656,0.7077081642941059,0,,,0,0,0,Taylor Bates
Mississippi / Alabama,3,AL,Jackson County,Estillfork,35745,288,31417,0.7410180341429861,0,,,0,0,0,Taylor Bates
Mississippi / Alabama,3,AL,Jackson County,Fackler,35746,856,55549,0.9853364394979969,0,,,0,0,0,Taylor Bates
Mississippi / Alabama,3,AL,Jackson County,Hollytree,35751,265,34318,0.774475005590575,0,,,0,0,0,Taylor Bates
Mississippi / Alabama,3,AL,Jackson County,Hollywood,35752,2047,24670,0.6566455360904984,0,,,0,0,0,Taylor Bates
Mississippi / Alabama,3,AL,Marshall County,Langston,35755,586,29844,0.7222290237750125,0,,,0,0,0,Taylor Bates
Mississippi / Alabama,3,AL,Madison County,New Hope,35760,5065,41962,0.8563957654849086,0,,,0,0,0,Taylor Bates
Mississippi / Alabama,3,AL,Jackson County,Paint Rock,35764,653,22813,0.631448043200324,0,,,0,0,0,Taylor Bates
Mississippi / Alabama,3,AL,Jackson County,Pisgah,35765,4013,39000,0.8256171867524483,0,,,0,0,0,Taylor Bates
Mississippi / Alabama,3,AL,Jackson County,Princeton,35766,150,43333,0.870273581280718,0,,,0,0,0,Taylor Bates
Mississippi / Alabama,3,AL,Jackson County,Section,35771,3645,30491,0.7300157927288862,0,,,0,0,0,Taylor Bates
Mississippi / Alabama,3,AL,Jackson County,Stevenson,35772,4908,36967,0.8038102228803122,0,,,0,0,0,Taylor Bates
Mississippi / Alabama,3,AL,Jackson County,Trenton,35774,165,2499,0.5,0,,,0,0,0,Taylor Bates
Mississippi / Alabama,3,AL,Morgan County,Valhermoso Springs,35775,636,28144,0.701357317619046,0,,,0,0,0,Taylor Bates
Mississippi / Alabama,3,AL,Jackson County,Woodville,35776,3395,35833,0.7913853497761716,0,,,0,0,0,Taylor Bates
Mississippi / Alabama,3,AL,Jackson County,Bryant,35958,3582,50404,0.9385964838951337,0,,,0,0,0,Taylor Bates
Mississippi / Alabama,3,AL,Cherokee County,Cedar Bluff,35959,4836,32975,0.7591696255767838,0,,,0,0,0,Taylor Bates
Mississippi / Alabama,3,AL,DeKalb County,Dawson,35963,1704,26850,0.685044157172828,0,,,0,0,0,Taylor Bates
Mississippi / Alabama,3,AL,Jackson County,Flat Rock,35966,3914,40268,0.8389314033952993,0,,,0,0,0,Taylor Bates
Mississippi / Alabama,3,AL,DeKalb County,Fort Payne,35968,4575,32500,0.7536819284137856,0,2,2,0,0,0,Taylor Bates
Mississippi / Alabama,3,AL,DeKalb County,Fyffe,35971,4914,36477,0.7984651730395986,0,,,0,0,0,Taylor Bates
Mississippi / Alabama,3,AL,Etowah County,Gallant,35972,1139,40625,0.8426420126731774,0,,,0,0,0,Taylor Bates
Mississippi / Alabama,3,AL,Cherokee County,Gaylesville,35973,2870,31346,0.740180238698084,0,,,0,0,0,Taylor Bates
Mississippi / Alabama,3,AL,DeKalb County,Geraldine,35974,1589,38438,0.8196469227665726,0,,,0,0,0,Taylor Bates
Mississippi / Alabama,3,AL,DeKalb County,Groveoak,35975,1058,46902,0.9054033617242351,0,,,0,0,0,Taylor Bates
Mississippi / Alabama,3,AL,DeKalb County,Henagar,35978,5390,38054,0.8155424629518989,0,,,0,0,0,Taylor Bates
Mississippi / Alabama,3,AL,DeKalb County,Higdon,35979,1398,33750,0.7680390647334666,0,,,0,0,0,Taylor Bates
Mississippi / Alabama,3,AL,Marshall County,Horton,35980,5161,36144,0.7948122065672182,0,,,0,0,0,Taylor Bates
Mississippi / Alabama,3,AL,DeKalb County,Ider,35981,2141,35893,0.7920476339942137,0,,,0,0,0,Taylor Bates
Mississippi / Alabama,3,AL,Cherokee County,Leesburg,35983,3738,36488,0.7985855564982756,0,,,0,0,0,Taylor Bates
Mississippi / Alabama,3,AL,DeKalb County,Mentone,35984,1889,37279,0.8071951587561619,0,,,0,0,0,Taylor Bates
Mississippi / Alabama,3,AL,St. Clair County,Steele,35987,2666,46364,0.9001955673249131,0,,,0,0,0,Taylor Bates
Mississippi / Alabama,3,AL,DeKalb County,Sylvania,35988,1940,39303,0.8288181866804043,0,,,0,0,0,Taylor Bates
Mississippi / Alabama,3,AL,DeKalb County,Valley Head,35989,3573,34456,0.7760306079260804,0,,,0,0,0,Taylor Bates
Mississippi / Alabama,3,AL,Autauga County,Autaugaville,36003,1975,34375,0.7751179154336622,0,,,0,0,0,Taylor Bates
Mississippi / Alabama,3,AL,Pike County,Banks,36005,1522,46923,0.9056060326422101,0,,,0,0,0,Taylor Bates
Mississippi / Alabama,3,AL,Autauga County,Billingsley,36006,1313,43417,0.8711166753201527,0,,,0,0,0,Taylor Bates
Mississippi / Alabama,3,AL,Crenshaw County,Brantley,36009,2566,38864,0.8241763919189928,0,,,0,0,0,Taylor Bates
Mississippi / Alabama,3,AL,Pike County,Brundidge,36010,4677,29353,0.7162632497124749,0,,,0,0,0,Taylor Bates
Mississippi / Alabama,3,AL,Montgomery County,Cecil,36013,562,83750,1.2098703378966185,0,,,0,0,0,Taylor Bates
Mississippi / Alabama,3,AL,Barbour County,Clayton,36016,5150,29469,0.7176771530857499,0,,,0,0,0,Taylor Bates
Mississippi / Alabama,3,AL,Barbour County,Clio,36017,3318,36100,0.7943282758068183,0,,,0,0,0,Taylor Bates
Mississippi / Alabama,3,AL,Elmore County,Coosada,36020,1123,47857,0.9145746443053435,0,,,0,0,0,Taylor Bates
Mississippi / Alabama,3,AL,Coosa County,Equality,36026,1089,65333,1.0685939768143704,0,,,0,0,0,Taylor Bates
Mississippi / Alabama,3,AL,Covington County,Dozier,36028,1746,34679,0.7785378015112584,0,,,0,0,0,Taylor Bates
Mississippi / Alabama,3,AL,Bullock County,Fitzpatrick,36029,723,36176,0.7951639712255406,0,,,0,0,0,Taylor Bates
Mississippi / Alabama,3,AL,Butler County,Forest Home,36030,491,32625,0.755129925768696,0,,,0,0,0,Taylor Bates
Mississippi / Alabama,3,AL,Lowndes County,Fort Deposit,36032,2339,28348,0.7038946001173828,0,,,0,0,0,Taylor Bates
Mississippi / Alabama,3,AL,Butler County,Georgiana,36033,4299,24954,0.6604143583626189,0,,,0,0,0,Taylor Bates
Mississippi / Alabama,3,AL,Pike County,Glenwood,36034,807,36250,0.7959768315943179,0,,,0,0,0,Taylor Bates
Mississippi / Alabama,3,AL,Pike County,Goshen,36035,1913,40161,0.8378160590675833,0,,,0,0,0,Taylor Bates
Mississippi / Alabama,3,AL,Montgomery County,Grady,36036,2003,43977,0.876716583048347,0,,,0,0,0,Taylor Bates
Mississippi / Alabama,3,AL,Macon County,Hardaway,36039,253,27313,0.6909253446808895,0,,,0,0,0,Taylor Bates
Mississippi / Alabama,3,AL,Lowndes County,Hayneville,36040,3976,16528,0.5374729025775579,0,,,0,0,0,Taylor Bates
Mississippi / Alabama,3,AL,Crenshaw County,Highland Home,36041,1318,48250,0.9183221937482671,0,,,0,0,0,Taylor Bates
Mississippi / Alabama,3,AL,Crenshaw County,Honoraville,36042,1500,31167,0.7380638290671807,0,,,0,0,0,Taylor Bates
Mississippi / Alabama,3,AL,Montgomery County,Hope Hull,36043,3666,51000,0.944129373633046,0,,,0,0,0,Taylor Bates
Mississippi / Alabama,3,AL,Crenshaw County,Lapine,36046,1490,46172,0.8983297138967913,0,,,0,0,0,Taylor Bates
Mississippi / Alabama,3,AL,Lowndes County,Letohatchee,36047,1396,25286,0.6647930772321745,0,,,0,0,0,Taylor Bates
Mississippi / Alabama,3,AL,Barbour County,Louisville,36048,1459,22279,0.6240139064554248,0,,,0,0,0,Taylor Bates
Mississippi / Alabama,3,AL,Crenshaw County,Luverne,36049,5706,36761,0.8015674626761541,0,,,0,0,0,Taylor Bates
Mississippi / Alabama,3,AL,Autauga County,Marbury,36051,2304,38819,0.823699103429159,0,,,0,0,0,Taylor Bates
Mississippi / Alabama,3,AL,Montgomery County,Mathews,36052,739,130286,1.5,0,,,0,0,0,Taylor Bates
Mississippi / Alabama,3,AL,Bullock County,Midway,36053,1967,24732,0.6574701505256638,0,,,0,0,0,Taylor Bates
Mississippi / Alabama,3,AL,Montgomery County,Ramer,36069,1935,34435,0.7757940870499751,0,,,0,0,0,Taylor Bates
Mississippi / Alabama,3,AL,Crenshaw County,Rutledge,36071,766,44722,0.884111480647375,0,,,0,0,0,Taylor Bates
Mississippi / Alabama,3,AL,Macon County,Shorter,36075,2226,54519,0.9761585491473924,0,,,0,0,0,Taylor Bates
Mississippi / Alabama,3,AL,Elmore County,Titus,36080,2271,45469,0.8914646428895546,0,,,0,0,0,Taylor Bates
Mississippi / Alabama,3,AL,Macon County,Tuskegee Institute,36088,4767,28958,0.711427589621817,0,,,0,0,0,Taylor Bates
Mississippi / Alabama,3,AL,Chilton County,Verbena,36091,3648,45833,0.8950258196015561,0,,,0,0,0,Taylor Bates
Mississippi / Alabama,3,AL,Calhoun County,Anniston,36205,635,36755,0.8015020455080198,0,,,0,0,0,Taylor Bates
Mississippi / Alabama,3,AL,Calhoun County,Alexandria,36250,4603,50316,0.9377767813591211,0,,,0,0,0,Taylor Bates
Mississippi / Alabama,3,AL,Clay County,Ashland,36251,5103,29844,0.7222290237750125,0,,,0,0,0,Taylor Bates
Mississippi / Alabama,3,AL,Clay County,Cragford,36255,969,37216,0.8065128067861868,0,,,0,0,0,Taylor Bates
Mississippi / Alabama,3,AL,Tallapoosa County,Daviston,36256,1570,35473,0.7873999465249426,0,,,0,0,0,Taylor Bates
Mississippi / Alabama,3,AL,Clay County,Delta,36258,1599,44643,0.8833302579951512,0,,,0,0,0,Taylor Bates
Mississippi / Alabama,3,AL,Calhoun County,Eastaboga,36260,4247,43333,0.870273581280718,0,,,0,0,0,Taylor Bates
Mississippi / Alabama,3,AL,Cleburne County,Fruithurst,36262,1448,36295,0.7964707329472552,0,,,0,0,0,Taylor Bates
Mississippi / Alabama,3,AL,Randolph County,Graham,36263,658,39149,0.8271928237751656,0,,,0,0,0,Taylor Bates
Mississippi / Alabama,3,AL,Clay County,Lineville,36266,5582,34207,0.7732214891833297,0,,,0,0,0,Taylor Bates
Mississippi / Alabama,3,AL,Talladega County,Munford,36268,5432,38821,0.8237203221234638,0,,,0,0,0,Taylor Bates
Mississippi / Alabama,3,AL,Cleburne County,Muscadine,36269,1395,35703,0.7899484958169637,0,,,0,0,0,Taylor Bates
Mississippi / Alabama,3,AL,Cleburne County,Ranburne,36273,2914,52500,0.9579130132969749,0,,,0,0,0,Taylor Bates
Mississippi / Alabama,3,AL,Randolph County,Wadley,36276,2592,38819,0.823699103429159,0,,,0,0,0,Taylor Bates
Mississippi / Alabama,3,AL,Calhoun County,Weaver,36277,5420,43925,0.8761980989897324,0,,,0,0,0,Taylor Bates
Mississippi / Alabama,3,AL,Randolph County,Wedowee,36278,4366,33967,0.7705042119501827,0,,,0,0,0,Taylor Bates
Mississippi / Alabama,3,AL,Calhoun County,Wellington,36279,2645,50183,0.9365365511957495,0,,,0,0,0,Taylor Bates
Mississippi / Alabama,3,AL,Randolph County,Woodland,36280,3932,38333,0.8185266540062238,0,,,0,0,0,Taylor Bates
Mississippi / Alabama,3,AL,Dale County,Ariton,36311,2770,42865,0.8655613100216726,0,,,0,0,0,Taylor Bates
Mississippi / Alabama,3,AL,Geneva County,Black,36314,595,65521,1.0701303470452173,0,,,0,0,0,Taylor Bates
Mississippi / Alabama,3,AL,Geneva County,Chancellor,36316,1722,49405,0.9292485098366265,0,,,0,0,0,Taylor Bates
Mississippi / Alabama,3,AL,Henry County,Clopton,36317,590,42125,0.8580574738377762,0,,,0,0,0,Taylor Bates
Mississippi / Alabama,3,AL,Geneva County,Coffee Springs,36318,1296,44743,0.8843190313167026,0,,,0,0,0,Taylor Bates
Mississippi / Alabama,3,AL,Houston County,Columbia,36319,2276,32153,0.7496476290527028,0,,,0,0,0,Taylor Bates
Mississippi / Alabama,3,AL,Houston County,Cottonwood,36320,3837,36164,0.7950320777176708,0,,,0,0,0,Taylor Bates
Mississippi / Alabama,3,AL,Houston County,Cowarts,36321,1632,40288,0.839139714525914,0,,,0,0,0,Taylor Bates
Mississippi / Alabama,3,AL,Geneva County,Geneva,36340,5490,37227,0.806631989199931,0,,,0,0,0,Taylor Bates
Mississippi / Alabama,3,AL,Houston County,Gordon,36343,1579,31333,0.7400267368004116,0,,,0,0,0,Taylor Bates
Mississippi / Alabama,3,AL,Geneva County,Hartford,36344,5732,31867,0.7463061349012376,0,,,0,0,0,Taylor Bates
Mississippi / Alabama,3,AL,Coffee County,Jack,36346,1456,40938,0.8458819004323138,0,,,0,0,0,Taylor Bates
Mississippi / Alabama,3,AL,Coffee County,New Brockton,36351,3146,38359,0.8188041966660885,0,,,0,0,0,Taylor Bates
Mississippi / Alabama,3,AL,Houston County,Newton,36352,4885,48529,0.9209734121958162,0,,,0,0,0,Taylor Bates
Mississippi / Alabama,3,AL,Henry County,Newville,36353,1968,38009,0.8150601185624534,0,,,0,0,0,Taylor Bates
Mississippi / Alabama,3,AL,Houston County,Pansey,36370,972,44018,0.8771251716945607,0,,,0,0,0,Taylor Bates
Mississippi / Alabama,3,AL,Henry County,Shorterville,36373,581,40541,0.841770399679291,0,,,0,0,0,Taylor Bates
Mississippi / Alabama,3,AL,Dale County,Skipperville,36374,970,57875,1.005754359037023,0,,,0,0,0,Taylor Bates
Mississippi / Alabama,3,AL,Houston County,Webb,36376,2445,32019,0.7480838922000014,0,,,0,0,0,Taylor Bates
Mississippi / Alabama,3,AL,Monroe County,Beatrice,36425,1008,34792,0.7798051855564961,0,,,0,0,0,Taylor Bates
Mississippi / Alabama,3,AL,Conecuh County,Castleberry,36432,2420,24239,0.6508842622530706,0,,,0,0,0,Taylor Bates
Mississippi / Alabama,3,AL,Wilcox County,Coy,36435,579,21429,0.611994295355069,0,,,0,0,0,Taylor Bates
Mississippi / Alabama,3,AL,Clarke County,Dickinson,36436,531,65402,1.0691581138263653,0,,,0,0,0,Taylor Bates
Mississippi / Alabama,3,AL,Escambia County,Flomaton,36441,3576,32653,0.7554538967005153,0,,,0,0,0,Taylor Bates
Mississippi / Alabama,3,AL,Covington County,Florala,36442,3555,29646,0.7198292227701849,0,,,0,0,0,Taylor Bates
Mississippi / Alabama,3,AL,Monroe County,Franklin,36444,702,25341,0.6655156857568015,0,,,0,0,0,Taylor Bates
Mississippi / Alabama,3,AL,Monroe County,Frisco City,36445,5050,31523,0.7422670676055986,0,,,0,0,0,Taylor Bates
Mississippi / Alabama,3,AL,Clarke County,Grove Hill,36451,4977,29934,0.723317210355336,0,,,0,0,0,Taylor Bates
Mississippi / Alabama,3,AL,Covington County,Kinston,36453,2198,34083,0.7718187570962265,0,,,0,0,0,Taylor Bates
Mississippi / Alabama,3,AL,Butler County,Mc Kenzie,36456,1820,34259,0.7738089749115308,0,,,0,0,0,Taylor Bates
Mississippi / Alabama,3,AL,Monroe County,Peterman,36471,1257,19564,0.5847567565957296,0,,,0,0,0,Taylor Bates
Mississippi / Alabama,3,AL,Conecuh County,Range,36473,106,18333,0.5660609432671156,0,,,0,0,0,Taylor Bates
Mississippi / Alabama,3,AL,Covington County,Red Level,36474,2926,33930,0.7700844453584903,0,,,0,0,0,Taylor Bates
Mississippi / Alabama,3,AL,Conecuh County,Repton,36475,2208,32625,0.755129925768696,0,,,0,0,0,Taylor Bates
Mississippi / Alabama,3,AL,Geneva County,Samson,36477,4946,25586,0.6687250921815454,0,,,0,0,0,Taylor Bates
Mississippi / Alabama,3,AL,Monroe County,Uriah,36480,1773,32574,0.7545394784352104,0,,,0,0,0,Taylor Bates
Mississippi / Alabama,3,AL,Monroe County,Vredenburgh,36481,593,17404,0.5515323091779223,0,,,0,0,0,Taylor Bates
Mississippi / Alabama,3,AL,Clarke County,Whatley,36482,1090,8986,0.5,0,,,0,0,0,Taylor Bates
Mississippi / Alabama,3,AL,Covington County,Wing,36483,536,36957,0.8037014955572648,0,,,0,0,0,Taylor Bates
Mississippi / Alabama,3,AL,Mobile County,Axis,36505,1481,32344,0.7518709159565081,0,,,0,0,0,Taylor Bates
Mississippi / Alabama,3,AL,Mobile County,Bayou La Batre,36509,1983,31449,0.7413953225857697,0,,,0,0,0,Taylor Bates
Mississippi / Alabama,3,AL,Baldwin County,Bon Secour,36511,764,28933,0.7111204287322406,0,,,0,0,0,Taylor Bates
Mississippi / Alabama,3,AL,Washington County,Chatom,36518,2842,33783,0.7684144587578836,0,,,0,0,0,Taylor Bates
Mississippi / Alabama,3,AL,Mobile County,Chunchula,36521,5431,48179,0.9176462882639731,0,,,0,0,0,Taylor Bates
Mississippi / Alabama,3,AL,Mobile County,Coden,36523,2818,47961,0.9155678547457538,0,,,0,0,0,Taylor Bates
Mississippi / Alabama,3,AL,Clarke County,Coffeeville,36524,1232,30777,0.7334315089950106,0,,,0,0,0,Taylor Bates
Mississippi / Alabama,3,AL,Mobile County,Creola,36525,1935,48919,0.9246666768961749,0,,,0,0,0,Taylor Bates
Mississippi / Alabama,3,AL,Mobile County,Dauphin Island,36528,1237,63542,1.053845296720974,0,,,0,0,0,Taylor Bates
Mississippi / Alabama,3,AL,Washington County,Deer Park,36529,478,83750,1.2098703378966185,0,,,0,0,0,Taylor Bates
Mississippi / Alabama,3,AL,Washington County,Frankville,36538,374,16447,0.5361542682784957,0,,,0,0,0,Taylor Bates
Mississippi / Alabama,3,AL,Washington County,Fruitdale,36539,802,41146,0.8480280789891187,0,,,0,0,0,Taylor Bates
Mississippi / Alabama,3,AL,Clarke County,Gainestown,36540,691,42917,0.8660861618367899,0,,,0,0,0,Taylor Bates
Mississippi / Alabama,3,AL,Washington County,Leroy,36548,1136,71184,1.1154179154862525,0,,,0,0,0,Taylor Bates
Mississippi / Alabama,3,AL,Baldwin County,Lillian,36549,4271,43598,0.8729305746116716,0,,,0,0,0,Taylor Bates
Mississippi / Alabama,3,AL,Baldwin County,Little River,36550,217,38750,0.822966723454357,0,,,0,0,0,Taylor Bates
Mississippi / Alabama,3,AL,Washington County,Mc Intosh,36553,3575,37939,0.8143092371756868,0,,,0,0,0,Taylor Bates
Mississippi / Alabama,3,AL,Baldwin County,Magnolia Springs,36555,654,47071,0.9070330958446209,0,1,1,0,0,0,Taylor Bates
Mississippi / Alabama,3,AL,Washington County,Millry,36558,3854,42500,0.8618682585700709,0,,,0,0,0,Taylor Bates
Mississippi / Alabama,3,AL,Mobile County,Mount Vernon,36560,3690,34342,0.7747457694977835,0,,,0,0,0,Taylor Bates
Mississippi / Alabama,3,AL,Baldwin County,Perdido,36562,1596,45673,0.8934622155518542,0,,,0,0,0,Taylor Bates
Mississippi / Alabama,3,AL,Washington County,Saint Stephens,36569,928,68750,1.0961822684446467,0,,,0,0,0,Taylor Bates
Mississippi / Alabama,3,AL,Baldwin County,Seminole,36574,1341,43536,0.8723096636672105,0,,,0,0,0,Taylor Bates
Mississippi / Alabama,3,AL,Baldwin County,Silverhill,36576,4143,59236,1.0175114001379757,0,,,0,0,0,Taylor Bates
Mississippi / Alabama,3,AL,Baldwin County,Stapleton,36578,1749,32065,0.7486210655734338,0,,,0,0,0,Taylor Bates
Mississippi / Alabama,3,AL,Baldwin County,Stockton,36579,1590,75417,1.148103518391397,0,,,0,0,0,Taylor Bates
Mississippi / Alabama,3,AL,Baldwin County,Summerdale,36580,5420,38024,0.8152209317356309,0,,,0,0,0,Taylor Bates
Mississippi / Alabama,3,AL,Washington County,Sunflower,36581,224,50673,0.9410977385879588,0,,,0,0,0,Taylor Bates
Mississippi / Alabama,3,AL,Washington County,Tibbie,36583,639,27689,0.6956648450861507,0,,,0,0,0,Taylor Bates
Mississippi / Alabama,3,AL,Washington County,Vinegar Bend,36584,772,24250,0.651031935729138,0,,,0,0,0,Taylor Bates
Mississippi / Alabama,3,AL,Washington County,Wagarville,36585,972,48322,0.9190071113659589,0,,,0,0,0,Taylor Bates
Mississippi / Alabama,3,AL,Mobile County,Mobile,36602,1057,20227,0.5945825493137137,0,,,0,0,0,Taylor Bates
Mississippi / Alabama,3,AL,Mobile County,Mobile,36603,7922,22298,0.6242799358436842,0,,,0,0,0,Taylor Bates
Mississippi / Alabama,3,AL,Mobile County,Mobile,36611,6106,30363,0.7284818926547842,0,,,0,0,0,Taylor Bates
Mississippi / Alabama,3,AL,Mobile County,Mobile,36612,4541,23750,0.6442853087286519,0,,,0,0,0,Taylor Bates
Mississippi / Alabama,3,AL,Wilcox County,Alberta,36720,784,15093,0.513610871201747,0,,,0,0,0,Taylor Bates
Mississippi / Alabama,3,AL,Wilcox County,Arlington,36722,472,25811,0.6716589975175355,0,,,0,0,0,Taylor Bates
Mississippi / Alabama,3,AL,Wilcox County,Camden,36726,4814,24309,0.6518234315902701,0,,,0,0,0,Taylor Bates
Mississippi / Alabama,3,AL,Clarke County,Campbell,36727,61,9083,0.5,0,,,0,0,0,Taylor Bates
Mississippi / Alabama,3,AL,Wilcox County,Catherine,36728,461,15781,0.5251866541482539,0,,,0,0,0,Taylor Bates
Mississippi / Alabama,3,AL,Marengo County,Dixons Mills,36736,1207,28333,0.7037083468352074,0,,,0,0,0,Taylor Bates
Mississippi / Alabama,3,AL,Marengo County,Faunsdale,36738,952,28519,0.706014414654208,0,,,0,0,0,Taylor Bates
Mississippi / Alabama,3,AL,Greene County,Forkland,36740,1328,27703,0.6958406924814158,0,,,0,0,0,Taylor Bates
Mississippi / Alabama,3,AL,Marengo County,Gallion,36742,2554,32156,0.7496826007572222,0,,,0,0,0,Taylor Bates
Mississippi / Alabama,3,AL,Marengo County,Linden,36748,3260,33822,0.7688578699390625,0,,,0,0,0,Taylor Bates
Mississippi / Alabama,3,AL,Autauga County,Jones,36749,1089,33889,0.7696190311802652,0,,,0,0,0,Taylor Bates
Mississippi / Alabama,3,AL,Chilton County,Maplesville,36750,2901,38165,0.8167310278343076,0,,,0,0,0,Taylor Bates
Mississippi / Alabama,3,AL,Monroe County,Lower Peach Tree,36751,945,13409,0.5,0,,,0,0,0,Taylor Bates
Mississippi / Alabama,3,AL,Lowndes County,Lowndesboro,36752,1644,41907,0.8558343383435608,0,,,0,0,0,Taylor Bates
Mississippi / Alabama,3,AL,Marengo County,Magnolia,36754,344,28500,0.7057791941197255,0,,,0,0,0,Taylor Bates
Mississippi / Alabama,3,AL,Perry County,Marion,36756,6165,30815,0.7338841489507509,0,,,0,0,0,Taylor Bates
Mississippi / Alabama,3,AL,Dallas County,Plantersville,36758,1412,33869,0.7693918977107985,0,,,0,0,0,Taylor Bates
Mississippi / Alabama,3,AL,Dallas County,Marion Junction,36759,1501,26907,0.6857709135114545,0,,,0,0,0,Taylor Bates
Mississippi / Alabama,3,AL,Dallas County,Minter,36761,1161,21250,0.6094328901243379,0,,,0,0,0,Taylor Bates
Mississippi / Alabama,3,AL,Hale County,Newbern,36765,1294,19167,0.5787932970254648,0,,,0,0,0,Taylor Bates
Mississippi / Alabama,3,AL,Dallas County,Orrville,36767,2012,14683,0.506586743543671,0,,,0,0,0,Taylor Bates
Mississippi / Alabama,3,AL,Wilcox County,Pine Apple,36768,1096,25703,0.6702523257180086,0,,,0,0,0,Taylor Bates
Mississippi / Alabama,3,AL,Wilcox County,Pine Hill,36769,3014,25388,0.6661325664491546,0,,,0,0,0,Taylor Bates
Mississippi / Alabama,3,AL,Dallas County,Safford,36773,512,23625,0.6425875842791088,0,,,0,0,0,Taylor Bates
Mississippi / Alabama,3,AL,Dallas County,Sardis,36775,800,20956,0.6052023648792679,0,,,0,0,0,Taylor Bates
Mississippi / Alabama,3,AL,Hale County,Sawyerville,36776,1489,25313,0.665147910422779,0,,,0,0,0,Taylor Bates
Mississippi / Alabama,3,AL,Marengo County,Sweet Water,36782,2405,37243,0.8068053140095808,0,,,0,0,0,Taylor Bates
Mississippi / Alabama,3,AL,Marengo County,Thomaston,36783,945,38750,0.822966723454357,0,,,0,0,0,Taylor Bates
Mississippi / Alabama,3,AL,Lowndes County,Tyler,36785,1165,36364,0.7972274540671177,0,,,0,0,0,Taylor Bates
Mississippi / Alabama,3,AL,Perry County,Uniontown,36786,3365,15625,0.52258439197817,0,,,0,0,0,Taylor Bates
Mississippi / Alabama,3,AL,Chilton County,Stanton,36790,139,63611,1.0544173246384554,0,,,0,0,0,Taylor Bates
Mississippi / Alabama,3,AL,Bibb County,Randolph,36792,1169,32574,0.7545394784352104,0,,,0,0,0,Taylor Bates
Mississippi / Alabama,3,AL,Bibb County,Lawley,36793,568,34155,0.7726335567499888,0,,,0,0,0,Taylor Bates
Mississippi / Alabama,3,AL,Tallapoosa County,Camp Hill,36850,2630,31282,0.7394242293198872,0,,,0,0,0,Taylor Bates
Mississippi / Alabama,3,AL,Lee County,Cusseta,36852,2129,42411,0.8609653588629336,0,,,0,0,0,Taylor Bates
Mississippi / Alabama,3,AL,Chambers County,Five Points,36855,1551,39125,0.8269392327341476,0,,,0,0,0,Taylor Bates
Mississippi / Alabama,3,AL,Russell County,Fort Mitchell,36856,3719,61215,1.0343686478509213,0,,,0,0,0,Taylor Bates
Mississippi / Alabama,3,AL,Russell County,Hatchechubbee,36858,441,71563,1.1183833444252478,0,,,0,0,0,Taylor Bates
Mississippi / Alabama,3,AL,Russell County,Hurtsboro,36860,1580,22339,0.6248536133569511,0,,,0,0,0,Taylor Bates
Mississippi / Alabama,3,AL,Tallapoosa County,Jacksons Gap,36861,3264,40417,0.8404820808600926,0,,,0,0,0,Taylor Bates
Mississippi / Alabama,3,AL,Chambers County,Lafayette,36862,6623,30795,0.7336459522067452,0,,,0,0,0,Taylor Bates
Mississippi / Alabama,3,AL,Macon County,Notasulga,36866,3955,36836,0.8023847272757849,0,,,0,0,0,Taylor Bates
Mississippi / Alabama,3,AL,Russell County,Pittsview,36871,1277,32321,0.7516035385997584,0,,,0,0,0,Taylor Bates
Mississippi / Alabama,3,AL,Russell County,Seale,36875,4622,51490,0.9486540549675994,0,,,0,0,0,Taylor Bates
Mississippi / Alabama,3,AL,Lee County,Waverly,36879,2114,48194,0.9177891266699102,0,,,0,0,0,Taylor Bates
Mississippi / Alabama,3,AL,Choctaw County,Butler,36904,4098,38116,0.8162065594212721,0,,,0,0,0,Taylor Bates
Mississippi / Alabama,3,AL,Sumter County,Cuba,36907,1930,26641,0.6823727617344106,0,,,0,0,0,Taylor Bates
Mississippi / Alabama,3,AL,Choctaw County,Gilbertown,36908,2417,43542,0.8723697711376466,0,,,0,0,0,Taylor Bates
Mississippi / Alabama,3,AL,Choctaw County,Lisman,36912,2017,32629,0.7551762158395889,0,,,0,0,0,Taylor Bates
Mississippi / Alabama,3,AL,Choctaw County,Melvin,36913,53,21591,0.6143032319391942,0,,,0,0,0,Taylor Bates
Mississippi / Alabama,3,AL,Choctaw County,Needham,36915,627,53295,0.9651385322811336,0,,,0,0,0,Taylor Bates
Mississippi / Alabama,3,AL,Choctaw County,Pennington,36916,709,41944,0.8562120662183167,0,,,0,0,0,Taylor Bates
Mississippi / Alabama,3,AL,Choctaw County,Silas,36919,2143,24942,0.6602555476453142,0,,,0,0,0,Taylor Bates
Mississippi / Alabama,3,AL,Choctaw County,Toxey,36921,1035,28364,0.7040932159791565,0,,,0,0,0,Taylor Bates
Mississippi / Alabama,3,AL,Choctaw County,Ward,36922,656,37000,0.8041689187468081,0,,,0,0,0,Taylor Bates
Mississippi / Alabama,3,AL,Sumter County,York,36925,3115,20938,0.6049423920116815,0,,,0,0,0,Taylor Bates
Mississippi / Alabama,3,MS,Lafayette County,Abbeville,38601,2371,61875,1.0399298096925613,0,,,0,0,0,Taylor Bates
Mississippi / Alabama,3,MS,Benton County,Ashland,38603,2894,34583,0.7774594626739184,0,,,0,0,0,Taylor Bates
Mississippi / Alabama,3,MS,Tippah County,Blue Mountain,38610,3542,47907,0.9150522838809874,0,,,0,0,0,Taylor Bates
Mississippi / Alabama,3,MS,Coahoma County,Coahoma,38617,734,23846,0.6455861300588326,0,,,0,0,0,Taylor Bates
Mississippi / Alabama,3,MS,Panola County,Como,38619,5004,30398,0.7289016391026929,0,,,0,0,0,Taylor Bates
Mississippi / Alabama,3,MS,Panola County,Courtland,38620,3375,37708,0.8118264010544722,0,,,0,0,0,Taylor Bates
Mississippi / Alabama,3,MS,Panola County,Crenshaw,38621,1910,19561,0.5847119207358299,0,,,0,0,0,Taylor Bates
Mississippi / Alabama,3,MS,Tippah County,Dumas,38625,1058,29298,0.7155918881849858,0,,,0,0,0,Taylor Bates
Mississippi / Alabama,3,MS,Tunica County,Dundee,38626,1353,32371,0.7521846724476934,0,,,0,0,0,Taylor Bates
Mississippi / Alabama,3,MS,Union County,Etta,38627,1120,60313,1.0267196810403425,0,,,0,0,0,Taylor Bates
Mississippi / Alabama,3,MS,Tippah County,Falkner,38629,1774,27153,0.6888986462374539,0,,,0,0,0,Taylor Bates
Mississippi / Alabama,3,MS,Benton County,Hickory Flat,38633,2590,30547,0.730685861455316,0,,,0,0,0,Taylor Bates
Mississippi / Alabama,3,MS,DeSoto County,Lake Cormorant,38641,2338,68333,1.0928527902045528,0,,,0,0,0,Taylor Bates
Mississippi / Alabama,3,MS,Benton County,Lamar,38642,2321,36111,0.7944492861326878,0,,,0,0,0,Taylor Bates
Mississippi / Alabama,3,MS,Quitman County,Lambert,38643,2619,18466,0.5681105274707561,0,,,0,0,0,Taylor Bates
Mississippi / Alabama,3,MS,Coahoma County,Lyon,38645,1329,26838,0.6848910575715926,0,,,0,0,0,Taylor Bates
Mississippi / Alabama,3,MS,Quitman County,Marks,38646,3073,27585,0.6943571559732368,0,,,0,0,0,Taylor Bates
Mississippi / Alabama,3,MS,Benton County,Michigan City,38647,1143,16157,0.5314064042348093,0,,,0,0,0,Taylor Bates
Mississippi / Alabama,3,MS,Union County,Myrtle,38650,3881,35625,0.789085127578363,0,,,0,0,0,Taylor Bates
Mississippi / Alabama,3,MS,Panola County,Pope,38658,2074,30523,0.7303987644160592,0,,,0,0,0,Taylor Bates
Mississippi / Alabama,3,MS,Marshall County,Potts Camp,38659,2841,33726,0.7677659356121934,0,,,0,0,0,Taylor Bates
Mississippi / Alabama,3,MS,Marshall County,Red Banks,38661,2039,42853,0.8654401451696925,0,,,0,0,0,Taylor Bates
Mississippi / Alabama,3,MS,Tunica County,Robinsonville,38664,3279,33378,0.7637945878105522,0,,,0,0,0,Taylor Bates
Mississippi / Alabama,3,MS,Tate County,Sarah,38665,2683,42731,0.8642073382187857,0,,,0,0,0,Taylor Bates
Mississippi / Alabama,3,MS,Panola County,Sardis,38666,6915,29316,0.7158116758189941,0,,,0,0,0,Taylor Bates
Mississippi / Alabama,3,MS,Quitman County,Sledge,38670,1226,27578,0.6942690499648553,0,,,0,0,0,Taylor Bates
Mississippi / Alabama,3,MS,Lafayette County,Taylor,38673,746,30000,0.724114174518944,0,,,0,0,0,Taylor Bates
Mississippi / Alabama,3,MS,Tippah County,Tiplersville,38674,898,20827,0.6033367506651487,0,,,0,0,0,Taylor Bates
Mississippi / Alabama,3,MS,Tunica County,Tunica,38676,6375,28816,0.7096811487866523,0,,,0,0,0,Taylor Bates
Mississippi / Alabama,3,MS,Tippah County,Walnut,38683,5637,27515,0.6934755921659034,0,,,0,0,0,Taylor Bates
Mississippi / Alabama,3,MS,Marshall County,Waterford,38685,1347,27102,0.688251381773869,0,,,0,0,0,Taylor Bates
Mississippi / Alabama,3,MS,Coahoma County,Alligator,38720,597,38000,0.8149636154269212,0,,,0,0,0,Taylor Bates
Mississippi / Alabama,3,MS,Sharkey County,Anguilla,38721,1230,55536,0.9852211347828987,0,,,0,0,0,Taylor Bates
Mississippi / Alabama,3,MS,Bolivar County,Benoit,38725,998,24583,0.6554866666745665,0,,,0,0,0,Taylor Bates
Mississippi / Alabama,3,MS,Bolivar County,Beulah,38726,532,30000,0.724114174518944,0,,,0,0,0,Taylor Bates
Mississippi / Alabama,3,MS,Bolivar County,Boyle,38730,1718,36607,0.7998867284522392,0,,,0,0,0,Taylor Bates
Mississippi / Alabama,3,MS,Sunflower County,Doddsville,38736,440,27500,0.6932865397950408,0,,,0,0,0,Taylor Bates
Mississippi / Alabama,3,MS,Sunflower County,Drew,38737,2932,25857,0.6722572416846553,0,,,0,0,0,Taylor Bates
Mississippi / Alabama,3,MS,Bolivar County,Duncan,38740,466,30750,0.7331097265639932,0,,,0,0,0,Taylor Bates
Mississippi / Alabama,3,MS,Washington County,Glen Allan,38744,682,36917,0.803266439095604,0,,,0,0,0,Taylor Bates
Mississippi / Alabama,3,MS,Bolivar County,Gunnison,38746,616,25833,0.6719451807456243,0,,,0,0,0,Taylor Bates
Mississippi / Alabama,3,MS,Washington County,Hollandale,38748,3901,28003,0.6995982294791839,0,,,0,0,0,Taylor Bates
Mississippi / Alabama,3,MS,Sunflower County,Inverness,38753,1456,29833,0.7220959107296642,0,,,0,0,0,Taylor Bates
Mississippi / Alabama,3,MS,Humphreys County,Isola,38754,1532,22689,0.629729587785262,0,,,0,0,0,Taylor Bates
Mississippi / Alabama,3,MS,Washington County,Leland,38756,6462,30185,0.7263434284060425,0,,,0,0,0,Taylor Bates
Mississippi / Alabama,3,MS,Bolivar County,Merigold,38759,1194,41014,0.8466667117986406,0,,,0,0,0,Taylor Bates
Mississippi / Alabama,3,MS,Sunflower County,Moorhead,38761,2870,19885,0.5895344915254469,0,,,0,0,0,Taylor Bates
Mississippi / Alabama,3,MS,Bolivar County,Mound Bayou,38762,2294,28077,0.7005219896549755,0,,,0,0,0,Taylor Bates
Mississippi / Alabama,3,MS,Bolivar County,Rosedale,38769,2216,18671,0.5712552586754182,0,,,0,0,0,Taylor Bates
Mississippi / Alabama,3,MS,Sunflower County,Ruleville,38771,3260,25265,0.6645169648695257,0,,,0,0,0,Taylor Bates
Mississippi / Alabama,3,MS,Bolivar County,Shaw,38773,3375,22340,0.624867598911825,0,,,0,0,0,Taylor Bates
Mississippi / Alabama,3,MS,Bolivar County,Shelby,38774,2522,18750,0.572462519373131,0,,,0,0,0,Taylor Bates
Mississippi / Alabama,3,MS,Sunflower County,Sunflower,38778,1686,22188,0.6227381900862918,0,,,0,0,0,Taylor Bates
Mississippi / Alabama,3,MS,Lee County,Belden,38826,4703,40135,0.8375448165156072,0,,,0,0,0,Taylor Bates
Mississippi / Alabama,3,MS,Tishomingo County,Belmont,38827,2733,33479,0.7649493152310247,0,,,0,0,0,Taylor Bates
Mississippi / Alabama,3,MS,Union County,Blue Springs,38828,3970,31773,0.7452046100230738,0,,,0,0,0,Taylor Bates
Mississippi / Alabama,3,MS,Tishomingo County,Burnsville,38833,2370,28741,0.7087569961550958,0,,,0,0,0,Taylor Bates
Mississippi / Alabama,3,MS,Tishomingo County,Dennis,38838,1629,32679,0.7557546024996254,0,,,0,0,0,Taylor Bates
Mississippi / Alabama,3,MS,Pontotoc County,Ecru,38841,2775,37651,0.8112125842880843,0,,,0,0,0,Taylor Bates
Mississippi / Alabama,3,MS,Monroe County,Gattman,38844,131,36071,0.7940091601821007,0,,,0,0,0,Taylor Bates
Mississippi / Alabama,3,MS,Alcorn County,Glen,38846,2446,32500,0.7536819284137856,0,,,0,0,0,Taylor Bates
Mississippi / Alabama,3,MS,Itawamba County,Golden,38847,3501,34297,0.7742380094958551,0,,,0,0,0,Taylor Bates
Mississippi / Alabama,3,MS,Monroe County,Greenwood Springs,38848,848,48882,0.9243169238482744,0,,,0,0,0,Taylor Bates
Mississippi / Alabama,3,MS,Lee County,Guntown,38849,5702,41755,0.8542808390161176,0,,,0,0,0,Taylor Bates
Mississippi / Alabama,3,MS,Chickasaw County,Houlka,38850,3141,29821,0.7219506685067945,0,,,0,0,0,Taylor Bates
Mississippi / Alabama,3,MS,Itawamba County,Mantachie,38855,4602,33403,0.7640805739471944,0,,,0,0,0,Taylor Bates
Mississippi / Alabama,3,MS,Itawamba County,Marietta,38856,1788,38500,0.8203076963953057,0,,,0,0,0,Taylor Bates
Mississippi / Alabama,3,MS,Lee County,Mooreville,38857,3252,40329,0.8395665907614929,0,,,0,0,0,Taylor Bates
Mississippi / Alabama,3,MS,Prentiss County,New Site,38859,749,31750,0.7449348399518184,0,,,0,0,0,Taylor Bates
Mississippi / Alabama,3,MS,Chickasaw County,Okolona,38860,5663,26235,0.6771532321808525,0,,,0,0,0,Taylor Bates
Mississippi / Alabama,3,MS,Lee County,Plantersville,38862,2731,32537,0.7541108253217169,0,,,0,0,0,Taylor Bates
Mississippi / Alabama,3,MS,Pontotoc County,Randolph,38864,1701,40532,0.8416769590376771,0,,,0,0,0,Taylor Bates
Mississippi / Alabama,3,MS,Alcorn County,Rienzi,38865,4698,27192,0.6893932031336382,0,,,0,0,0,Taylor Bates
Mississippi / Alabama,3,MS,Lee County,Shannon,38868,5481,38963,0.8252254548977199,0,,,0,0,0,Taylor Bates
Mississippi / Alabama,3,MS,Monroe County,Smithville,38870,3122,53443,0.966477696117864,0,,,0,0,0,Taylor Bates
Mississippi / Alabama,3,MS,Pontotoc County,Thaxton,38871,1640,43750,0.8744509425174988,0,,,0,0,0,Taylor Bates
Mississippi / Alabama,3,MS,Tishomingo County,Tishomingo,38873,2719,37542,0.8100374991609336,0,,,0,0,0,Taylor Bates
Mississippi / Alabama,3,MS,Itawamba County,Tremont,38876,1322,35543,0.7881764643205696,0,,,0,0,0,Taylor Bates
Mississippi / Alabama,3,MS,Calhoun County,Vardaman,38878,2864,28576,0.7067196065210223,0,,,0,0,0,Taylor Bates
Mississippi / Alabama,3,MS,Calhoun County,Banner,38913,396,73750,1.1353439076372382,0,,,0,0,0,Taylor Bates
Mississippi / Alabama,3,MS,Calhoun County,Big Creek,38914,552,36875,0.8028093760691244,0,,,0,0,0,Taylor Bates
Mississippi / Alabama,3,MS,Calhoun County,Bruce,38915,4046,32782,0.7569446860849686,0,,,0,0,0,Taylor Bates
Mississippi / Alabama,3,MS,Calhoun County,Calhoun City,38916,5049,25828,0.6718801498067294,0,,,0,0,0,Taylor Bates
Mississippi / Alabama,3,MS,Carroll County,Carrollton,38917,3258,32245,0.7507193535847727,0,,,0,0,0,Taylor Bates
Mississippi / Alabama,3,MS,Tallahatchie County,Cascilla,38920,804,27083,0.6880100883463883,0,,,0,0,0,Taylor Bates
Mississippi / Alabama,3,MS,Tallahatchie County,Charleston,38921,5061,28074,0.7004845636103566,0,,,0,0,0,Taylor Bates
Mississippi / Alabama,3,MS,Yalobusha County,Coffeeville,38922,3451,29665,0.7200598536241021,0,,,0,0,0,Taylor Bates
Mississippi / Alabama,3,MS,Carroll County,Coila,38923,1293,23462,0.6403669902495579,0,,,0,0,0,Taylor Bates
Mississippi / Alabama,3,MS,Holmes County,Cruger,38924,771,14375,0.5012453401280236,0,,,0,0,0,Taylor Bates
Mississippi / Alabama,3,MS,Montgomery County,Duck Hill,38925,2363,30000,0.724114174518944,0,,,0,0,0,Taylor Bates
Mississippi / Alabama,3,MS,Tallahatchie County,Enid,38927,1186,40972,0.8462330902269701,0,,,0,0,0,Taylor Bates
Mississippi / Alabama,3,MS,Tallahatchie County,Glendora,38928,497,28750,0.708867958085366,0,,,0,0,0,Taylor Bates
Mississippi / Alabama,3,MS,Grenada County,Gore Springs,38929,1317,23288,0.6379880112058453,0,,,0,0,0,Taylor Bates
Mississippi / Alabama,3,MS,Grenada County,Holcomb,38940,2141,38333,0.8185266540062238,0,,,0,0,0,Taylor Bates
Mississippi / Alabama,3,MS,Leflore County,Itta Bena,38941,5282,24103,0.6490557054554763,0,,,0,0,0,Taylor Bates
Mississippi / Alabama,3,MS,Carroll County,Mc Carley,38943,526,42955,0.8664695063414822,0,,,0,0,0,Taylor Bates
Mississippi / Alabama,3,MS,Leflore County,Minter City,38944,504,23750,0.6442853087286519,0,,,0,0,0,Taylor Bates
Mississippi / Alabama,3,MS,Yalobusha County,Oakland,38948,2288,29279,0.7153598168676504,0,,,0,0,0,Taylor Bates
Mississippi / Alabama,3,MS,Lafayette County,Paris,38949,297,18676,0.571331743199409,0,,,0,0,0,Taylor Bates
Mississippi / Alabama,3,MS,Tallahatchie County,Philipp,38950,334,33917,0.7699369054691473,0,,,0,0,0,Taylor Bates
Mississippi / Alabama,3,MS,Calhoun County,Pittsboro,38951,1316,28357,0.7040063284344339,0,,,0,0,0,Taylor Bates
Mississippi / Alabama,3,MS,Leflore County,Schlater,38952,611,35000,0.7821327001831554,0,,,0,0,0,Taylor Bates
Mississippi / Alabama,3,MS,Tallahatchie County,Scobey,38953,798,61627,1.0378436558694966,0,,,0,0,0,Taylor Bates
Mississippi / Alabama,3,MS,Leflore County,Sidon,38954,1514,16470,0.5365290247683243,0,,,0,0,0,Taylor Bates
Mississippi / Alabama,3,MS,Yalobusha County,Tillatoba,38961,803,29338,0.7160802135374259,0,,,0,0,0,Taylor Bates
Mississippi / Alabama,3,MS,Tallahatchie County,Tutwiler,38963,4015,29940,0.7233896979248275,0,,,0,0,0,Taylor Bates
Mississippi / Alabama,3,MS,Quitman County,Vance,38964,104,80000,1.182473495392041,0,,,0,0,0,Taylor Bates
Mississippi / Alabama,3,MS,Humphreys County,Belzoni,39038,6258,22744,0.6304923839228496,0,,,0,0,0,Taylor Bates
Mississippi / Alabama,3,MS,Yazoo County,Benton,39039,2193,30903,0.734931297472902,0,,,0,0,0,Taylor Bates
Mississippi / Alabama,3,MS,Yazoo County,Bentonia,39040,3295,32813,0.7573025004412716,0,,,0,0,0,Taylor Bates
Mississippi / Alabama,3,MS,Hinds County,Bolton,39041,3404,35547,0.7882208136602581,0,,,0,0,0,Taylor Bates
Mississippi / Alabama,3,MS,Simpson County,Braxton,39044,3872,63190,1.0509222795834035,0,,,0,0,0,Taylor Bates
Mississippi / Alabama,3,MS,Madison County,Camden,39045,1353,27069,0.6878322390249869,0,,,0,0,0,Taylor Bates
Mississippi / Alabama,3,MS,Sharkey County,Cary,39054,341,56165,0.990784726603532,0,,,0,0,0,Taylor Bates
Mississippi / Alabama,3,MS,Newton County,Conehatta,39057,2291,31486,0.7418313231469374,0,,,0,0,0,Taylor Bates
Mississippi / Alabama,3,MS,Holmes County,Durant,39063,3620,24348,0.6523460965692802,0,,,0,0,0,Taylor Bates
Mississippi / Alabama,3,MS,Hinds County,Edwards,39066,4338,38234,0.8174689944603923,0,,,0,0,0,Taylor Bates
Mississippi / Alabama,3,MS,Attala County,Ethel,39067,1434,29330,0.7159825751113466,0,,,0,0,0,Taylor Bates
Mississippi / Alabama,3,MS,Jefferson County,Fayette,39069,5409,23207,0.6368775241995072,0,,,0,0,0,Taylor Bates
Mississippi / Alabama,3,MS,Madison County,Flora,39071,5346,39974,0.8358632391085049,0,,,0,0,0,Taylor Bates
Mississippi / Alabama,3,MS,Copiah County,Georgetown,39078,755,22379,0.625412791609582,0,,,0,0,0,Taylor Bates
Mississippi / Alabama,3,MS,Holmes County,Goodman,39079,2037,21776,0.6169294116998568,0,,,0,0,0,Taylor Bates
Mississippi / Alabama,3,MS,Simpson County,Harrisville,39082,1312,28482,0.7055562812771533,0,,,0,0,0,Taylor Bates
Mississippi / Alabama,3,MS,Claiborne County,Hermanville,39086,1635,31842,0.7460133349186472,0,,,0,0,0,Taylor Bates
Mississippi / Alabama,3,MS,Scott County,Lake,39092,2934,35000,0.7821327001831554,0,,,0,0,0,Taylor Bates
Mississippi / Alabama,3,MS,Leake County,Lena,39094,3956,31284,0.7394478663127588,0,,,0,0,0,Taylor Bates
Mississippi / Alabama,3,MS,Holmes County,Lexington,39095,7324,25864,0.6723482321755596,0,,,0,0,0,Taylor Bates
Mississippi / Alabama,3,MS,Claiborne County,Lorman,39096,2338,26818,0.6846358154885767,0,,,0,0,0,Taylor Bates
Mississippi / Alabama,3,MS,Humphreys County,Louise,39097,873,26838,0.6848910575715926,0,,,0,0,0,Taylor Bates
Mississippi / Alabama,3,MS,Attala County,Mc Cool,39108,1974,31538,0.7424436479091757,0,,,0,0,0,Taylor Bates
Mississippi / Alabama,3,MS,Smith County,Mize,39116,2538,35221,0.7845981191351867,0,,,0,0,0,Taylor Bates
Mississippi / Alabama,3,MS,Covington County,Mount Olive,39119,5506,28482,0.7055562812771533,0,,,0,0,0,Taylor Bates
Mississippi / Alabama,3,MS,Lawrence County,Newhebron,39140,2250,39891,0.8349950160281694,0,,,0,0,0,Taylor Bates
Mississippi / Alabama,3,MS,Claiborne County,Pattison,39144,867,19583,0.5850406372480396,0,,,0,0,0,Taylor Bates
Mississippi / Alabama,3,MS,Rankin County,Pelahatchie,39145,5170,41800,0.8547410507964917,0,,,0,0,0,Taylor Bates
Mississippi / Alabama,3,MS,Holmes County,Pickens,39146,2841,23850,0.6456402740711774,0,,,0,0,0,Taylor Bates
Mississippi / Alabama,3,MS,Simpson County,Pinola,39149,1649,29934,0.723317210355336,0,,,0,0,0,Taylor Bates
Mississippi / Alabama,3,MS,Claiborne County,Port Gibson,39150,5914,24875,0.659368151497171,0,,,0,0,0,Taylor Bates
Mississippi / Alabama,3,MS,Smith County,Pulaski,39152,1284,24787,0.6582007986053808,0,,,0,0,0,Taylor Bates
Mississippi / Alabama,3,MS,Smith County,Raleigh,39153,3724,38311,0.818291736691515,0,,,0,0,0,Taylor Bates
Mississippi / Alabama,3,MS,Warren County,Redwood,39156,513,57625,1.0035797524731884,0,,,0,0,0,Taylor Bates
Mississippi / Alabama,3,MS,Sharkey County,Rolling Fork,39159,3334,27852,0.6977094652913355,0,,,0,0,0,Taylor Bates
Mississippi / Alabama,3,MS,Attala County,Sallis,39160,2889,20924,0.6047401136261235,0,,,0,0,0,Taylor Bates
Mississippi / Alabama,3,MS,Yazoo County,Satartia,39162,205,23750,0.6442853087286519,0,,,0,0,0,Taylor Bates
Mississippi / Alabama,3,MS,Humphreys County,Silver City,39166,613,37708,0.8118264010544722,0,,,0,0,0,Taylor Bates
Mississippi / Alabama,3,MS,Holmes County,Tchula,39169,2957,15909,0.5273122522785955,0,,,0,0,0,Taylor Bates
Mississippi / Alabama,3,MS,Hinds County,Utica,39175,4843,28995,0.711881944513967,0,,,0,0,0,Taylor Bates
Mississippi / Alabama,3,MS,Carroll County,Vaiden,39176,2106,25845,0.6721012293266285,0,,,0,0,0,Taylor Bates
Mississippi / Alabama,3,MS,Yazoo County,Vaughan,39179,1228,21607,0.6145308043413287,0,,,0,0,0,Taylor Bates
Mississippi / Alabama,3,MS,Leake County,Walnut Grove,39189,5263,38550,0.8208401908988975,0,,,0,0,0,Taylor Bates
Mississippi / Alabama,3,MS,Attala County,West,39192,1733,21766,0.6167877419132277,0,,,0,0,0,Taylor Bates
Mississippi / Alabama,3,MS,Hinds County,Jackson,39203,7091,20029,0.591665239066244,0,,,0,0,0,Taylor Bates
Mississippi / Alabama,3,MS,Hinds County,Jackson,39216,3454,48250,0.9183221937482671,0,44,12,0,0,0,Taylor Bates
Mississippi / Alabama,3,MS,Lauderdale County,Bailey,39320,1828,58750,1.0133287323170936,0,,,0,0,0,Taylor Bates
Mississippi / Alabama,3,MS,Wayne County,Buckatunna,39322,1882,31667,0.7439605084095275,0,,,0,0,0,Taylor Bates
Mississippi / Alabama,3,MS,Newton County,Chunky,39323,1290,42384,0.8606912582093621,0,,,0,0,0,Taylor Bates
Mississippi / Alabama,3,MS,Lauderdale County,Daleville,39326,720,19602,0.5853243802190603,0,,,0,0,0,Taylor Bates
Mississippi / Alabama,3,MS,Newton County,Decatur,39327,4190,54444,0.9754868834224241,0,,,0,0,0,Taylor Bates
Mississippi / Alabama,3,MS,Kemper County,De Kalb,39328,4806,30533,0.7305184018944485,0,,,0,0,0,Taylor Bates
Mississippi / Alabama,3,MS,Clarke County,Enterprise,39330,2746,40887,0.8453548421845267,0,,,0,0,0,Taylor Bates
Mississippi / Alabama,3,MS,Newton County,Hickory,39332,1923,39167,0.8273829660488399,0,,,0,0,0,Taylor Bates
Mississippi / Alabama,3,MS,Lauderdale County,Lauderdale,39335,3160,30119,0.7255489129242889,0,,,0,0,0,Taylor Bates
Mississippi / Alabama,3,MS,Newton County,Lawrence,39336,1235,40448,0.8408043456293751,0,,,0,0,0,Taylor Bates
Mississippi / Alabama,3,MS,Newton County,Little Rock,39337,1808,33765,0.7682097211214707,0,,,0,0,0,Taylor Bates
Mississippi / Alabama,3,MS,Jasper County,Louin,39338,3319,24851,0.6590499875871365,0,,,0,0,0,Taylor Bates
Mississippi / Alabama,3,MS,Noxubee County,Macon,39341,7156,23750,0.6442853087286519,0,,,0,0,0,Taylor Bates
Mississippi / Alabama,3,MS,Lauderdale County,Marion,39342,1287,38883,0.8243778307571378,0,,,0,0,0,Taylor Bates
Mississippi / Alabama,3,MS,Winston County,Noxapater,39346,2241,38125,0.8163029156162755,0,,,0,0,0,Taylor Bates
Mississippi / Alabama,3,MS,Jasper County,Pachuta,39347,1497,19938,0.5903196194109651,0,,,0,0,0,Taylor Bates
Mississippi / Alabama,3,MS,Jasper County,Paulding,39348,838,23750,0.6442853087286519,0,,,0,0,0,Taylor Bates
Mississippi / Alabama,3,MS,Kemper County,Porterville,39352,812,19612,0.5854736633912239,0,,,0,0,0,Taylor Bates
Mississippi / Alabama,3,MS,Kemper County,Preston,39354,2094,27563,0.6940802137146924,0,,,0,0,0,Taylor Bates
Mississippi / Alabama,3,MS,Jasper County,Rose Hill,39356,659,41354,0.850168839718892,0,,,0,0,0,Taylor Bates
Mississippi / Alabama,3,MS,Kemper County,Scooba,39358,1679,18625,0.5705511199823542,0,,,0,0,0,Taylor Bates
Mississippi / Alabama,3,MS,Clarke County,Shubuta,39360,3830,27202,0.6895199554565269,0,,,0,0,0,Taylor Bates
Mississippi / Alabama,3,MS,Noxubee County,Shuqualak,39361,1468,21468,0.612550945869981,0,,,0,0,0,Taylor Bates
Mississippi / Alabama,3,MS,Wayne County,State Line,39362,2866,22452,0.6264320052200845,0,,,0,0,0,Taylor Bates
Mississippi / Alabama,3,MS,Clarke County,Stonewall,39363,1773,27535,0.6937275818516059,0,,,0,0,0,Taylor Bates
Mississippi / Alabama,3,MS,Lauderdale County,Toomsuba,39364,2985,46574,0.9022319262781587,0,,,0,0,0,Taylor Bates
Mississippi / Alabama,3,MS,Jasper County,Vossburg,39366,1380,21964,0.6195867747164213,0,,,0,0,0,Taylor Bates
Mississippi / Alabama,3,MS,Jefferson Davis County,Bassfield,39421,2936,26576,0.6815398103255684,0,,,0,0,0,Taylor Bates
Mississippi / Alabama,3,MS,Jasper County,Bay Springs,39422,5146,29595,0.7192097953168962,0,,,0,0,0,Taylor Bates
Mississippi / Alabama,3,MS,Perry County,Beaumont,39423,2690,32386,0.7523589250710817,0,,,0,0,0,Taylor Bates
Mississippi / Alabama,3,MS,Forrest County,Brooklyn,39425,1754,53375,0.965862635192544,0,,,0,0,0,Taylor Bates
Mississippi / Alabama,3,MS,Jefferson Davis County,Carson,39427,1314,25192,0.6635562518311774,0,,,0,0,0,Taylor Bates
Mississippi / Alabama,3,MS,Jasper County,Heidelberg,39439,4573,33489,0.7650635498560407,0,,,0,0,0,Taylor Bates
Mississippi / Alabama,3,MS,Greene County,Mc Lain,39456,1292,21455,0.6123654519210906,0,,,0,0,0,Taylor Bates
Mississippi / Alabama,3,MS,Jones County,Moselle,39459,3677,42264,0.8594719754634573,0,,,0,0,0,Taylor Bates
Mississippi / Alabama,3,MS,Greene County,Neely,39461,582,31827,0.7458375997545124,0,,,0,0,0,Taylor Bates
Mississippi / Alabama,3,MS,Perry County,New Augusta,39462,1122,32292,0.7512662749934476,0,,,0,0,0,Taylor Bates
Mississippi / Alabama,3,MS,Jones County,Ovett,39464,2482,43125,0.8681823961588798,0,,,0,0,0,Taylor Bates
Mississippi / Alabama,3,MS,Jefferson Davis County,Prentiss,39474,6050,25592,0.6688034966870047,0,,,0,0,0,Taylor Bates
Mississippi / Alabama,3,MS,Marion County,Sandy Hook,39478,2201,36964,0.8037776062276949,0,,,0,0,0,Taylor Bates
Mississippi / Alabama,3,MS,Covington County,Seminary,39479,5796,41793,0.8546694785731801,0,,,0,0,0,Taylor Bates
Mississippi / Alabama,3,MS,Jones County,Soso,39480,2770,44357,0.8804962373211291,0,,,0,0,0,Taylor Bates
Mississippi / Alabama,3,MS,Jasper County,Stringer,39481,1867,41563,0.8523144767916069,0,,,0,0,0,Taylor Bates
Mississippi / Alabama,3,MS,Marion County,Foxworth,39483,6447,27726,0.6961294881978614,0,,,0,0,0,Taylor Bates
Mississippi / Alabama,3,MS,Stone County,Mc Henry,39561,1852,60278,1.0264217319771085,0,,,0,0,0,Taylor Bates
Mississippi / Alabama,3,MS,Hancock County,Pearlington,39572,1414,36429,0.7979396508613752,0,,,0,0,0,Taylor Bates
Mississippi / Alabama,3,MS,Hancock County,Waveland,39576,5809,31948,0.7472540187935561,0,,,0,0,0,Taylor Bates
Mississippi / Alabama,3,MS,Franklin County,Bude,39630,1115,26750,0.683767279721324,0,,,0,0,0,Taylor Bates
Mississippi / Alabama,3,MS,Wilkinson County,Centreville,39631,3732,30230,0.7268846455905178,0,,,0,0,0,Taylor Bates
Mississippi / Alabama,3,MS,Wilkinson County,Crosby,39633,1094,37135,0.8056346479007944,0,,,0,0,0,Taylor Bates
Mississippi / Alabama,3,MS,Amite County,Gloster,39638,3333,20949,0.605101277591875,0,,,0,0,0,Taylor Bates
Mississippi / Alabama,3,MS,Walthall County,Jayess,39641,4569,35591,0.7887084918074971,0,,,0,0,0,Taylor Bates
Mississippi / Alabama,3,MS,Marion County,Kokomo,39643,1102,35607,0.788885754569518,0,,,0,0,0,Taylor Bates
Mississippi / Alabama,3,MS,Amite County,Liberty,39645,5016,32093,0.7489478520356808,0,,,0,0,0,Taylor Bates
Mississippi / Alabama,3,MS,Franklin County,Mc Call Creek,39647,1023,85179,1.2201484992586178,0,,,0,0,0,Taylor Bates
Mississippi / Alabama,3,MS,Franklin County,Meadville,39653,2799,34785,0.7797267348941309,0,,,0,0,0,Taylor Bates
Mississippi / Alabama,3,MS,Lawrence County,Monticello,39654,5635,36055,0.7938330414763699,0,,,0,0,0,Taylor Bates
Mississippi / Alabama,3,MS,Jefferson Davis County,Oak Vale,39656,803,43616,0.8731107563731572,0,,,0,0,0,Taylor Bates
Mississippi / Alabama,3,MS,Pike County,Osyka,39657,2351,31563,0.7427378551248527,0,,,0,0,0,Taylor Bates
Mississippi / Alabama,3,MS,Franklin County,Roxie,39661,2997,29263,0.7151643299798007,0,,,0,0,0,Taylor Bates
Mississippi / Alabama,3,MS,Lincoln County,Ruth,39662,1318,37885,0.8137295123944556,0,,,0,0,0,Taylor Bates
Mississippi / Alabama,3,MS,Lawrence County,Silver Creek,39663,3080,33672,0.7671510395473216,0,,,0,0,0,Taylor Bates
Mississippi / Alabama,3,MS,Amite County,Smithdale,39664,2256,30139,0.7257897670382544,0,,,0,0,0,Taylor Bates
Mississippi / Alabama,3,MS,Lawrence County,Sontag,39665,1196,42614,0.8630234018924491,0,,,0,0,0,Taylor Bates
Mississippi / Alabama,3,MS,Jefferson County,Union Church,39668,681,53828,0.969952671144808,0,,,0,0,0,Taylor Bates
Mississippi / Alabama,3,MS,Lowndes County,Columbus,39705,13667,47457,0.9107445098213451,1,6,5,1,0,0,Taylor Bates
Mississippi / Alabama,3,MS,Choctaw County,Ackerman,39735,3916,30292,0.7276296631940686,0,,,0,0,0,Taylor Bates
Mississippi / Alabama,3,MS,Webster County,Bellefontaine,39737,285,55938,0.9887804904773398,0,,,0,0,0,Taylor Bates
Mississippi / Alabama,3,MS,Noxubee County,Brooksville,39739,2957,32016,0.748048845754961,0,,,0,0,0,Taylor Bates
Mississippi / Alabama,3,MS,Lowndes County,Caledonia,39740,5038,54756,0.9782779817831341,0,,,0,0,0,Taylor Bates
Mississippi / Alabama,3,MS,Clay County,Cedarbluff,39741,1560,36250,0.7959768315943179,0,,,0,0,0,Taylor Bates
Mississippi / Alabama,3,MS,Lowndes County,Crawford,39743,2067,27623,0.6948352507938207,0,,,0,0,0,Taylor Bates
Mississippi / Alabama,3,MS,Webster County,Eupora,39744,6008,28430,0.7049119148736936,0,,,0,0,0,Taylor Bates
Mississippi / Alabama,3,MS,Choctaw County,French Camp,39745,810,44063,0.877573403668788,0,,,0,0,0,Taylor Bates
Mississippi / Alabama,3,MS,Monroe County,Hamilton,39746,3183,47059,0.9069174716711447,0,,,0,0,0,Taylor Bates
Mississippi / Alabama,3,MS,Montgomery County,Kilmichael,39747,1999,31842,0.7460133349186472,0,,,0,0,0,Taylor Bates
Mississippi / Alabama,3,MS,Webster County,Maben,39750,2781,35635,0.7891958685974443,0,,,0,0,0,Taylor Bates
Mississippi / Alabama,3,MS,Webster County,Mantee,39751,1309,29899,0.7228942213322289,0,,,0,0,0,Taylor Bates
Mississippi / Alabama,3,MS,Webster County,Mathiston,39752,2473,38897,0.8245262278836996,0,,,0,0,0,Taylor Bates
Mississippi / Alabama,3,MS,Clay County,Pheba,39755,1051,32292,0.7512662749934476,0,,,0,0,0,Taylor Bates
Mississippi / Alabama,3,MS,Clay County,Prairie,39756,1943,43424,0.8711868963276339,0,,,0,0,0,Taylor Bates
Mississippi / Alabama,3,MS,Lowndes County,Steens,39766,2630,46892,0.9053068358162514,0,,,0,0,0,Taylor Bates
Mississippi / Alabama,3,MS,Webster County,Stewart,39767,861,26375,0.6789576025760068,0,,,0,0,0,Taylor Bates
Mississippi / Alabama,3,MS,Oktibbeha County,Sturgis,39769,1923,40875,0.8452307807159714,0,,,0,0,0,Taylor Bates
Mississippi / Alabama,3,MS,Webster County,Walthall,39771,127,54583,0.9767313386634965,0,,,0,0,0,Taylor Bates
Mississippi / Alabama,3,MS,Choctaw County,Weir,39772,1793,26928,0.6860384717745444,0,,,0,0,0,Taylor Bates
Mississippi / Alabama,3,MS,Chickasaw County,Woodland,39776,1674,33606,0.7663988299413756,0,,,0,0,0,Taylor Bates
